b40a b40a bc09 bc09 bc09 b409 b42a b44a ac2a ac2a ac2a b42a bc29 bc09 bc09 bc09 b409 b409 b429 b429 bc29 bc29 bc29 bc29 bc09 bc09 bc09 bc29 bc09 bc09 bc09 bc29 bc08 b428 bc28 bc28 bc08 bc08 bc08 c408 c408 c3e8 c408 c408 c408 c408 c408 c428 bc28 bc48 bc68 bc28 bc28 c469 c469 bc28 b407 bc48 c469 bc48 b407 bc28 ccaa c469 bc08 bc49 c469 c48a c46a c46a c4aa cccb d4eb d50c d52c dd2d dd4d e56d e56d e56d dd6d dd6d dd8d e56d e56d e56e e56d e58e edb0 f5b1 edb1 f5b1 edd1 edd1 edd1 edf1 e5f1 e5f0 e610 e610 e5f0 e610 ee31 f631 ee11 edf0 edf0 edf0 f5f1 fe11 fe32 fe32 ee11 ee31 f652 f673 f673 f673 f693 f694 f694 f694 eeb4 ee94 eeb5 f6d5 f6f6 eed5 e694 e694 eed4 f6f5 f6f5 f6f5 f715 ff37 ff38 eeb6 e655 f6d8 ff5a fed8 fed8 fef9 fef8 fef8 ff19 fef9 fef9 fed8 feb8 fed9 feb9 feb9 feb9 feb9 feb9 feb9 feb9 feb9 fed9 fed8 fed8 fed9 fed9 fed9 fed9 fed9 feb9 fed9 fed9 fed9 fed9 fed9 fef9 fef9 fef9 fef9 fef9 fef9 fef9 fed9 fed9 fef9 fed9 fed9 fed9 fed9 fed9 fed9 fed9 fed9 fed8 fed8 fed8 fed8 fed8 fed8 fed9 fed8 feb8 fed9 fed9 fed9 feb9 feb9 feb9 fed9 feb8 fef9 ff19 ff19 ff19 ff3a ff3a ff3a ff19 ff3a ff3a ff5a ff5a ff19 fef9 fef9 fef8 fef8 fef8 fed9 fed8 fed9 feb8 feb8 fe98 fe98 fe97 fe96 fe97 fe76 fe76 fe96 f695 f695 f675 f695 fe96 f675 f654 f655 ee54 f654 f654 f654 f654 f654 f654 ee54 ee53 ee53 f632 f611 f611 f611 f611 f611 f5f1 f5f1 f611 f611 f611 f5f1 edd1 edb0 e5af e5af e58f e58f dd6e dd4e dd4e dd2e d50e d50d d4ed d4ed d4cc cccc cccc ccac c48b c48a c46a c44a bc4a bc4a c44a c44a bc4a bc4a bc4a bc4a bc4a bc4a c44a bc4a bc49 bc49 bc29 bc08 bc08 c408 c408 c408 bbe8 c3e8 c408 c409 c409 c409 c409 bbe9 
bc4a c44a c449 bc29 bc49 bc49 b449 b46a b46a b46a b46a bc6a bc49 c448 c449 bc49 bc49 bc49 c449 c449 c449 c449 c449 c449 c449 c449 c449 c449 c449 c448 c448 c448 c448 c448 c448 c448 c448 c448 c448 cc48 cc48 d428 cc48 cc48 cc48 cc48 cc68 cc69 cca9 cca9 d4a9 d4ea e54b edad edad e58c e56c e56c e56c d50a c488 c448 cc89 cc89 c448 cc69 cc89 cc89 cc89 c469 cc89 cca9 ccca d4ea d50b d50b d50b d50b d52b d52b d52b d52b d52b dd2b dd0b dd2b dd0b dd2c dd2d dd2d dd2d dd2e dd2e dd4e d54d d54d d56d d56d d56d d56e d58e d58e d56d d56d d56d dd6d dd8e e56e e56d e56d e56d e56e dd8e dd8f d56e cd2d c50d c4ec bccc b4ac b48b ac6b a44b a42a a44a a46b a46b 9c4a 9c2a 9c4a a46b a48b a48b a48b ac8b b4cd bd0f bcef b4af cd72 de35 d5d3 d5b3 ddd4 ddf4 ddd4 ddd4 ddd4 ddd4 ddd4 ddb4 ddb4 ddb4 ddb4 ddb5 ddb5 ddb4 ddb4 ddb5 ddb5 ddd5 ddd5 ddd5 ddd5 ddd5 ddd5 ddd5 ddd5 ddd5 ddd5 ddd5 ddd5 ddd5 ddd5 ddd4 ddd5 ddd4 ddd4 ddd5 ddd5 ddb5 ddb5 ddb4 ddb4 ddd4 ddd4 ddd4 ddd4 ddd4 ddd4 ddd4 ddd4 ddd4 ddd4 ddd4 ddd4 ddd4 ddb4 ddb4 ddb4 ddb4 ddb4 e5b4 e5b4 e5b5 e5b5 e5b5 e5b5 e5b5 e5d5 e5f5 ddd5 ddf5 ddf5 ddf5 ddf5 de15 de15 de15 de15 de15 ddf5 d5f4 ddf5 ddf4 ddd4 ddd4 ddd4 ddd4 ddb4 e5b4 e5b4 e5b4 dd94 dd92 d592 dd92 ddb2 dd92 dd92 d591 d591 d591 d591 dd91 dd91 dd91 dd91 d591 d591 dd91 d591 dd90 dd90 d590 d590 d590 dd6f dd8e e58e e56e e56e e56e e56e e56e e56e dd6e e56e e56e e56e dd4e dd4d dd4d dd2d dd2d dd2d d50d d50c d50c d50c d4ec ccec cccc cccc cccb cccb cccb ccab cc8a c48a c48a c46a c46a c46a c46a c46a c46a c46a c46a c46a c46a c46a c46a c46a c46a c469 c449 cc49 cc48 cc48 cc48 cc48 cc48 cc48 cc48 cc48 cc48 cc48 cc48 c428 
c44d c46d c44d c44c c44c c44d bc6d b46e bc6d b46d bc6d bc6d c44c c44c c46c c44c c46d c46d c46d c46d c46d c46d c46d c46d c46d c46d c46c c46c c46c c46c c44c c44c c46c c46c c44c c44c cc6c c44c c44c cc6c cc8c cc8c cc8c cc8c cc8c ccac cccd cccd cced cced d4ee e590 f633 feb4 fef5 fed5 fed4 feb4 fe73 e5d1 d52e c4ac c48c c48c cc8d cc8d ccad cc8d c48c c46c c46c c46c ccad ccad ccad ccad ccad ccad ccad ccad c4ad ccad cccd ccad ccad ccad ccad ccae cc6e cc6e cc6e cc8e c48e c48e c4ae c4ae c4ae c4ae bcae c4ce c4ef c4ce bc8d bc6d c4ae ccef d50f d4ef ccce ccae c46d ccad ccef ccee b46d a40b 9b89 8b48 8307 7ac6 6a85 6224 59e3 51c3 51e3 51e3 51e3 51c2 49c2 49c3 51e3 5203 51e3 51e3 5a23 6a85 7b08 834a 8b4a ac4e c511 bcd0 bcb0 bcd1 bcd1 bcd0 bcd1 bcd1 bcd1 bcd1 bcd1 bcd1 bcd1 bcd1 c4d2 c4d2 bcb1 bcb1 c4b2 c4b2 bcd1 c4d2 c4f2 c4f2 c4f2 c4f2 c4f1 c4f1 c4f1 c4d1 c4d1 c4f2 c4f2 bcd1 bcd1 bcd1 bcd1 bcd1 bcb1 bcb1 bcb1 bcb1 bcb1 bcb1 bcd1 bcd1 bcf1 bcf1 bcf1 bcf1 bcf1 bcf1 bcd1 bcd1 bcd1 c4d1 c4d1 c4d1 c4d1 c4d1 c4d1 c4d1 c4d1 c4d1 c4d1 c4d1 c4d1 c4d1 ccd1 c4d1 c4d1 c4d1 bcd1 bcd1 bcd1 bcd1 bcf1 bcf1 bcf1 bcf1 bcf1 bcf1 bd11 bd12 bcf2 bcf1 c4f1 c4d1 c4d1 c4d1 c4d2 c4d2 c4d1 c4b1 c4b0 c4d0 c4b0 c4b0 c4b0 c4b0 c4b0 bcb0 bcb0 bcb0 c4af c4af c4d0 c4d0 c4d0 c4cf c4cf c4af c4af c4af c4af c4af c4ae c4ae cccf cccf ccce ccce ccce ccce ccce ccae ccae ccae ccae ccae ccce ccce cccf ccce ccce ccae ccae ccae c4ae c4ae c4ae c4ae cc8e cc8e cc8e cc8e cc8e cc8e c48d c48d c48d c46d c46d c46d c48d c48d c46d c46d c46d c46d c46d c46d c46d c46d c46d c46d c46c cc6d cc8c cc8c cc6c cc6c cc8d cc6c cc8c cc8c c48c cc8d cc6d c46c 
bc32 c452 c452 c432 bc32 bc52 b453 b473 b473 b473 b473 bc72 bc52 c452 bc52 bc52 bc52 bc52 bc52 bc52 c453 c453 c453 c453 c453 c453 c452 c452 c452 c452 c452 c452 c452 c452 c452 c452 c452 c452 c452 c472 c492 c492 bcb2 bcb2 bcb2 c4b2 c4d3 c4f3 c4f3 c4f3 c513 d596 ee79 fefb ff5c ff7d ff7c ff3c ff1b ee79 d5d6 bd13 b4b2 bc92 c493 cc93 cc93 cc93 c472 c452 c451 c451 c472 c472 c452 c452 c452 c472 c472 c472 bc72 c472 c472 c472 c452 c472 c472 c452 bc32 bc32 c432 c432 c432 c432 bc52 bc52 bc52 bc52 bc52 bc52 c493 c473 bc32 bc32 bc52 c493 c493 c473 bc32 bc31 bc11 bc51 c4d2 bc90 a3ee 8b4b 82ca 7289 6a48 61e7 51a5 4944 3903 38e3 3903 3903 3903 30e2 30e2 38e3 3903 3903 3902 3902 4143 59e5 6a67 7aa9 830a a40e bcd1 bcb0 b490 bc90 b490 b470 b490 bc91 bc91 bc91 bc91 bc91 bc71 bc71 bc91 bc91 bc72 bc72 bc72 bc72 bc71 bc71 bc71 bc71 bc91 bc91 bc91 bc91 bc91 bc91 bc91 bc91 bc91 bc91 bc91 bc91 bc91 bc91 bc91 bc91 bc91 bc91 bc91 bc71 bc91 bc91 bcb1 bcb1 bcb1 bcb1 bcb1 bcb1 bc91 bc91 bc91 bc91 bc91 bc91 bc91 bc91 bc91 bc91 c491 c491 c491 c491 c491 c491 c491 bc71 bc71 bc71 bc91 bc91 bc91 bc91 bc91 bc91 b491 b491 b491 b4b1 bcb1 bcb1 bcb1 bcb1 bcb1 bc91 bc91 bc91 c491 c491 c471 c492 bc92 c492 bc92 bc72 bc72 bc72 bc92 bc92 bc72 bc72 bc72 bc71 bc71 bc71 bc71 bc71 bc71 bc71 bc71 bc71 bc70 bc70 b450 bc51 bc72 c472 bc72 bc72 bc72 bc72 bc52 bc52 bc52 bc52 bc52 bc52 c473 c473 c473 c473 c473 c473 c473 c473 c473 bc73 c473 c473 c472 c452 c452 c452 c452 c472 c472 c472 c472 c452 c472 c472 c472 c473 c472 c472 c472 c472 c472 c472 c472 c472 c472 bc72 bc72 bc72 bc92 bc92 bc72 bc72 bc92 bc92 bc92 bc92 bc92 bc92 bc93 bc73 
bc33 c454 c453 c433 c433 bc53 b453 b454 b474 b474 b474 bc74 c453 c452 c453 c453 c474 c454 c454 c454 c454 c454 c454 c454 c454 c454 c453 c453 c453 c453 c453 c453 c453 cc53 c453 c453 cc53 c453 c453 c493 c493 bcb3 bcb3 bc93 bcb3 bcb3 bcd3 bcd4 bcf4 c4f4 bcf4 cd55 ddf8 f69a ff1c ff5d ff5d ff3d ff3d f6db de39 c576 bcd3 bcb3 c494 cc94 cc94 cc73 c453 c453 c452 c452 c453 c473 c473 c473 c453 c473 c473 c453 c473 c473 c473 c473 c473 c473 c473 c453 c453 c433 c453 c453 c453 c453 bc53 bc53 c453 c453 c474 c474 c474 c474 c473 c473 c494 c494 c473 bc53 bc32 bc32 c453 c473 bc91 ac0f 936c 82ca 7289 6a48 6227 59e7 5185 4144 3924 3923 3924 4124 3924 3903 3903 3924 4144 4144 3923 4123 4985 6247 7288 7ae9 936c ac70 bcd1 bcd1 b490 b490 b490 b490 bc91 bcb1 bcb1 bc91 bc91 bc91 bc92 bc92 bc92 bc92 bc92 bc92 bc92 bc92 bc92 bc92 bc92 bc92 bc92 bc92 bc92 bc92 bc92 bc92 bc92 bc91 bc91 bc91 bc91 bc91 bc92 bc92 bc92 bc92 bc92 bc92 bc92 bc92 bcb2 bcb2 bcb1 bcb1 bcb1 bcb1 bcb1 bcb1 bcb2 bcb2 bcb2 bc91 bc91 bc91 bc91 bc91 bc91 c491 c491 c491 c491 c491 c491 c491 c492 c491 bc91 bc91 bc91 bc91 bc91 bc91 bcb1 bcb1 bcb1 b4b1 b4b1 bcb1 bcd1 bcb1 bcb1 bcb1 bcb2 bcb2 bcb1 bc91 bc91 c491 c491 c492 c492 c493 c493 c493 c493 bc93 c492 c492 bc92 c492 c492 c492 bc92 bc92 bc92 bc92 bc92 bc92 bc91 bc91 bc91 bc91 bc71 bc92 c473 c473 c473 c473 c473 c473 c453 c473 c473 c473 bc53 bc53 bc53 c453 c474 c474 c473 c473 c473 c473 c474 c474 c474 c474 c473 c453 c453 c453 c453 c473 c473 c473 c473 c473 c473 c473 c473 c473 c473 c473 c473 c473 c473 c473 c473 c473 c473 c473 bc73 bc72 b472 b472 b472 b472 b473 b473 b473 b473 b473 b473 b473 bc73 
bc53 c473 c473 c452 c452 bc72 bc73 b493 b493 b494 b494 bc93 c472 c472 c473 c473 c493 c473 c473 c473 c473 c473 c473 c473 c473 c473 c473 c473 c473 c473 cc73 cc73 cc73 cc73 cc73 cc73 cc73 c473 c472 c493 c492 bcb2 bc92 bc92 bc92 bc92 bcb2 bcb2 bcd3 bcd3 bcf3 c534 d5b6 e638 f6ba ff1b ff1b ff1b ff3c fefb ee99 d5d6 c534 bcd3 c4b3 cc93 c473 c472 c472 c472 c472 c472 c472 c493 c493 c493 c472 c472 c472 c472 c472 c472 c472 c492 c472 c472 c493 c472 c473 c473 c473 c473 c473 c473 c493 c493 c493 c493 c493 c493 c473 c493 ccd4 ccd4 ccb4 c493 bc72 bc52 bc72 c472 ccb3 c4b3 ac30 936d 830b 7269 6a48 6a28 6228 59e7 51a6 4985 4165 4985 4985 4985 4985 4165 4165 4985 49a5 4985 4984 4985 5a07 7aea 7aea 8b2b a3ee bcb1 c4d2 bcb1 b491 b491 b470 b470 bc91 c4b2 c4b2 bc91 bc92 bc92 bc92 bc92 bc92 bc92 bc92 bc92 bc92 bc92 bcb2 bcb2 c4b2 bcb2 c4b2 c4b2 c4b2 c4b2 bcb2 bcb2 c4b2 bcb2 c4b2 c4b2 c4b2 c4b2 bcb2 c4b2 c4b2 c4b2 c4b2 c4b2 c4b2 c4d2 c4d2 bcb2 bcb2 bcb2 bcb2 bcb2 bc92 c4b2 c4b2 c4b2 c4b2 c4b2 c4b2 c4b2 c492 c492 c492 c492 c4b2 c4b2 c4b2 c4b2 c4b2 c4b2 c4b2 c4b2 c492 c492 c4b2 c4b2 c4b2 c4b2 bcd2 bcd2 bcd2 bcd2 bcd2 bcd2 bcd2 bcb2 bcb2 bcb2 c4b2 c4b2 c4b2 c4b1 c492 c492 c492 c492 c4b3 c4b3 c493 c493 c493 c493 c492 c492 c492 c492 c492 c4b2 c4b3 c4b3 c4b2 c4b2 c4b2 c4b2 c4b2 c4b2 c4b2 c4b2 c4b2 c4b2 c493 c493 c493 c493 c493 c493 c493 c493 c493 c493 c492 c492 c472 c492 c472 c473 c472 c473 c473 c473 c473 c493 c473 c493 c472 c472 c472 c472 c472 c472 c472 c472 c472 c472 c472 c472 c472 c493 c492 c493 c472 c472 c472 c472 c472 c472 c472 c492 bc72 bc72 b471 b472 bc92 bc92 b472 b472 b472 b472 b472 b472 bc72 bc92 
bc73 c493 c493 c473 c473 bc93 b493 b4b4 b4b4 b4b4 b4b4 bcb4 c493 c493 c493 c494 bc94 bc94 bc94 bc94 c494 c494 c494 c4b5 c494 c494 c494 c494 c494 c494 c494 c494 c494 c494 c494 c494 c473 c494 c494 bc93 bcb3 bcb3 b4b3 b4b3 b4b3 b4b3 b4b3 b4d3 bcf4 bcd3 bcf4 c535 cdb7 de38 eeba f71c f71c ff3c ff5d ff5d f71b de59 c595 bcf4 bcb3 c493 bc93 bc93 bc93 bc93 c493 c493 bc93 c4b4 c4b4 bc94 bc73 bc73 bc73 bc73 bc73 bc93 bc93 bc93 bc93 bc93 bc93 c493 bc93 bc92 c492 c492 c493 c493 c493 c493 c493 c493 c493 c473 c473 c493 ccd4 ccd4 c4b3 bc73 bc52 bc73 c4b3 bc93 bc73 ac11 8b6e 7aec 6a8b 6229 5a09 5a09 51e9 49c8 4167 4146 4167 4187 4187 4167 4167 4146 4146 4166 4986 4966 4145 4966 5a08 7acb 82eb 8b0c ac10 bc92 bc92 bc71 b451 b451 bc71 bc71 bc71 bc92 c472 c472 c472 c472 c472 c472 c472 c472 c473 c473 c473 c473 c472 c492 c493 c493 c492 c493 c493 c493 c493 c493 c493 c493 c493 c493 c493 c493 c493 c493 c493 c493 c493 c493 c493 c493 c493 c493 c493 c493 c493 c492 c492 c472 c492 c492 c492 c492 c492 c492 c492 c472 c472 c472 c492 c492 c492 c492 cc92 cc92 c492 c492 cc72 cc72 c492 c492 c492 c493 c492 c492 c4b3 c4b3 c4b3 c4b3 bcb3 bc92 c493 c493 c493 c493 c492 c492 c492 c492 c472 c473 c493 c473 c493 c493 c473 c473 c473 c473 c473 c473 c473 c473 c4b3 c4b4 c4b3 c4b3 c4b3 c4b3 c4b3 c4b3 c493 c493 c493 c493 c493 bc93 bcb3 bcb3 bc93 bc93 bc93 bc93 bc93 bc93 bc93 bc93 bc92 bc72 bc72 bc92 bc92 bc92 bc93 bc93 bc93 bc93 bc93 bc93 bc92 bc72 bc72 bc72 bc92 bc93 bc93 bc93 bc93 bc93 c493 c493 bc92 bc92 bc92 c493 bc92 bc92 bc92 bc92 bc92 bc92 bc92 bc93 bc93 bc93 b493 b493 b4b3 b4b3 b493 b493 b493 b493 b493 b493 b4b3 b4b4 
bc74 bc94 bc93 bc73 bc73 bc73 b494 b494 b4b4 b4b5 b4b5 b494 bc93 c473 bc74 c474 bc74 c495 c495 c495 c495 c495 c495 c495 c495 c495 c495 c494 c494 c494 c494 c494 c495 c494 c474 c474 c474 c494 c494 bc94 bcb4 b4b4 b4b3 b4b3 b4d3 b4d3 b4b4 b4d4 bcf5 bcf5 bcf5 c556 cdb7 d618 e6ba f71c ff3d ff5e ff7e ff9e f75d e6ba cdd7 bd35 c4b4 c494 bc94 bc74 bc94 c494 c494 c494 bc94 c4b4 c4b4 bc94 bc73 bc73 bc93 bc93 bc74 c494 bc94 bc94 c494 bc94 bc94 c493 c493 c493 c493 c493 c493 c493 c493 c473 c493 c494 c494 c494 c473 c494 ccb4 cc94 c494 bc53 bc73 c4b4 c4d5 bc73 abf1 934f 7acd 728b 622a 5a09 59e9 59e9 51c9 4988 4167 4147 4147 4167 4167 4167 4167 3946 4147 4146 4146 4146 4146 4967 5a29 7aec 82cb 8b0c b430 c4b2 bc92 bc92 bc72 bc71 bc92 bc92 bc72 c472 c473 c493 c493 c473 c493 c493 c493 c493 c493 c473 c473 c473 c473 c473 c493 c493 c493 c493 c493 c493 c493 c493 c493 c473 c493 c493 c493 c493 c493 c493 c493 c493 c493 c493 c493 c493 c493 c493 c4b3 c4b3 c4b3 c4b3 c4b3 c4b3 c4b3 ccb3 c493 c493 c4b3 c493 c493 c493 c493 cc92 cc92 cc92 cc93 cc93 cc93 cc93 cc93 cc93 cc93 cc93 cc93 c493 c493 c493 c4b3 c4b3 c4b3 c4b3 c4b3 c4b3 c4b3 c4b3 c4b3 c4b3 c493 c493 c493 c493 c492 c493 c4b3 c493 c494 c494 c494 c494 c494 c474 c494 c474 c474 c474 c474 c474 c494 c494 c494 cc94 c494 c494 c493 c493 c493 c493 c493 c494 c494 bc94 bcb4 bcb4 bc93 bc93 bcb3 bc93 bc93 bc93 bc93 bc93 bc73 b473 bc73 bc73 bc73 bc73 bc93 bc93 bc93 bcb4 c4b4 bcb4 bc93 bc72 bc72 bc72 bc72 bc93 c493 c493 bc93 bc93 c4b3 c4b3 c493 bc93 bc93 bc93 bc93 bc93 bc93 bc93 bc73 bc73 bc73 bc73 b493 b4b4 b4b4 b4b4 b4b4 b4b4 b4b4 b4b4 b4b4 b4b4 b4b4 b4b4 b4b4 b4d4 
b471 bc92 bc92 bc71 bc71 bc72 b493 b493 ac73 b493 b493 b493 bc72 bc72 bc72 bc93 bc93 bc93 bc93 bc93 bc73 bc93 bc93 bc93 bc93 bc73 c493 c493 c473 c473 c473 c493 bc72 bc92 bc92 c492 c473 c493 c493 bc93 b471 b472 b492 b492 bc92 bcb2 bcb3 bcd3 bcd3 bcf3 bd13 c534 cd75 d5d7 e659 f6fb ff3c ff5c ff7d ff9e ff7d f6fb de38 cd75 bcd3 bcb3 bcb3 bc92 bcb3 c4b3 c4b3 c4b3 bc92 bc93 c4b3 c4b3 c493 c493 c493 c4b2 bcb2 bcb2 bcd2 bcd2 bcb2 c4b3 c4d3 c4b3 bc92 bc92 c492 c4b2 c492 c492 c493 c492 c492 c4b2 c4b2 c4b3 ccb3 ccb3 c4b3 c493 bc72 bc72 c4d3 ccf4 c4d4 b451 936e 7acb 6a49 6249 5a28 5a08 59e8 51c8 49a7 4986 3946 3945 3966 4166 4166 4166 4146 4146 3924 3944 4144 4144 4165 51a6 6248 830c 7aaa 8aeb bc71 ccd3 bc72 c492 c492 c492 c4b2 c4b2 c492 c4b2 c4b2 c492 c493 c493 c492 c492 c493 c493 cc93 cc93 cc73 cc93 c492 c492 c492 c492 c4b3 c4b3 c492 c493 c492 c493 c493 c493 c493 c493 c493 c493 c4b2 c4b2 c4b2 c4b2 c492 c492 c492 c492 c492 c4b3 ccb3 ccb3 ccb3 ccb3 ccb3 ccb3 c4b2 c4b3 ccb3 ccb3 ccb3 c4b3 ccb3 ccb3 cc92 cc92 ccb3 ccb3 cc93 ccb3 ccb3 ccb3 ccb3 c492 cc93 cc92 cc92 cc92 cc93 ccb3 c492 c492 c4b3 ccb3 c4b3 ccb3 c4d3 c4d3 c4d2 c4d2 c4d2 c4b3 c4b3 ccb3 ccb3 ccb3 c492 c493 c4b3 c493 c493 c493 c493 c493 c493 c493 c4b3 c4b3 c493 c493 c493 c4b3 c492 c492 c493 c493 c493 c493 c492 c4b2 bc92 bc92 bcb2 bcd2 bcb3 c4b3 c4b3 c4b3 bc92 bcb3 c4b2 c4b3 c4b3 c4b3 bc92 bc72 bc92 bc92 bc92 bcb2 bcb2 c4b2 c4b3 c4b3 c4d3 c4b3 bc92 bc71 bc71 bc71 bc72 c492 bc92 bcb2 c4b2 c4b2 c4b2 c4b2 c4b2 bc92 bc92 bc92 bc92 bc92 bc92 bc92 bc92 bc92 bc91 bc91 bcb2 bcb3 bcb3 bcb3 bcb3 bcb3 bc92 bcb3 bcb3 bcb3 bcb3 bcb3 bcb3 bcb3 
bc70 c490 c490 bc6f bc6f bc70 b490 b491 b491 b491 b4b2 b491 bc90 bc70 bc90 bc91 bc91 bc91 bc91 bc91 bc91 bc91 bc91 bc91 bc91 bc91 bc91 bc91 bc91 bc91 bc91 bc91 bc90 bc90 bc90 c490 c490 c490 c470 c470 c470 c470 c470 c490 c490 c490 c4b0 ccb1 c4d1 ccd1 ccd1 ccd1 cd12 d553 ee16 feb8 ff1a ff3a ff5a ff7b ff7b ff3a ee97 d5b4 c512 bcd1 bcd1 bcb0 bcd0 c4d1 c4d1 c4d1 c4b0 c4b0 c4b1 c4d1 c4b1 c4b1 c4d1 c4b1 c4d1 c4d1 c4d1 c4d1 c4d1 c4d1 c4f1 c4f1 bcd0 bcd0 c4d0 c4d0 c4d0 c4d0 c4d0 ccd0 ccd0 ccd0 ccb0 ccd1 ccf1 ccd1 c4b0 c4b0 bcb0 c4f1 c4f1 bcf1 b48f 9bcd 7b0a 6a88 5a47 5a27 5207 51e6 51e6 49c6 41a6 4185 3985 3985 3985 4185 4185 4185 4185 4185 3964 3943 4164 4164 4984 51e6 6a88 832b 82aa 8aeb c492 ccf3 c472 c492 c492 c492 ccb2 ccb3 cc93 ccb3 cc93 cc72 cc92 cc93 cc92 cc92 cc92 cc92 cc72 cc72 cc72 cc72 cc93 ccb3 ccb3 ccb3 ccb3 ccb3 ccb3 ccb3 cc93 cc93 ccb3 ccb3 ccb3 c492 c492 c492 c492 c492 c492 c492 c492 c492 c492 c492 cc92 cc93 ccb2 ccb2 cc93 cc93 cc93 cc93 ccb2 ccb2 ccb2 ccb3 ccb3 ccb2 cc92 cc92 cc92 cc92 cc92 cc92 cc92 cc92 ccb3 ccb3 cc92 cc92 cc92 cc92 cc92 cc72 cc92 cc92 cc92 cc92 ccb2 cc92 cc92 ccb2 ccb2 ccb3 ccb3 ccb3 ccb3 ccb3 ccb3 ccb3 cc92 cc92 cc92 cc92 ccb1 ccb1 ccb1 ccb1 ccb1 ccb1 c4b1 c4b1 c4b1 c4b1 c4b1 c4b1 ccb1 ccb1 ccb1 ccb1 ccb1 c4b1 ccb1 ccb1 c4b1 c4b1 c4b1 c4d1 c4d1 c4f1 c4f1 c4d1 c4d1 c4d1 c4d1 c4d1 c4d1 c4d1 c4d1 c4d1 c4b0 bcb0 c4b0 c4b0 c4d0 c4d0 c4d1 c4d1 c4d1 c4d1 c4d1 c4d1 bcb0 bc90 bc8f bc90 bc90 c4b0 c4b0 c4b0 c4b0 c4b0 c4d0 c4d0 c4b0 c4b0 c4b0 c4b0 c4b0 c4b0 c4b0 c4b0 c4b0 bcb0 bcb0 bcb0 c4b0 ccb0 c491 c490 cc91 cc91 cc90 cc90 cc90 cc90 c491 c491 cc91 c490 
bcaf c4d0 c4af bc8f bc8f bc8f b4b0 b4b0 b4b1 b4b1 b4b1 b4b1 bc90 bc90 bcb0 bcb0 bcb1 bcb1 bcb0 bcb0 bcb0 bcb0 bcb1 bcb1 c4b0 c4b0 c4b0 c4b0 bcb0 bcb0 bcb0 bcb0 c4b0 c4b0 c490 c490 c4b0 c490 c490 c490 c48f c48f c48f c48f c48f c490 c4b0 ccb0 ccd0 ccd0 ccd0 ccd0 ccd0 d532 e5f5 feb8 ff19 ff39 ff19 ff59 ff9a ff7a fef8 ddd4 c511 bcd0 bcd0 bcd0 bcd0 c4f0 c4f0 c4d0 c4d0 c4d0 c4d0 c4f0 c4d0 c4d0 c4d0 c4d0 c4d0 c4d0 c4f0 c4f1 c4f0 c4f0 c4f0 c4f0 bcef bcce bccf c4ef c4ef c4cf c4cf cccf c4af ccaf cccf ccd0 ccf0 ccd0 c4d0 c4b0 c4d0 c4f1 c511 b48f 93cc 7ae8 72c7 6aa7 5a27 51e6 5207 51e6 49e6 49a5 41a5 41a5 4185 3985 3985 3985 4185 41c5 49c6 41a5 4184 3943 4143 4184 51c5 5a06 6ac8 8b6b 82ca 8aec ccf3 d514 c472 c492 c472 bc51 c472 c493 cc93 ccb3 cc93 cc72 cc72 cc73 cc72 cc72 cc72 cc72 cc72 cc72 cc72 cc72 cc92 cc93 cc93 cc93 cc93 cc93 cc93 cc93 cc93 cc93 cc93 cc93 cc92 cc92 cc93 cc93 cc93 cc93 cc93 cc93 cc93 cc93 cc92 cc92 cc92 cc93 cc93 cc93 cc93 cc93 cc93 cc92 cc93 cc93 cc93 cc93 cc93 cc93 cc92 cc92 cc72 cc92 cc92 cc93 cc92 cc72 cc92 cc92 d493 d493 cc72 cc72 cc72 cc72 d493 d493 cc93 ccb3 ccb3 cc93 cc93 cc93 cc93 cc93 cc93 cc93 cc92 cc92 c492 c492 c492 c492 c492 c4b2 ccb1 ccb1 ccb1 ccb1 ccb1 c4b1 ccb1 c4b1 c4b1 c4b1 c4b1 c4b1 ccb1 ccb1 ccd1 ccb1 c4b1 c4b1 c4b1 c4b1 c4b1 c4b1 c4b1 c4b1 c4d0 c4f0 c4f0 c4f0 c4d0 c4d0 c4f0 c4f0 c4d0 c4d0 c4d0 c4d0 c4d0 c4f0 c4f0 c4f0 c4f0 c4f0 c4d0 c4d0 c4d0 c4d0 c4d0 bcd0 bccf bcaf bcaf bcaf bcaf bcaf bccf bcaf bcaf bcaf bcaf bcaf bcaf c4cf c4cf c4cf c4cf c4cf c4cf c4cf c4cf bcaf c4cf c4af c4af ccb0 cc90 cc90 cc90 cc90 cc90 cc90 cc90 cc90 cc90 cc90 cc90 cc70 
c4b1 c4d1 c4b1 c490 c490 bc91 bcb1 b4b2 b4b2 b4b2 b4b2 bcb2 c491 c491 c4b1 c4b1 c4b1 c4b2 c4b2 c4b2 c4b2 c4b2 c4b2 c4b2 c4b2 c4b2 c4b2 c4b2 c4b1 c4b1 c4b1 c4b1 c4b1 c4b1 c4b1 c4b1 c4b1 c4b1 cc91 ccb1 ccb1 cc91 cc91 cc91 cc91 cc91 cc91 ccb1 ccb1 ccd1 ccd1 ccd1 ccd1 d532 e5d5 f698 fefa ff1a ff1a ff3a ff7b ff7b ff3a e636 c512 bcd1 bcd1 bcb0 c4d1 c4d1 c4d1 c4b1 c4b1 c4d1 ccd1 ccd1 c4b1 c4b1 c4b1 c4b1 c4b1 c4b1 c4d1 c4d1 c4d1 c4d1 c4d1 c4d1 bcd0 bcb0 bcb0 bcb0 bcb0 c4b0 c4b0 c4b0 c4b0 ccb1 c4b0 ccb1 d512 c4b1 bc4f bc90 cd12 cd12 b490 93ac 7aea 7288 6a88 6a67 5a27 51e6 5206 49c6 49a5 4185 3984 4185 4185 4185 3985 3985 3984 41a5 49c6 4185 4164 4164 4184 49a4 51c5 6247 72e9 832b 8aeb a36d ccd3 d514 c492 ccb2 c471 bc51 c471 c492 cc92 d4d3 ccb3 cc72 cc72 cc92 cc92 cc92 cc92 cc92 cc72 cc72 cc72 cc72 cc92 c492 c492 c492 c492 c492 c472 c472 cc72 cc92 c492 c492 cc92 cc93 cc93 cc93 ccb3 ccb3 ccb3 ccb3 ccb3 ccb3 ccb3 ccb3 ccb2 ccb2 cc92 cc92 cc92 cc92 cc92 cc92 cc92 cc92 cc92 cc92 cc92 cc92 cc72 cc92 cc92 cc92 cc92 cc92 cc92 cc92 ccb2 cc92 cc72 cc72 d4b3 d4b3 d493 d493 d493 d4b3 ccb3 ccb3 ccb3 ccb3 d4b3 ccb3 cc92 cc92 cc92 cc92 ccb2 ccb2 ccb2 ccb2 c4b2 c4b2 cc92 cc92 ccb1 ccd1 ccd1 ccb1 ccb1 ccb1 ccb1 ccb1 ccb1 ccb1 ccb1 ccb1 ccb1 ccb1 ccb1 ccb1 ccb1 ccb1 ccb1 ccb1 ccb1 ccb1 ccb1 c4b1 c4b1 c4d1 c4d1 c4d1 c4b1 c4b1 c4d1 c4b1 c4b1 c4b1 c4b1 c4b1 c4d1 ccd1 c4d1 c4d1 c4d1 c4d1 c4b1 c4b1 c4b1 c4b1 c4b1 c4b1 c4b0 c4b0 c4b0 c4b0 c4b0 c4b0 c4b0 bcb0 bcb0 bcb0 bc90 bc90 c4b0 c4d1 c4b1 c4b1 c4b1 c4b0 c4b0 c4b0 c4b0 c4b0 c4b0 c4b0 ccb0 cc91 cc91 cc91 cc91 cc91 cc91 cc91 cc91 cc91 cc91 cc91 cc91 cc71 
c452 cc93 cc92 cc72 cc72 c473 bc93 bc93 bc94 bc94 bc94 c493 c473 cc72 c492 c492 c492 c492 c492 c492 c493 c493 cc92 cc92 ccb3 cc93 cc92 cc92 cc92 cc92 cc92 cc92 cc92 cc92 cc92 cc92 cc92 cc92 cc92 cc92 d4b2 cc92 cc92 cc71 cc71 cc71 cc72 cc92 d4b2 d4b2 d4d3 ccb2 ccb2 d513 e595 f638 feda ff1b ff3c ff3c ff3b ff5b ff5c ee99 d574 c4f2 bcb1 c4b1 c4d2 ccd2 ccd2 c4b2 ccb2 ccb2 cc92 cc92 cc92 cc92 cc92 cc92 ccb2 ccb2 ccb2 ccb2 c4b2 c4b2 c4b2 c4b2 c4b2 bcb2 c4b2 c4b1 bc91 bc91 c491 c4b2 ccd3 ccd3 c492 ccb2 d534 c471 a3ae b451 cd34 cd13 9bce 7aaa 72a9 7aca 6268 51c6 5206 5206 49e5 49a4 4184 4163 3963 3964 4184 41a4 41a5 41a4 3964 3964 4184 3963 3943 4184 51e5 51c5 4983 6a87 834a 7ac8 934c bc50 c491 ccb2 d4d2 d4d2 ccb2 cc91 cc71 cc92 ccb2 d4f3 d4d2 cc92 cc92 cc92 d492 d492 d492 d492 d492 d492 d492 d492 cc92 cc92 cc92 cc92 cc92 cc91 cc91 cc71 cc92 cc92 cc92 cc92 ccb2 ccb2 ccb2 cc92 ccb2 ccb2 ccb2 ccb2 ccb2 ccb2 cc92 cc92 d4b2 d4b2 d4b1 d4b1 d491 d4b1 d4b2 d4b2 d4b1 d491 d491 d4b2 d492 cc71 cc71 d4b2 d4d2 d4b2 cc91 cc91 d4b2 d4d2 d4d2 ccb2 cc71 cc71 d4b2 dcf3 dcd2 d491 d491 d4b2 d4b2 d492 d491 d492 d4b2 d492 d4b2 d4b2 d491 d4b1 d4b2 d4b2 ccb1 ccb1 ccb1 ccb1 ccb1 ccb1 ccd1 ccd0 ccd0 ccd0 ccd0 ccd0 ccb1 ccb1 ccb1 ccb1 d4d0 d4d0 d4d0 ccb0 ccb1 ccb1 ccd1 ccd1 ccd1 ccd1 ccd1 ccb0 ccb0 ccb1 ccb2 ccb2 ccb3 cc93 cc93 cc93 cc93 cc93 cc92 cc93 cc93 cc93 cc93 cc93 cc93 cc93 cc93 cc93 cc93 cc93 cc93 cc93 cc93 cc92 cc92 cc92 cc92 cc92 cc92 cc92 cc92 cc92 cc92 cc92 cc92 cc92 cc92 cc92 cc92 cc92 c492 c492 c492 c492 c492 cc92 cc92 cc92 cc92 d492 d492 d472 d472 d472 d472 d472 d472 d472 d492 d492 d472 d472 
c452 cc73 cc93 cc72 cc72 cc73 c493 bc94 bc94 bc94 bc94 c494 cc73 cc73 cc73 c473 c493 c493 c493 c493 c493 c493 cc93 cc93 cc93 cc93 cc92 cc92 cc92 cc92 cc72 cc72 cc92 cc92 cc92 cc92 cc92 cc92 cc92 cc92 d492 d492 d472 d472 d472 cc72 d472 d472 d492 d4b3 d4b3 cc92 cc92 d4f4 e576 f618 feba fefb ff3c ff3c ff1b ff3c ff5c f6ba ddd6 cd13 c4b2 c4b2 c4d3 ccf3 ccd3 c492 cc92 cc92 cc92 cc92 cc92 cc92 cc92 cc92 cc92 cc92 cc92 cc92 c4b2 c4b2 c4b2 c4b2 bcb2 c4d2 c4d3 c4d3 c4b2 c4b2 c4b2 ccb3 ccd3 ccd3 c492 c472 bc72 bc51 bc92 cd14 cd14 ac30 7aeb 6a49 6a89 72ca 5a28 4165 49c5 51e5 49c4 4183 4183 4183 4184 41a4 41a4 41a4 41c5 41a4 41a4 41a4 41a4 3963 3942 3963 49c4 49c4 49a3 72c8 836a 7ac8 a3ad ccb2 c491 cc92 d4d2 d4d2 d4b2 cc92 cc91 cc92 d4b2 d4d3 d4d2 ccb2 d492 d492 d492 d492 d492 d4b2 d492 d492 d492 d492 d4b2 d4b2 d4b2 d4b2 d4b2 d4b2 d4b2 ccb2 ccb2 ccb2 ccb2 d4b2 d4b2 ccb2 cc91 cc91 ccb2 ccb2 ccb2 ccb2 ccb2 ccb2 ccb2 ccb2 d491 d4b1 d4b1 d4b1 d491 d4b1 d4b2 d4b2 d4b1 d4b1 d4b1 d4b1 d4b1 cc91 cc91 d4d2 dcd2 d4d2 cc91 cc71 cc71 cc91 d4b1 d4b2 d4b2 cc91 d491 dcd2 d4d2 cc91 d491 d4b2 d4d2 d491 cc91 d491 d491 d491 d4b2 d4b2 ccb1 d4b1 d4b1 d4b1 d4b1 d4b1 d4b1 d4b2 d4b1 d4d1 d4d0 d4d0 ccd0 ccd0 d4d0 d4d0 ccd0 ccd0 ccd0 ccd0 ccd0 ccd0 ccd0 ccd0 ccd0 ccd0 ccd0 ccd0 ccd0 ccd0 ccd0 ccd0 d4d0 ccb1 ccb2 cc93 cc93 cc93 cc93 cc93 cc93 cc93 cc93 cc93 cc93 cc93 cc93 cc93 cc93 cc93 cc93 cc93 cc93 cc93 cc93 cc93 cc93 cc93 cc93 cc93 cc93 cc93 cc93 cc93 cc93 cc93 cc93 cc93 cc93 cc93 cc93 cc93 cc93 cc93 cc93 cc93 cc93 cc93 cc93 ccb3 ccb3 cc93 cc92 d472 d492 d472 d472 d492 d472 d472 d472 d472 d472 d472 d473 d472 
c452 cc72 cc92 cc72 cc72 cc72 c493 bc94 bc94 bc94 bc94 c494 cc73 cc73 cc73 cc93 c493 c493 c493 c493 c493 cc93 cc93 cc93 cc93 cc93 cc92 cc92 cc92 cc92 cc92 cc92 cc92 cc92 cc92 cc92 cc92 cc92 cc92 cc92 cc92 cc92 cc92 cc92 cc92 cc72 cc72 cc72 cc92 cc92 cc92 cc92 ccb2 d514 dd95 ee38 feba ff1b ff3b ff3b ff3b ff3c ff5c f6da e5f7 d534 c4d2 c492 c4b2 ccd3 ccd2 ccb2 ccb2 ccb2 cc92 cc92 cc92 cc92 cc92 cc92 cc92 cc92 cc92 cc92 c4b2 ccb2 c4b2 c4b2 c4b2 c4d2 ccf3 ccf3 ccf3 ccd3 ccb2 ccb3 ccb3 ccb2 ccb3 c471 b3ef c492 dd95 d555 b451 8b0c 7269 6a48 6a68 6248 51c6 4965 49c5 51c5 49a4 4984 4184 4184 4184 41a4 49a5 49a5 41a5 41a5 41a5 49a5 41a5 4164 3943 4143 4163 4984 59e5 72c9 834a 832a abee ccb2 ccb2 cc91 cc92 cc92 cc91 cc92 cc92 ccb2 ccb2 d4b2 ccb2 ccb2 ccb2 d4b2 d492 d492 d492 d492 d492 d492 d492 d492 ccb1 d4b1 d4b2 d4b2 d4b2 d4b2 d4d2 d4d2 d4d2 d4b2 d4b2 d4b2 d4b2 ccb2 cc91 d492 d4b1 d4b1 d4b2 d4b2 ccb2 ccb2 d4b2 d4b2 ccb1 ccb1 d4b1 d4b1 d491 d4b1 d4b1 d4b1 d4b1 d4b1 d4b1 d4b1 d4b1 d4d2 d4d2 d4b1 d4b1 d4b1 d4b1 cc91 cc91 c470 cc70 d4b1 dcf2 d4b1 cc71 d4b1 d4b1 cc91 d4b1 d4d2 d4d2 d4b1 d491 d491 d491 d491 d4b1 d4b1 d4b1 d4b1 d4b1 d4b1 d4b1 d4b1 d4b1 d4b1 ccb1 ccb1 d4d1 d4d1 ccb1 ccb1 ccb1 d4d1 ccd1 ccd1 ccd1 ccb1 ccd1 ccd1 ccb0 ccd1 ccb1 ccb1 ccb1 ccb1 ccb1 ccb1 ccb1 d4d1 ccd1 ccb1 cc92 cc93 cc93 ccb3 cc93 cc93 cc93 cc93 cc93 ccb3 ccb3 cc93 ccb3 cc93 cc93 cc93 cc93 cc93 cc93 cc93 cc93 cc93 cc93 cc93 cc93 cc93 cc92 ccb2 cc92 cc92 cc93 cc93 cc93 cc93 cc93 cc93 ccb2 ccb2 cc92 ccb2 ccb2 ccb2 cc92 cc92 cc92 cc92 cc93 cc93 cc92 cc92 cc92 cc92 cc92 cc92 d472 d492 d492 d492 cc92 cc92 cc92 cc92 
cc53 d473 d473 cc72 cc72 cc73 c473 c474 c494 c494 c494 c494 cc73 cc72 cc72 cc73 cc93 cc93 cc93 cc93 cc93 cc93 cc93 cc93 d493 cc93 cc93 cc92 cc92 cc92 cc92 cc92 cc93 d473 d472 cc72 cc72 cc92 cc92 c472 c492 c4b2 c4b2 c4b2 c4b2 c492 c491 c491 c4b2 ccb2 ccd3 c4d3 c4d3 cd34 d5b6 e638 f6da ff3c ff5c ff7c ff7c ff7c ff7c ff1b f658 dd75 ccd2 c492 c4b2 ccb2 ccb2 cc92 d4b2 d492 d492 d472 d492 d492 d472 d492 d492 d492 d492 cc92 ccb2 ccb2 ccb2 cc92 c4b3 ccb3 ccd3 ccd3 ccd3 ccb3 c492 c492 c493 c493 c493 c492 c492 d514 d554 c4b2 9bae 7aca 7269 6a48 6227 59e6 51a5 51c5 59e6 59e6 51a5 4964 4144 4123 3924 3924 4144 4165 4165 4165 4165 4165 3945 4145 4165 4145 4145 5186 6a69 7acb 7b0b 8b4c b430 d4f3 ccd2 c491 c490 c490 cc91 ccb1 ccb1 d4b2 d4b1 cc91 cc91 d4b1 cc91 d4b1 d4b1 d4b1 d4b1 d4b1 d4b1 d4b1 d4b1 d4b1 d491 d491 d4b1 d4b1 d4d1 d4d1 d4b1 d4b1 d4d1 d4b1 ccb1 cc90 ccb1 d4b1 d4b1 d4b1 d4b1 d4b1 d4b1 d4b1 d4b1 d4b1 d4b1 d4b1 d4b1 d4b1 d4b1 d4b1 d4b1 d4b1 d4b1 d4b1 d4b1 d4b1 d4b1 d4b1 d4b1 dcd2 d4d2 cc90 cc70 ccb0 d4f1 dd12 dcf2 d4b1 cc90 cc90 ccb1 d4d1 d4b1 d4d1 d4b1 d4b1 d4b1 d4b1 d4d1 d4b1 d491 d491 d491 d491 d491 d4b1 dcb1 dc91 d4b1 d4b1 d4b1 d4b1 d4b1 d4b1 d4b1 d4b1 d4b2 d4b2 d4b2 d4b2 d4b2 d4b2 d4b2 d4b2 d492 d492 d4b2 d4b2 d4b2 d4b2 d4b2 d4b2 d492 d492 d492 d492 d492 d492 d4b3 d493 d493 d493 d493 d493 d493 d473 d493 d493 cc93 cc93 d493 d493 cc93 d473 d493 d473 d473 d473 d493 d473 cc93 cc93 d493 d493 cc72 cc72 cc93 cc93 cc92 cc92 d493 cc93 cc73 cc73 cc93 cc93 cc93 cc73 d493 d493 cc93 cc93 cc93 cc93 cc93 cc93 d493 d493 cc93 ccb2 ccb2 ccb2 c4b2 c492 c4b2 ccb2 ccb2 ccb2 ccb2 ccb2 ccb2 ccb2 
c452 cc73 cc93 cc72 cc53 cc73 c494 c494 c474 c474 c474 cc74 cc73 d453 d453 cc73 cc73 c473 cc93 cc93 cc93 cc93 cc93 cc93 cc73 cc93 cc93 cc93 cc73 cc73 d473 d493 cc72 cc92 cc92 cc92 d472 cc93 cc93 c492 bc72 bcb2 c4b3 c4b3 c4b3 c492 c492 c4b3 c4b2 c4d2 c4f3 c513 cd14 cd55 d5d6 e658 eeda f71b ff7c ff7c f77c ff7c ff9c ff5c f699 ddb6 ccf3 c4b2 c4b2 ccb2 cc92 cc92 d492 d492 d492 d472 d473 d473 d472 d492 d492 cc92 cc92 cc92 cc92 cc92 ccb2 ccb3 c472 c493 ccb3 ccb3 c4b3 c493 c472 c492 c492 c492 c4b3 c4d3 cd14 c4d3 b451 a3cf 8b2c 82eb 7aca 6a69 59e7 51a6 59e7 59e7 4984 4143 4144 4164 4144 4945 4965 4986 4145 4145 3944 3904 3905 3905 3925 4146 4185 4165 4165 51c7 7aeb 7b0c 7aeb 9bae bc71 d4f3 ccd1 cc91 cc91 cc91 cc91 d4b2 ccb1 ccb1 ccb1 cc90 cc90 d4b1 d4b1 d4b1 d4b1 d4b1 d4b1 d4b1 d4b1 d4b1 d4b1 d4b1 cc90 cc90 ccb0 ccb0 ccb0 ccb1 d4d1 d4b1 ccb0 ccb0 ccb1 ccb1 cc90 d4b1 d4d1 d4b1 ccd0 ccd0 ccb0 ccb0 d4b1 d4b1 d4b1 d4b1 cc90 d490 d4b1 d4b1 d4b1 d4b1 dcb1 d4b1 ccb0 ccb0 d4d0 d4b0 d4b0 dcf1 dcf1 cc90 c44f cc90 dcf2 e533 e533 dcf1 d4b1 cc90 c46f ccd0 d511 d4f1 d4f1 d4d1 d4d1 ccb0 d490 d4b0 d4b1 d4b1 dcb1 dcb1 dc91 dcb1 d4b0 d4b0 d4b0 d4b0 d4b0 d4b1 d4b1 d4b1 d4b1 d4b1 d4b2 d4b2 d4b2 d4b2 d4b3 d4b3 ccb2 ccb2 d4b2 d4b2 d4b2 d4b2 d4b3 d4b3 cc93 d493 d4b3 d4b3 d4b3 d4b3 d493 d4b3 d4b3 d493 d493 d493 d493 d494 d494 d494 d473 d474 d493 d493 d474 d474 d494 d494 d493 d493 d493 d493 d493 d473 d474 d474 d473 d473 cc73 cc73 d473 d473 d473 d493 cc73 cc93 cc93 cc93 cc93 cc93 d493 d493 d473 d473 d493 d493 d473 d473 d473 d493 cc72 cc92 c4b2 c4b2 c4b2 c4b2 ccb3 ccb2 c4b2 c4b2 ccb3 ccb3 cc93 cc93 c4b3 c4b3 
cc52 cc72 d492 d472 cc72 cc72 c493 c493 c494 c494 c494 cc93 cc72 d472 cc72 cc73 cc92 cc92 cc92 cc93 cc92 cc92 cc93 cc93 cc92 cc92 cc92 cc92 cc72 cc92 d492 d492 cc92 cc92 cc92 cc92 d492 cc92 cc92 c492 c4b1 c4b2 c4d2 c4b2 c4b2 c492 c492 c4b2 c4d2 ccf3 cd13 cd13 d534 d555 ddd6 e658 f6da ff3b ff7b ff7c f77b ff7c ff9c ff7c fefa e5f7 cd13 c4b2 c4b2 ccb2 ccb2 cc92 d4b2 d492 d492 d492 d492 d492 d492 d492 d492 d492 cc92 cc92 ccb2 cc92 cc92 cc92 ccb2 ccb3 c4b3 c492 c492 c472 c472 c492 c4b2 ccd3 ccf3 ccf3 c4b2 bc71 b450 b450 b450 ac2f 9bad 832b 7ae9 72c9 72c9 72a8 59c5 4964 5185 4985 4985 5185 4985 4985 4985 4165 3924 3904 4145 4145 3925 4966 49a6 4965 4124 59c7 832c 832c 830c ac30 ccd2 d4f3 ccd2 ccb1 cc91 cc91 cc91 ccb1 ccb1 ccb1 cc91 cc91 cc90 d4b1 d4b1 d4b1 d4b1 d4b1 d4b1 d4b1 d4b1 d4b1 d4b0 d4b0 ccb1 ccb1 d4b1 d4b1 d4b1 d4b1 d4b1 d4b1 d4b1 d4b1 ccb1 ccb1 ccb1 d4b1 d4b1 d4b1 d4b1 d4b1 ccb1 ccb1 d4b1 d4b1 d4b1 ccb1 d4b1 d4b1 d4b1 d4b1 d4b1 d4b1 d4b1 d4b1 d4b1 d4b1 d4b1 d4b1 d4b1 d4d1 d4d1 d4b1 d4b1 d4d1 d4f1 dcf2 d4f1 d4d1 d4d1 d4d1 d4d1 dd12 d512 ccd1 d4d1 d4f1 d4d1 cc90 cc90 d4d1 d4d1 d4b0 dcb1 dcb1 d490 dcb0 dcb0 dcb0 d4b0 d4b1 d4b1 d4b1 d4b1 d4b1 d4b1 d4b1 d4b1 d4b2 d4b2 d4b2 d4b2 d4b2 d4b2 d4b2 d4b2 d4b2 d4b2 d4b2 d4b2 d4b2 d4b2 d4b2 d4b2 d4b2 d4b3 d4b3 d4b3 d4b3 d4b3 d493 d493 d493 d493 d493 d493 d493 d493 d493 d493 d493 d493 d493 d493 d493 d493 d493 d493 d493 d493 d493 d493 d493 d493 d493 cc93 cc93 d492 d492 d493 d493 d492 d492 d492 d492 cc92 cc92 d492 d492 d492 cc92 d492 d492 cc92 cc92 d492 d492 d493 cc92 ccb2 ccb2 c4b2 c4b2 c4b2 c4b2 c4b2 c4b2 ccb2 ccb2 ccb2 c4b2 c4b2 c4b2 
c470 cc91 d4b1 cc90 d490 cc90 c4b1 c4b1 c4b1 c4b1 c4b2 c4b1 cc90 d490 ccb0 ccb1 ccb1 ccb1 ccb1 ccb1 ccb1 cc91 cc91 cc91 ccb1 ccb1 ccb1 ccb1 cc91 cc91 cc91 cc91 d4b1 d4b1 cc91 d4b1 d491 cc91 ccb1 c4b1 c4d1 c4d1 c4d1 c4d1 c4b1 c4b1 c4b0 ccd1 cd12 d532 d553 d573 d594 ddb4 de15 ee97 f6f8 ff39 ff7a ff9a f79a f7ba ffba ffbb ff39 e636 cd52 c4d1 c4d0 c4d1 ccb1 ccb1 d4b1 d4b1 d4b1 d4b1 d491 d491 d491 d4b1 d491 d4b1 d4b1 ccb1 ccb1 ccb1 ccb1 ccb1 d4d2 d4b2 ccb1 cc91 cc91 ccb1 ccb1 ccd1 ccf1 ccf1 cd32 c4f1 b44e bccf ddf4 ee76 ee35 d592 bcef b48e b4ae b48d ac4c 9beb 9b8b 932a 82c9 7247 61c5 5964 4944 4923 4924 4964 4965 4985 5186 4966 4945 4986 4986 4945 4104 59c7 8b4d 8b2d 936d c4d3 d513 ccb2 ccb2 ccb2 ccb1 ccb1 ccb1 ccd2 ccb1 ccb1 cc91 cc91 cc90 d4b1 d4b1 d4b1 d4b1 d4b1 d4b1 d4b1 d4b1 d4b1 d4b0 d4b1 d4d1 d4f1 d4d1 d4d1 d4d1 d4d1 d4d1 d4d1 d4d1 d4d1 d4d1 d4d1 d4d1 ccb1 d4b1 d4b1 d4b1 d4b1 ccb1 ccb1 ccb1 d4b1 d4b1 d4b1 d4b1 d4b1 d4b1 dcb1 d4b0 d4b0 d4b1 d4b1 d4b1 d4b1 d4b1 d4b1 d4b1 d4b1 d4d1 dd12 dd12 dd12 d4d1 cc90 c46f cc90 ccd1 dd32 dd53 d4f1 bc8f bc4f c4b0 d511 ccd1 ccb0 cc90 dcd1 dcd1 d4b1 dcb1 dcb1 dc90 dc90 dc91 dc91 dcb1 dcb1 dc91 dc91 dcb1 dcb1 dc91 d4b1 d4b2 d4b2 d4b2 d4b2 d4b2 d4b2 d4b2 d492 d4b2 d4b2 d4b2 d4b2 d4b3 d4b3 d4b3 d4b3 d493 d493 d493 d4b3 d4b3 d493 d4b3 d492 d4b2 d4b1 d491 d491 d491 d491 d4b1 d4b1 d4b1 d4b1 d4b1 d4b1 d4b1 d4b1 d4b1 d4b1 d4b1 d4b1 d4b1 d4b1 d4b1 d4b1 d4b1 d4b1 d4b1 ccb1 ccb1 ccb1 ccb1 ccb1 ccb1 ccb1 d4b1 d4b1 ccb1 ccb1 ccb1 ccb1 ccb1 ccb1 ccb1 d4b1 ccb1 ccb1 d4b1 d4b1 d4b1 ccb1 ccd0 ccd0 c4d0 ccd0 ccd1 ccd1 ccd1 c4d1 c4d1 c4d1 ccd1 ccd1 ccb1 ccb1 
cc70 cc90 d4b1 d4b0 d490 ccb0 ccd0 c4d1 c4b1 c4b1 c4d1 ccb1 ccb0 d4af ccb0 ccb0 ccb1 ccb1 ccb1 ccb1 ccb1 ccb1 ccb1 ccb1 ccb1 ccb1 ccb1 ccb1 ccb1 ccb1 ccb0 ccb0 d4b0 ccb0 ccb0 d4b0 ccb0 ccb0 ccb0 ccd0 c511 c4f1 bcf1 bcd0 bcd0 c4d0 c4f1 cd11 d552 d593 ddb3 ddd4 ddd4 ddf4 e655 eeb7 f718 ff59 ffba f7ba f7ba f7ba f7ba ffba ff59 e655 cd52 c4f0 c4d0 c4d0 ccb0 ccb0 d4b0 d4b0 d4b0 d4b0 d4b0 d490 d490 d490 d4b0 d4b0 d4b0 ccb0 ccd0 ccd0 ccd0 ccd1 d4b1 d4b1 cc91 cc91 d4b1 d4f1 d4f1 d511 ccf1 ccd0 cd10 bc8f a40c c510 fed6 ff17 e654 cd50 bcee c50f c52f bcee b48c ac4c b44e b44f abed 9b6c 8b0a 7aa9 7248 6207 59a6 5165 4124 4104 4945 4966 4125 4946 5166 4926 4925 6209 8b4e 8b4d 93af cd35 d534 cc91 ccb2 ccd2 ccd2 d4d2 d4d2 d4d2 ccb1 ccb1 cc91 cc91 cc91 d4b1 d4b1 d4b1 d4b1 d4b1 d4b1 d4b1 d4b1 d4b1 d4b0 d4b1 d4d1 d4f2 d4f2 d4d1 d4d1 d4d1 d4d1 d4d1 d4d1 d4d1 d4d1 d4f2 d4d1 d4b1 ccb1 d4d1 d4b1 d4b1 ccb1 ccb1 d4d1 d4d1 d4d1 d4b1 d4d1 d4b1 d4d1 dcb1 d4b1 d4b1 d4b1 d4b1 d4b0 d4b0 d4b1 d4d1 d4b1 d490 d4b1 dd12 dd12 d4f1 cc90 cc70 cc90 ccb1 d4d1 d4f1 ccd1 bc4f a3cc 9b8b b44e ccf1 ccf1 ccb0 cc90 dcf2 dcf1 d490 d490 dcb0 dc90 dcb1 dcb1 dcb1 dc91 dc91 dcb1 dcb1 dcb1 dcb1 dcb1 dcb1 d4b2 d4b3 d4b2 d4b2 d4b2 d4b2 d492 d492 d4b3 d4b3 d4b3 d4b3 d4b3 d4b3 d4b3 d493 d493 d493 d493 d493 d494 d494 d493 d493 d4b1 d4b0 d4b0 d4b0 d4b0 d4b0 d4b0 d4b0 d4b0 d4b0 d4b0 d4b0 d4d0 d4d0 d4b0 d4b0 d4b0 d4b0 d4b0 d4b0 d4b0 d4b0 d4b0 d4b0 d4b0 d4b0 d4b0 d4b0 d4b0 d4b0 d4b0 d4b0 d4b0 d4b0 d4b0 d4b0 d4b0 d4b0 d4b0 d4b0 d4b0 d4b0 d4b0 d4b0 d4b0 d4b0 d4b0 ccb0 ccd0 ccd0 ccd0 c4f0 c4f0 c4d0 ccf0 ccd0 c4d0 c4d0 ccd1 ccd1 ccd1 ccd0 
cc70 d4b1 d4b1 d4b0 d4b0 ccb0 c4b1 c4d1 c4d1 c4d1 c4d1 ccd1 d4b0 d4b0 ccb0 ccb1 ccb1 ccb1 ccb1 ccb1 ccb1 ccb1 ccb1 ccb1 ccb1 ccb1 ccb1 ccb1 ccb1 ccb1 ccb1 ccb1 d4b1 d4b1 ccb1 ccb1 d4b1 ccb1 ccb1 ccd1 ccf2 c4f1 c4d1 c4d1 c4d1 ccf1 cd12 dd53 dd94 e5b5 edd5 edf5 edf5 e616 ee56 ee97 f719 ff5a ff9a f79a f7ba f7ba f7ba ffbb ff59 e636 cd73 c4f1 c4d1 c4d1 ccb0 ccb0 d4b1 d4d1 d4b1 d490 d490 d4b1 d4b1 d4b1 d4b1 d4b1 d4b1 ccb1 ccd1 ccd1 ccd1 ccb1 d4b1 d491 cc91 cc91 d4d1 d4f2 d512 ccf1 ccf1 c4b0 bcaf bc8f bcaf ddd3 fed7 ee35 c510 ac4c b48d bcef bcce ac4c a40b a42c ac2d b40d b42e b42e b44e ac2e a3ed 938c 82ca 6a27 51a5 4924 4124 4124 38e3 4125 4965 4945 59c7 72ab 938e 8b4d 9baf c514 d514 c491 ccb2 ccb2 d4d2 d4d2 d4b2 d4d2 ccb1 ccb1 ccb1 ccb1 ccb1 d4b1 d4b1 d4b1 d4b1 d4b1 d4b1 d4b1 d4b1 d4b1 d4b1 d4b1 d4d1 d4d1 d4d1 d4d1 d4d1 d4b1 d4b1 d4b1 d4d1 d4d1 d4d1 d4d1 d4d1 d4b1 ccb1 d4b1 d4b1 d4b1 d4d1 d4d1 ccb1 ccb1 ccb1 d4b1 d4b1 d4b1 d4d1 d4b1 d4b1 d4b1 d4b1 d4b1 d4d1 d4d1 d4d1 d4b1 d4d1 d4b1 ccb0 d4b1 d4d1 ccb0 ccb0 d4d1 d512 dd12 ccf1 bc4f abac a36b 930a 8ae9 abed ccf1 ccf1 ccb0 ccb0 dd12 dcf2 d490 d490 dcb1 dcb1 dc91 dcb1 dcb1 dc91 dc91 dcb1 dcb1 dcb1 dcb1 dcb1 dcb1 d4b2 d4b2 d4b2 d4b2 d4b2 d4b2 d4b2 d4b2 d4b2 d4b2 d4b2 d4b2 d4b3 d4b3 d4b3 d4b3 d4b3 d4b3 d4b3 d4b3 d493 d493 d493 d4b3 d4b1 d4b1 d4b1 d4b1 d4b1 d4b1 d4b1 d4b1 d4b1 d4b1 d4b1 d4b1 d4d1 d4b1 d4b1 d4b1 d4b1 d4b1 d4b1 d4b1 d4b1 d4b1 d4b1 d4b1 d4b1 d4b0 d4b0 d4b0 d4b0 d4b0 d4b1 d4b1 d4b1 d4b1 d4b1 d4b1 d4b1 d4b1 d4b1 d4b1 d4b1 d4b1 d4b1 d4b1 d4b1 d4b1 d4b1 d4b1 ccb1 ccd1 ccd1 ccd1 ccd1 ccd1 ccd1 ccd1 ccd1 ccd1 ccd1 ccd1 ccb1 c4b1 
c491 ccb1 ccd1 ccb1 ccb0 ccb1 c4d1 c4d2 c4d1 c4d1 c4d1 c4d1 ccb0 ccb0 ccb1 ccb1 ccb2 ccb2 ccb2 ccb2 ccb2 ccb2 ccb2 ccb2 ccb2 ccd2 ccb2 ccb2 ccb2 ccb2 ccb2 ccb2 ccb1 ccb1 ccb2 ccb2 ccb2 ccb2 ccb2 d4d2 ccf3 ccd2 ccb2 ccb2 d4d2 dcf3 e534 ed75 f5b6 f5d7 fdf7 fe17 fe17 f617 f658 fe99 fefa ff3b ff7b ff7b ff7b ff9b ff7b ff9b ff3a e636 cd53 c4f2 c4d1 c4d1 c4b1 ccb1 ccb2 d4d2 d4b2 d4b1 d4b1 d4b1 d4b1 d4b1 d4b1 ccb1 ccb1 ccb2 ccd1 ccd1 ccd2 ccb2 d491 d492 cc71 d492 d4b2 d4d2 d4f2 ccd1 c4d0 bcb0 b46f c4f1 ee55 fef8 ee75 cd71 ac6d ac2c bcce c50f bcad a40b ac0b b46c abea a3a9 abea b40b b42c b44d b44d ac2d a3cc 936a 8b29 7ae9 6206 4943 4123 4943 4964 4984 6a47 832b 938c 8b6c 93ad bcd2 ccf3 c491 cc92 cc92 ccb2 ccb2 ccb2 ccd2 ccb2 ccd2 d4b2 d4b2 d4b2 d4b2 d4b2 d4b2 d4b1 d4b1 d4b1 d4b1 d4b1 d4b1 d4b1 d4b1 d4b1 d4b1 d4d1 d4d1 d4b1 d4b1 d4b1 d4b1 ccb1 ccd1 d4d2 d4d2 d4d1 d4b1 ccb1 ccb1 d4b1 d4b1 d4b1 d4b1 d4b1 d4b1 ccb1 d4b1 d4b1 d4b1 d4b1 d4b1 d4b1 d4b1 dcb1 d4b1 d4b1 d4d1 d4d1 d4b1 d4d1 d4b1 cc90 cc90 cc90 cc90 ccd1 d512 dd33 d512 c470 a38c 8ac9 8ae9 82e9 82c8 a3cd ccf1 d512 c4b0 ccb0 dd12 dcf2 d491 d491 dc91 dcb1 dc91 dc91 dc91 dc91 dc91 dc91 dc91 dc91 dcb1 dcb1 dcb1 d4b1 d4b1 d4d1 d4b1 d4b1 d4b1 d4d1 d4d1 d4b1 d4b1 d4b1 d4b1 d4b1 d4b1 d4b1 d4b1 d4b2 d4b2 d4b1 d4b1 d4b1 d4b1 d4b2 d4b1 d4b1 d4b1 d4b1 d4b1 d4b1 d4b1 d4d1 d4d1 d4b1 d4b1 d4b1 d4b1 d4b1 d4b1 d4b1 d4b1 d4b1 d4b1 d4b1 d4b1 d4d1 d4d1 d4b1 d4b1 ccb1 ccb0 ccd0 ccd0 ccd0 ccd0 ccb0 d4d0 ccb0 ccb0 d4d0 d4d0 ccb0 d4d0 d4d0 d4d0 ccb0 ccb0 d4d0 d4d0 ccb0 ccb1 d4d1 d4b1 d4b1 d4b1 d4b1 d4b1 d491 d491 d491 d491 d491 d491 d4b2 d4b2 d492 d491 
c491 ccb1 d4b1 ccb1 ccb0 ccd0 c4f1 c4f1 c4f1 c4f1 c4d1 c4d1 ccd0 ccd0 ccb0 ccb1 ccb2 ccb3 c4b3 c4b3 ccb3 ccb3 ccb3 ccb3 ccb3 ccb3 ccb2 ccb2 ccb2 ccb2 ccb2 ccb2 ccb2 ccb2 ccb2 ccb2 ccb2 ccb2 ccb2 d4d3 d4d3 d4b2 cc92 d492 d4b2 e4f4 ed35 f596 fdb7 fdd8 fdf8 fe18 fe39 fe38 fe59 feba feda ff3b ff5c ff7c ff7b ff7c ff7c ff7c ff1a e636 cd74 bcf2 bcf2 c4d2 c4d1 c4b1 ccb2 ccb2 d4b2 d4b2 d4b2 d4b2 d4b2 cc92 d4b2 ccb2 ccb2 ccb2 ccd2 ccd2 ccd2 ccd2 d4b2 d472 d472 d492 d4b2 d4b2 ccb1 ccb1 c4b1 c4d1 b46f cd32 ff18 fef8 cd71 b4ae b46d bcce c4ef bcee b48c ac4b ac2b b44b abea abc9 abc9 abca abea ac0b b42c b42c ac2c a40c a40c 9bcc 8b4a 6a67 59c5 5184 5163 4943 7268 8b6b 8b6b 8b2a 93ac bcd1 ccf3 ccb2 ccb2 cc92 cc92 cc92 ccb2 d4b2 d4d2 d4d2 d4d2 d4d2 d4d2 ccd2 d4d2 d4b2 d4b2 d4b2 d4b1 d4b1 d4b1 d4b1 d4b1 d4b1 d4b1 d4b1 d4d1 d4d1 d4d1 d4d1 d4b1 d4b1 d4b2 d4d2 d4d2 d4d2 d4b1 d4b1 d4b1 d4b2 d4b2 d4b2 d4b2 d4b2 d4b2 d4b2 d4b2 d4b2 d4d2 d4d2 d4b1 d4b1 dcb1 dcb1 dcb1 dcb1 d4b1 d4b1 d4b1 d4d1 d4d1 cc91 cc70 cc90 d4b1 dcf2 dd12 d4f2 cc90 bc0e a38c 9b2b 930a 932a 8b2a 82e9 abed d533 d533 c4b0 c490 d4f2 d4d2 d491 d4b1 dcb2 dcb2 dc92 dc91 dc91 dc91 dc91 e491 e491 dc91 dc91 dcb1 dcb1 dcb0 d4d0 d4d0 d4d0 d4d0 d4d0 d4d0 d4d0 d4d0 d4b0 d4d0 d4d0 d4b1 d4d1 d4b1 d4b1 d4b1 d4b1 d4b1 d4b1 d4b1 d4b1 d4b1 d4b1 d4b1 d4b1 d4b1 d4b1 d4d1 d4d1 d4b1 d4b1 d4d1 d4b1 d4b1 d4d1 d4d1 d4d1 d4d1 d4d1 d4d1 d4d1 d4d1 d4d1 d4d1 d4d1 d4d1 d4d1 ccd1 ccb0 ccd0 ccd0 ccd0 ccd0 ccd1 ccd1 ccd1 ccd1 ccd1 ccd1 ccd1 ccd1 ccd1 ccd1 ccd1 ccd1 ccd1 ccd1 ccd1 ccd1 ccd1 d4b1 d491 d492 dc92 dc92 dc92 dc92 dc92 dc92 dc92 dc92 dc92 dc92 d492 d492 
cc91 ccb2 d4b1 d4b1 ccb0 ccb0 c4d1 c4d1 c4d1 c4d1 c4d1 ccd1 ccd0 ccb0 ccb1 ccb1 ccb2 ccb3 ccb2 ccb2 ccb3 ccb2 ccb2 ccb2 ccb2 ccd2 ccb2 ccb2 ccb2 ccb2 ccb2 ccb2 ccb2 ccb2 ccb2 ccb2 ccb2 ccb1 cc91 d4d2 d4d2 d4b2 d4b2 d4b2 dcf3 e534 ed95 fdd7 fdf7 fe18 fe18 fe38 fe79 fe79 fe79 feda fefb ff5b ff7c ff7c ff7b ff7b ff7b ff7b ff1a e636 cd53 c4f2 c4f2 c4d2 c4b1 cc91 ccb2 d4b2 d4b2 d492 d491 d4b2 d4b2 d4b2 d4b2 d4b2 ccb2 ccb2 ccd2 ccd2 ccd2 ccb2 dcb3 dcb3 d4b2 d492 d4b1 d4b2 ccb1 c491 c4b0 c4f1 cd11 ddd3 f696 ddf3 bcce ac6d bccf c50f bcce b46d ac4c ac6c a42b a40a b42b bc2c b40b abea abca a3ca a3cb a3eb ac0c a3ec a3ec a3ec a42d 9bcc 7ae9 6a26 51a4 4943 6a47 832b 830a 8b2b 9bed bcd1 d4f3 ccb2 cc92 cc92 c471 cc92 cc92 ccb2 d4d3 d4d3 d4d3 d4d3 d4d2 d4d2 d4d2 d4b2 d4b2 d4b2 d4b1 d4b1 d4b1 d4b1 d4d1 d4b1 d4d1 d4d2 d4d2 d4d2 d4f2 dcf2 dd12 dcf2 dd12 d4f2 d4d2 d4d2 d4d2 ccb1 ccb1 d4b1 d4b1 d4b1 d4b1 d4b1 d4b1 d4b1 d4b1 d4b1 d4b1 d4b1 d4b1 d4b1 dcd1 dcd1 d4b1 d4b1 dcd2 dcd2 d4d2 d4d2 d4d2 cc91 cc90 d4b1 dd12 dd33 d4f1 bc4f a38c 930a 8ae9 9b2b abad abcd 934b 8b0a b42e dd53 d533 c490 c470 dcf2 dcd2 d491 dcb1 dcb1 dc91 dc91 e492 e492 dc92 dc91 dcb1 dc91 dc91 dc91 dcb1 dcb1 d4b0 d4b0 d4d0 d4d0 d4d0 d4b0 d4d0 d4d1 d4b1 d4b0 d4b1 d4b1 d4b1 d4b1 dcd1 d4b1 d4b1 d4b1 d4b1 d4b1 d4b1 d4b1 d4b2 d4b2 d4b1 d4b1 d4b1 d4b1 d4b1 d4b1 d4d1 d4d1 d4b1 d4b1 d4b1 d4d1 d4b1 d4b1 d4d1 d4d1 d4d1 d4d1 d4d1 d4d1 d4d1 d4d1 d4d1 d4d1 d4d1 ccb1 ccd1 ccd1 ccb1 ccb1 d4d1 d4d1 d4b1 d4b1 d4b1 d4b1 ccb0 ccb0 d4d1 d4d1 ccd1 ccd1 ccd1 ccd1 ccb0 ccd1 ccd1 d4d1 d4b1 d491 d4b2 d492 d491 d491 d491 d491 d491 d491 d491 d492 d492 d492 
c490 ccb1 ccd1 ccb1 ccb1 ccb1 d4b2 d4b2 cc92 cc92 ccb2 ccb2 ccb1 ccb1 ccb1 ccb1 ccb2 ccb2 ccb2 ccb2 ccb2 ccb2 ccb2 ccb2 cc91 ccb1 ccb2 ccb2 ccb2 ccd2 ccd2 ccb2 c490 c491 ccb1 ccd2 d4b2 cc91 c491 c4b2 c4b2 ccd2 d4f3 dd34 e575 ed96 f5d6 fe17 f636 fe57 fe57 fe98 fe98 feb8 fed8 ff1a ff3a ff7b ff9c ff7c ff7c ff5c ff3c ff5c ff1a e637 d574 ccf2 c4d1 ccd2 ccd2 ccb2 ccb1 cc91 cc91 cc91 d492 d492 d492 d492 cc91 ccb1 ccb1 ccb1 d4b1 ccb2 d4b2 cc92 cc92 d4d3 d4f3 cc91 ccb2 d513 ccf1 bcaf ac6e bcef e675 fef7 ddd2 c50f c4ef bcae bc8e bc8e b46d ac4d ac2c ac0d a40c a3ec abeb abea abea abeb a3eb a3eb a3eb a3ec a3eb a3eb abcb abec b40c b44d a42c 93a9 62c5 5223 6265 72e7 7b08 9bab bc2f cc71 cc91 d492 d492 cc92 d492 d492 d492 d4b2 d4b1 d4b1 d4b1 d4b1 d4b1 d4b1 d4b1 d4b1 ccb1 ccb1 ccb1 ccb1 d4b1 d4b1 d4b1 d4b1 ccb0 ccf1 d511 d532 dd53 dd73 e594 e5b4 dd74 dd53 d512 d4f2 d4f2 d4b1 d4b1 d4b1 cc91 d4b0 d4d1 d4d1 d4d1 d4d1 ccb0 ccb0 c46f cc6f d4b0 dcf2 dcf2 dcf2 dcd2 dcd2 d4f2 d4f2 d512 ccb1 c470 d4d2 dd34 d4f3 c4b1 b450 9bad 8b2b 82e9 7ac9 832a 93cc 9c0d 9c0d 8b6b 936a b46f d532 ccd1 ccb1 ccb1 d4b1 d4b1 d491 d471 dc91 dcb1 dc91 dc91 dcb1 dcb1 dcb1 dcb1 d4b1 d4b1 d4b1 d4b1 d4b1 d4b1 dcb1 d4b1 d490 d490 d490 cc70 d490 d4b0 d4d1 dcd1 dcd1 d4b1 d4b1 dcb1 dcb1 dcb1 dcb1 dcb1 dcb1 dcb2 dcb1 d4b1 d4b1 d4b1 d4d1 d4d1 d4d1 d4d1 d4d1 d4d1 d4d1 d4d1 d4d1 d4b1 d4b1 d4d1 d4d1 d4d1 d4d1 d4d1 d4d1 d4d1 d4d1 d4b1 d4b1 d4b0 d4b1 d4b1 dcd2 dcb2 dc92 dc91 d4b1 d490 d4b0 d4d1 d4d1 d4b0 d4b0 d4b0 d4b0 d490 d490 d4d1 d4d1 d4d1 d4d1 d4d1 d4d1 ccd1 ccd1 d512 d512 d4d1 cc91 cc91 cc70 cc70 d490 d491 d4b1 d4b2 d471 d471 d492 
c491 ccb2 ccd1 ccb1 ccb1 d491 d492 d492 d492 d492 cc92 cc92 ccb1 ccb1 ccb1 ccb2 ccb2 ccb2 ccb2 ccb2 ccb2 ccb2 ccb2 ccb2 ccb1 ccb1 ccb2 ccb2 ccb2 ccd2 ccb2 ccb2 cc91 cc91 ccb2 d4b2 ccb2 cc91 c471 c471 c4b2 ccd2 d533 e575 edb5 f5d6 fdf6 fe17 fe37 fe57 fe77 fe97 feb8 feb8 f6d8 ff1a ff5a ff7b ff9c ff9c ff7c ff5b ff3b ff3b ff1a ee57 dd74 ccf2 c4b1 ccb2 ccd2 ccb2 ccb2 ccb2 cc91 cc91 ccb2 d492 d492 cc91 d492 d492 d492 d492 d492 d492 d4b2 cc91 cc91 d4b2 d4f2 ccd2 c491 ccf2 d572 b46e a40d d5b3 fef8 feb7 cd30 c4ae cd10 c4ef bcae b46d ac4c ac2c a40c a3ec 9bec a3ec abcb abcb abcb abeb a40b a40c a40c a3ec a3eb abeb abcb abcb abeb ac2b ac6c ac6c 8c09 7b67 7b27 7b07 72c7 932a bc0e d491 d4b1 d471 d491 d491 d492 d492 d4b1 d4b1 d4b1 d4b1 d4b1 d4b1 d4b1 d4b1 d4b1 d4b1 ccb1 ccb1 ccb1 ccb1 ccb1 ccb1 ccd1 ccd1 ccb1 d4f1 dd53 e594 dd74 d553 cd32 dd73 e5b5 e5d5 dd74 d512 d4f2 d4d2 d4d2 d4b1 d4b1 d491 d490 d4b1 d4d1 d4d1 ccd0 ccd0 ccd0 d4d1 dcd1 dcb1 d490 d491 d491 d491 d4b1 d4b2 d4d2 d4d3 d4f3 d4f3 ccd2 bc50 9bad 8b2b 7ac9 7ac9 832a 8b8c 93ec 93ed 93ac 93ac 938b 936b bc6f d512 c4b1 ccb1 d4d1 d4b1 d4b1 dc91 d470 dc71 dc91 dcb1 dcb1 dcb1 dcb1 dcb1 d4b1 d4b1 d4d1 d4d1 d4b1 d4d1 d4d1 d4d0 d4b0 d490 d490 d490 d490 d490 d4b1 d4b1 dcd1 dcd1 d4b1 d4b1 d4b1 d4b1 dcb1 dcb1 dcb1 dcb1 dcb1 dcb1 dcb1 dcb1 d4b1 d4b1 d4b1 d4b1 d4b1 d4b1 d4b1 d4b1 d4b1 d4b1 d4b1 d4b1 d4b1 d4b1 d4b1 d4b1 d4b1 d4b1 d4b1 d4b1 d4b1 d4b1 d4b1 d4b1 dcb2 dcb2 dc92 dc92 dc91 dc91 dc91 dcb1 dcb1 dcb1 dcb0 d490 dcb0 dcd1 d4d0 d4b0 d4d0 d4b1 d4b1 cc91 cc91 cc91 cc91 cc91 ccb1 ccb1 ccb1 ccb1 ccb1 d491 d4b1 dcb1 dcb1 dc91 d4b1 d491 d491 d4b1 
cc91 ccb2 d4d2 ccb1 ccb1 d492 d492 d492 ccb3 cc92 ccb2 ccb2 ccb1 ccb1 ccb1 ccb1 ccb2 ccb2 ccb2 ccb2 ccb2 ccb2 ccb2 ccb2 ccb2 ccb2 ccb2 ccb2 ccb2 ccb2 ccb2 cc91 cc91 cc91 cc91 d4b2 ccb2 cc91 c471 c471 c4b2 ccf3 dd34 e575 edd6 fdf7 fe17 fe37 fe57 fe57 fe77 fe97 feb8 f6b8 f6d8 ff39 ff7b ff9c ff9c ff7c ff5c ff3b ff3b ff3b fefa ee57 d574 ccf2 c4d1 c4d2 ccd2 ccd2 ccb2 d4b2 cc91 cc91 d492 d492 d492 d491 d4b2 d492 d492 d492 d492 d492 d4b2 cc92 cc71 cc71 d4b2 dcf3 c470 c490 d553 b44e b46e feb7 ff18 ddb2 cd30 c4ef c4ef c4cf bcae bc6d b44d ac0c a40c a40c a40c a40c abeb abcb abcb abeb a40b a40c a40c a3ec a3ec abec abeb abcb abeb a3eb ac2b ac8c accd a48c a48d 9c0c 7ae8 7a67 ab8c dcf3 e513 cc71 d491 d492 d492 d492 d4b2 d4b2 d4b1 d4b1 d4b1 d4b1 d4b1 d4b1 d4b1 d4b1 ccb1 ccb1 ccb1 ccb1 ccb1 ccb1 ccd1 ccd1 ccb1 d4f2 e574 edd5 dd74 c4d1 bc6f c4b0 dd74 ee16 edd5 d512 ccb1 d4d2 d4f2 d4d1 dcb1 d491 d490 d490 d490 d4b1 d4f1 dcf1 dd12 dd12 dcd1 d490 cc50 cc50 cc70 cc91 d491 d4b2 d4b2 dcf3 d513 c471 abce 9b4c 82ca 7268 7288 82ea 8b8b 9bcd 9bed 93ac 8b6b 938b 938b 9b8b bc8f d532 ccd1 ccb1 d4d1 d4b1 d4b1 d491 d491 dc91 dcb1 dc91 dcb1 dcb1 dc91 dcb1 dcb1 d4b1 d4b1 d4b1 d4d1 d4d1 d4b1 d4b0 d4b1 d4b1 dcb1 dcb1 d4b1 d4b1 d4d1 dcd1 dcd1 dcd1 dcb1 dcb1 dcb1 dcb1 dcb1 dcb1 dcb1 dcb1 dcb1 dcb1 d4b1 d4b1 d4b1 d4b1 d4d1 d4d1 d4d1 d4b1 d4b1 d4b1 d4b1 d4b1 d4b1 d4b1 d4b1 d4b1 d4b1 d4b1 d4b1 d4b1 d4b1 d4b1 d4b1 d4b1 d4b1 d4b1 dcd2 dcd2 dcb2 dc92 d491 d491 dcb1 dcb1 dcb1 dcb1 d4b0 d4b0 dcd1 dd11 dcf1 d4d1 d4b0 d4b1 d4b1 cc91 cc91 cc91 cc91 cc91 c490 c490 cc90 d4d1 dcf2 dcf2 dcd2 d4b2 d491 d491 d4b1 dcd2 d4f1 d4d1 
c491 ccb2 d4d1 ccb1 ccb1 d491 d492 d492 d4b2 cc92 cc92 ccb2 ccb1 ccb1 ccb1 ccb1 ccb1 ccb2 ccb2 ccb2 ccb2 ccb2 ccb2 ccb2 ccb2 ccb2 ccb2 ccb2 ccb2 d4b2 ccb2 cc91 cc91 cc91 ccb1 ccb1 ccb1 cc91 c491 cc91 ccd2 d513 e574 edb5 f5f7 fe17 fe37 fe37 fe57 fe77 fe77 feb8 feb8 f6d8 f6f9 ff3a ff7b ff9c ffbc ff9c ff5b ff3b ff1b ff1b feda ee17 d554 ccf2 c4b1 ccb2 ccd2 ccb2 ccd2 d4b2 cc91 cc91 d492 d492 d492 d492 d492 d492 cc91 cc91 d492 d492 d4b2 cc91 cc71 cc71 ccb1 d4f2 c4b1 c490 c4f0 bcaf cd72 ff18 f6b6 c530 c4ef c4ef c4ef c4ce c48e bc6d b42c abec a3eb a3eb a40c ac0c abeb b3cb abcb abeb a40b a40b a3eb a3ec abeb abeb abcb abcb abeb a3ea a3ea ac8c b50e b52f cdd2 cd92 a42d 8309 a36c dd13 e534 cc91 cc91 d4b2 d4b2 d492 d4b2 d4b2 d4b1 d4b1 d4b1 d4b1 d4b1 d4b1 d4b1 d4b1 d4b1 d4b1 d4b1 d4b1 d4b1 d4b1 d4b1 d4b1 d4b1 d4d2 e574 edb5 dd53 c490 b42f c4b0 e594 f616 edd5 d4f2 c470 cc91 d4b1 dcb1 dcb1 dcb1 dcb1 dc91 d491 d491 d4b1 dcd1 d4d1 cc70 cc90 d4d1 d4f2 d4d2 ccb1 ccd2 dd13 dd33 ccb2 b3ef 932c 8aeb 8b0b 8b0b 830a 82ca 7ac9 72a9 7ae9 834b 8b8b 93cc 93ed 93ac 936b a3ac bc90 d512 ccd1 ccb1 d4d1 d4b1 d491 dc91 dc91 dc91 dc91 dc91 dcb1 dcb1 dcb1 dcb1 dcb1 dcb1 d4d1 d4d1 d4d1 d4b1 d4b0 d4b0 d4b0 dcb1 dcd1 dcb1 dcd1 dcd1 dcd1 d4d1 d4b0 d4b0 dcb1 dcb1 dcb1 dcb1 dcb1 dcb1 dcb1 dcb1 dcb1 dcb1 dcb1 dcb1 d4b1 d4b1 d4d1 d4d1 d4b1 d4b1 d4b1 d4b1 d4b1 d4b1 d4b1 d4b1 d4b1 d4b1 d4b1 d4b1 d4b1 d4b1 d4b1 d4b1 d4b1 d4b1 d4d1 d4b1 dcd2 dcd2 d4b1 d4b1 d4b1 d4b1 d4b0 d4b0 d4b0 d4b0 ccb0 ccb0 d4f0 dd11 d4f1 d4d0 ccd0 ccd0 d4f1 d512 dd32 dd33 dd33 dd33 dd53 e574 e573 dd53 dd13 d4d2 cc91 c470 c470 cc90 d4d1 d512 d532 ccf1 
cc91 ccb2 d4d2 ccb1 ccb1 ccb1 d492 d492 cc92 cc92 cc92 ccb2 ccb1 ccb1 ccb1 ccb1 ccb1 ccb2 ccb2 ccb2 ccb2 ccb2 ccb2 ccb2 ccb2 ccb2 ccb2 ccb2 ccb2 ccb2 ccb2 ccb1 cc91 cc91 ccb1 ccb1 ccb1 ccb1 cc91 ccb2 d4f3 dd34 e595 f5d6 fe17 fe37 fe37 fe57 fe77 fe98 fe98 feb8 fed8 f6d8 f6f9 ff3a ff9b ffbc ffbc ff9c ff7b ff3b f71a ff1a feda ee16 d554 ccd2 c4b1 ccb2 ccd2 ccb2 ccd2 d4b2 ccb2 ccb2 d492 d492 d492 d492 d492 d492 d492 d492 d4b2 d4b2 d4b2 cc91 cc91 ccb1 ccb1 ccb1 ccf1 c4b0 ac4e cd51 f6b6 f6b6 ddd3 c4ef c4ce c4ce c4ce c4ae bc8e bc4d b42c ac0c a3eb a3ec a40c ac0c abeb b3ea b3ea abeb a40b a40b a40b a3eb abeb abeb b3eb b3eb ac0b ac0b a40a a46c accd b50e de54 f6d7 ddf4 ac0d abad dcf2 dd13 cc91 d4b1 d4b2 d4b1 d4b1 d4b1 d4b1 d4b1 d4b1 d4b1 d4b1 d4d1 d4b1 d4b1 d4b1 d4b1 d4b1 d4b1 d4b1 d4b1 d4b1 d4b1 d4b1 d4b1 d4f2 dd53 e594 dd74 d533 dd33 e574 edf6 f616 edb5 d4d2 c470 cc70 d491 dc91 e4b2 e4d2 e4d2 dcb1 dc91 d490 d490 d490 d4b0 cc90 ccb1 d4f2 dd33 dd33 dd13 d4f2 ccb2 bc30 a3ad 930b 8289 8289 82aa 8aeb 8b2b 830b 7ac9 7288 6a88 72c9 7b4a 93cc 9c2e 9bcd 936b abed c4b0 d512 ccd1 ccb1 d4b1 d4b1 d491 dc91 dcb1 dcb1 dc91 dc91 dcb1 dcb1 dcb1 dcb1 dcb1 dcd1 d4d1 d4d1 d4d1 d4b1 d4b0 d4b0 d4b0 d4b1 dcd1 d4d0 dcd1 d4d1 d4b1 d4b1 d4b1 d4b1 dcb1 dcb1 dcb1 dcb1 dcb1 dcb1 dcb1 dcb1 dcb1 dcb1 dcb1 dcb1 d4b1 d4b1 d4b1 d4b1 dcb1 dcb1 d4b1 d4b1 d4b1 d4b1 d4b1 d4b1 d4d1 d4d1 d4b1 d4b1 d4b1 d4b1 d4b1 d4b1 d4b1 d4b1 d4b1 dcd1 dcd1 dcd2 d4b1 d4b1 d4b1 d4b1 d4d0 d4d0 d4d0 ccd0 ccd0 ccaf cccf ccf0 d4f0 d4f0 d4f1 d512 dd52 e574 edb5 f5f5 f5f6 f5f6 fe37 fe37 f616 edd5 ed94 e574 e553 dd12 dd12 d4f2 d4f1 ccf1 ccf1 c4d1 
c491 ccb2 ccd2 ccb1 ccb1 ccb1 d4b2 d4b2 cc92 cc92 cc92 ccb2 ccb1 ccb1 ccb1 ccb1 ccb1 ccb2 ccb2 ccb2 ccb2 ccb2 ccb2 ccb2 ccb1 ccb2 ccb2 ccb2 ccb2 ccb2 ccb1 ccb1 cc91 cc91 ccb1 ccb1 ccb1 ccb1 ccb2 d4f3 d534 dd75 edb6 f5f7 fe17 fe38 fe37 fe57 fe77 fe98 feb8 fed9 fed8 fef8 ff19 ff3a ff9b ffbc ffbc ff9c ff5b ff3b f6fa fefa feb9 e5f6 d533 ccd2 c4b1 ccb1 ccd2 ccb2 d4b2 d4b2 d4b2 d492 d4b1 d491 d491 d492 d492 d492 d492 d492 d4b2 d4b2 d4b2 d492 cc91 ccb1 ccb1 c4b1 ccd1 bcb0 ac4e e635 ff39 ddd3 bcef bccf bcce bcae bcae bc8e bc6d b44d b42c ac0c a3eb abeb a40c ac0b abea b3ea b3ea abeb abeb ac0b abeb abeb abeb abeb abeb abeb ac0b ac2b ac2b ac8d a48c a4ad de54 ff9a ff18 c4f1 b3ce d4b2 dcf2 cc91 d4b1 d4b1 d4b1 d4b1 d4b1 d4b1 d4b1 d4b1 d4b1 d4b1 d4b1 d4b1 d4b1 d4d1 d4b1 d4b1 d4b1 d4b1 d4b1 d4b1 d4b1 d4b1 d4d1 d4f2 dd12 dd53 edb4 f616 fe78 feb8 fe78 f5f6 e554 d4d2 cc91 d491 d491 dc91 dcb1 e4b2 dcb1 dcb1 dc91 d490 d490 d490 d4b0 dd12 dd12 d4d1 d4b1 d4d2 d4d2 c450 a38d 92ea 82a9 8aeb 932c 8aeb 82ca 82ca 7ac9 7289 6a68 6a68 7288 7ae9 836b 93cc 9bed 93ac 9b8b b42e c4d1 d4f2 ccd1 ccd1 d4b1 d4b1 d491 dc91 dcb1 dcb1 dcb1 dcb1 dc91 dc91 dcb1 dcb1 dcb1 dcd1 d4d1 d4d1 d4d1 d4d1 d4b1 d4b1 d4b1 d4b1 d4b1 d4b1 d4d0 d4d0 d4d1 dcd1 dcd1 dcd1 dcd1 dcb1 dcd1 dcb1 dcb1 dcb1 dcb1 dcb1 dcb1 dcb1 dcb1 dcb1 dcd1 d4d1 d4b1 d4b1 d4b1 dcd1 d4d1 d4d1 d4d1 d4d1 d4b1 d4b1 d4d1 d4d1 d4d1 d4d1 d4d1 d4d1 d4d1 d4d1 d4b1 d4b1 dcd1 dcd1 d4d1 d4d1 d4b1 d4b1 d4d1 d4b1 d4d1 d4d1 d4d0 ccd0 ccd0 ccb0 ccaf ccd0 d511 dd31 dd52 e573 e5b4 edd5 f616 fe57 fe57 fe77 fe57 fe57 fe37 fe16 fe36 fe37 fe57 fe57 fe17 edd5 dd53 ccf1 c4b0 c4b0 
c491 ccb1 d4d1 ccb1 d4b1 d4b1 d492 d492 d492 d492 cc92 cc92 ccd1 ccd1 ccb1 ccb1 ccb1 ccb1 ccb1 ccb1 ccb1 ccb1 ccb1 ccb1 ccb1 ccb1 ccb1 ccb1 d4b1 cc91 cc91 cc91 cc91 cc91 ccb1 ccb1 d4b2 d4b2 d4d2 dd13 dd54 e595 f5d6 fe17 fe37 fe38 fe37 fe57 fe78 feb9 fed9 fef9 fef9 f719 f739 ff7b ffbc ffdc ffdc ff9c ff5b f71a f6fa feda fe99 e5d5 d533 ccd2 c4b1 ccb2 ccd2 ccd2 d4b2 d4b2 ccb2 d4b2 d4b2 d4b2 d4b2 d4b2 d492 d492 d4b2 d4b2 d4b2 d4b1 d4b2 d491 cc91 ccb1 ccd1 ccd1 bc6f bc8e d592 fef7 fef7 c530 b48d bccf bcae bcae bc8e bc4d b44d b42c b40c b40c ac0b abeb abeb abeb b3ca b3ca b3ca b3eb abeb ac0b ac0b abeb abeb abeb b3cb b3eb abea ac2b b48c bd0e aced a4cd d654 ff9a ff38 c511 b3cd d4b2 dcf2 ccb1 d4b1 d4b2 d4b1 d4b1 d4b1 d4b1 d4b1 d4b1 d4d1 d4d1 d4b1 d4b1 d4b1 d4b1 d4b1 d4b1 d4b1 d4b1 d4b1 d4b1 d4b0 d4b1 d4d1 d4d2 dcd2 dcf2 ed95 fe57 fef9 fefa fe77 ed94 d512 d4b1 dcd2 dcd2 dcd2 dcb1 dc91 dc91 dc91 dc71 d491 d4b1 d4b1 d4b1 d4d2 d4d2 d512 ccf2 bc91 abee 936c 8b0b 8b0b 932c 8b4c 8b0b 82eb 82eb 7aca 6a69 6227 59e6 59e6 6247 72c9 834b 8bac 93cc 93ac 936b 9bac bc6f ccd1 d4f1 d4d1 d4b1 d4b1 d4b1 d490 dcb1 dcd2 e4b2 dcb1 e491 dc91 dc91 dcb1 dcb1 dcb1 dcd1 dcd1 dcd1 dcd1 dcd1 dcd1 dcd1 d4d1 d4b1 d4b0 d4b0 d4b1 d4d1 dcd1 dcd1 dcd1 dcd1 dcd1 dcd1 dcd1 dcd1 dcb1 dcb1 dcb1 dcb1 dcb1 dcb1 dcb1 dcb1 dcd1 dcd1 dcd1 dcd1 dcd1 dcd1 dcd1 dcd1 dcd1 dcd1 dcb1 dcb1 dcd1 dcd1 dcd1 dcd1 dcd1 dcd1 dcd1 dcd1 dcd1 dcd1 dcd1 dcd1 d4b1 d4b1 d4d1 d4d1 d4d1 d4d1 d4d0 d4f0 ccf0 ccf0 ccf0 ccf0 ccf0 d531 dd72 e5b3 edd4 edf4 edd4 edd4 edf4 f5f5 f615 f615 f5f5 edd5 edd5 f5d5 f5f5 fe57 fe98 feb8 fed8 fe97 ee15 e5b4 d552 cd31 
cc71 d4b2 d4b1 d4b1 d4b1 d4b1 d492 d492 d492 d492 cc92 cc92 ccb1 ccd1 ccb1 ccb1 ccb1 ccb2 ccb2 ccb2 ccb2 ccb2 ccb2 ccb2 ccb2 d4b2 d4b2 ccb2 ccb2 ccb1 cc91 ccb1 ccb2 ccb2 cc91 cc91 d4b2 d4b2 d4f3 dd34 ed95 edb6 f5f6 fe17 fe37 fe37 fe57 fe57 fe98 fed9 fefa fef9 f6f9 f719 f73a ff7b ffbc ffdd ffdc ff9c f75b f71a eed9 f6d9 f678 e5b5 d513 c4b2 c4b1 ccb1 ccb1 ccb2 d4d2 d4b2 d4b2 d492 d4b2 d4b2 d4b1 d491 d492 d4b2 d4b2 d4b2 d4b2 d4b1 d4b1 ccb1 c490 ccd1 ccf1 ccd1 ac0d bcaf f6b6 ff38 e614 c4ef b4ae bcce bcae bc8d bc4d b42c b42c b40c b40c b40c b40c abeb abeb abcb b3cb bbca b3ca b3eb abeb ac0b ac0b abeb abeb b3eb b3cb b3cb abca ac2b bc8c c52f bd2f b50f e695 ff7a f6b7 bcaf abad d4b2 dd13 ccb1 d4b1 d4b2 d4b1 d4d1 d4b1 d4b1 d4b1 d4b2 d4b1 d4b1 d4b1 d4b1 d4b1 d4b1 d4b1 d4b1 d4b1 d4b1 d4b1 d4b1 d4b0 d4b1 dcb1 d491 d4b1 dcd2 e554 edf6 fe57 f657 edf5 dd53 d4d1 d4b1 dcd2 e4f2 dcd2 dcb1 dc91 dc71 dc71 dc92 dcb1 dcb1 dcb1 dcb1 d4b1 ccb1 bc90 ac2f 9bad 8b2b 82ea 82eb 934c 934c 8b2c 7aaa 6a48 6a48 6a48 6207 59e6 51c6 59e6 6247 72c9 836b 8bac 93cc 93cd 936c a3ac c490 d4d1 d4d1 d4d1 d4d1 d4d1 dcd1 d4b0 dc90 dcd1 e4d2 dcb1 dc91 dcb1 dcb2 dcb2 dcb1 dcb1 dcb1 dcb1 dcd1 dcd1 dcd1 dcd1 d4d1 d4b1 d4b1 d4b0 d4b0 d4b0 dcb1 dcd1 dcd1 dcd1 dcd1 dcd1 dcd1 dcd1 dcd1 dcd1 dcd1 dcd1 dcd1 dcd1 dcb1 dcd1 dcb1 dcd1 dcb1 dcd1 dcd1 dcb1 dcb1 dcd1 dcd1 dcd1 dcd1 dcd1 dcd1 dcd1 dcd1 dcb1 dcb1 dcb1 dcb1 dcd1 dcd1 dcd1 dcd1 dcd1 dcd1 d4b1 d4b0 d4d0 d4f1 d4f0 d4f1 d511 d511 d510 cd10 cd10 cd10 d551 ddb2 edf4 f655 f655 f635 edf4 e5b3 e593 e573 e573 e573 e553 e573 e573 e553 e573 e593 edd5 f5f6 f636 fe77 feb7 fed8 ee76 ddf4 
c491 ccb1 ccd1 d4b1 ccb1 d491 d492 d492 cc92 cc92 cc92 ccb2 ccb1 ccb1 ccb1 ccb1 ccb1 ccb1 ccb1 ccb1 ccb1 ccb1 ccb1 ccb1 cc91 cc91 ccb1 ccb1 ccb1 cc91 cc91 cc91 cc91 cc91 cc91 ccb1 d4b2 d4d2 dd13 e574 edb5 edd6 f5f7 fe17 fe37 fe37 fe38 fe58 fe98 fed8 fef9 ff19 ff19 ff1a ff5a ff9c ffbc ffdc ffdd ff9c f75b f6fa eed9 f6b9 ee57 dd94 cd12 c4b1 c4b1 ccb1 ccd2 d4b2 ccb1 d4b1 d4b2 d4b2 d4b1 d4b2 d4b2 d4b2 cc91 ccb1 d4b1 d4b1 d4b1 d4b1 d4d2 cc91 bc4f ccd1 cd11 bc6f b42d d572 ff39 f6b6 c52f bcce bcce bcce bcae bc6d b44c b42c abeb abeb b40c b40c b40c b3ec abec abeb abca b3ea b3ea abea ac0a ac0b ac0b ac0b abeb abcb b3eb b3eb abeb b42b b48d bcee b50d bd6f eef6 ffba e655 ac4e abad d4d2 dcf3 cc91 d4b1 d4b1 d4b1 d4b1 d4b1 d4b2 ccb1 d4b1 d4d1 d4d1 d4d1 d4b1 d4d1 d4d1 d4b1 d4b1 d4b1 d4b1 d4b1 d4b1 d4b1 dcd1 cc90 cc70 d4b0 dcf2 dd12 dd33 dd33 e553 dd12 d4d2 d4d1 d4b1 dcb1 dc91 dcb2 dcb1 dcb1 dcd1 dcd2 e4f2 e4f2 dcb1 d491 cc50 bc2f bc0f a3ce 8b0b 82a9 8aea 934c 9b6d 8b0b 7289 6227 6207 6207 59c6 59c6 61e7 5a07 6207 6227 6247 6a88 7aea 836b 93cd 93ed 8b8b a3cc ccf1 d4f1 ccb0 d4d1 d4d1 d4b1 dcb1 d491 dc91 e4b2 e4b2 e4b2 e4b2 dcb1 dcb1 dcb1 dcb1 dcd1 dcd1 dcd1 dcd1 d4b1 d4b1 d4b1 d4b1 d4b1 d4b0 d4b1 d4b1 d4b0 d4b0 d4d0 d4d0 d4d1 d4d1 dcd1 dcd1 dcb1 dcb1 dcb1 dcd1 dcb1 dcb1 dcb1 dcd1 dcb1 dcb1 dcd1 dcd1 dcd1 dcb1 dcd1 dcd1 dcb1 dcb1 dcb1 dcb1 dcb1 dcb1 dcb1 dcb1 dcd0 dcd0 dcd1 dcd1 dcb1 dcb1 dcd1 dcd1 dcb1 dcb1 d4b0 d4b0 d4b1 d4d1 d4f1 d511 ccf0 cd10 d530 d530 d551 d551 dd92 e5f3 ee14 f656 fe76 f635 edd4 dd73 dd52 dd52 d531 d511 d532 dd32 dd32 d512 d4f2 d4f1 ccb1 d4f1 dd53 edd5 f697 ff19 ff19 f6d8 
cc71 d4b1 d4d1 d4b1 d4b1 d491 d491 d492 cc92 cc92 cc92 ccb2 ccb1 ccb1 ccb1 ccb1 ccb1 ccb1 ccb1 ccb1 ccb1 ccb1 ccb1 ccb1 ccb1 ccb1 ccb1 d4d1 d4b1 cc91 cc91 cc91 cc91 cc91 cc91 cc91 d4b2 d4d2 dd13 ed95 f5d6 f5f6 f616 fe37 fe57 fe57 fe77 fe98 feb8 fed9 fef9 ff19 f73a f73a f75a ff9c fffd fffd ffdd ff9c f73b eefa eed9 f6b9 ee37 e594 ccf2 ccb1 c4b1 ccb1 ccb1 ccb1 d4b1 d4b2 d4b1 d4b2 d4b1 d4b1 d4b1 d4b1 d4b1 d4b1 d4b2 d4b1 ccb1 d4b1 d4d2 cc91 c46f cd11 ccf0 b44d cd10 f676 fef7 d5d3 bccf bcef bcef bccf bc6d b44d b42c b40c abeb b3eb b40c b40c ac0c ac0b abeb abcb b3ca b3ea b3ea b3ea ac0a ac0b abeb abeb abeb abeb b3cb b3eb b42b b44c b46c ac8c aced c5b1 f758 ffba de35 b42e abad d4b1 dd12 ccb1 d4d1 d4d1 d4d1 d4b1 d4b1 d4b1 d4d1 d4d1 d4d1 d4d1 d4d1 d4d1 d4b1 d4b1 d4b1 d4b1 d4b1 d4b1 dcb1 d4b0 d4b0 dcb1 d490 d470 dcb1 e4f2 dcf2 d4b1 cc90 ccb1 ccd1 d4f1 d4f1 d4f1 d4d1 cc90 cc70 d491 dcd1 dcf2 dd12 dcf2 ccd2 c490 b42f abee 9b8d 8b2b 8b2b 8b4c 8b4c 832b 7aca 6a48 5a07 51c6 51c6 5a07 6228 59e7 51c6 59e6 5a07 5a07 5a47 6288 72c9 7b2b 8b8c 8bac 93ac 936b abed d4f1 d4f1 cc90 d4d1 dcd1 dcd1 dcd1 dcb1 dcb1 e4d1 e4b1 e4b1 e4b1 e4b1 dcb1 dcb1 dcb1 dcb1 dcb1 dcb1 dcd1 dcd1 d4b1 ccb0 d4b1 d4d1 d4f1 dcf2 dcf2 dcf1 dcf1 dcd1 d4d1 d4b0 d4d0 dcd1 dcd1 dcd1 dcd1 dcd1 dcd1 dcb1 dcd1 dcd1 dcd1 dcb1 dcd1 dcd1 dcb1 dcb1 dcb1 dcb1 dcd1 dcb1 dcb1 dcb1 dcb1 dcd1 dcb1 dcb1 dcb1 dcb1 dcb1 dcb1 dcb1 dcb1 dcb1 dcb0 dcb0 dcb1 dcb1 dcb0 d4d0 d4d0 d4d0 d4f0 d4f0 d4f0 d511 d551 dd51 dd92 ddb2 e5f3 ee14 f655 fe76 fe75 f614 e593 dd52 dd32 dd32 dd32 e512 dcf1 d4b0 dcd1 dd12 dd12 dd12 dcf1 d4f1 dd11 e573 edf5 f656 feb8 ff19 
cc71 ccb1 d4b1 d4b1 d4b1 d491 d492 d492 cc92 cc92 d492 ccb2 ccb1 ccb1 ccd1 ccb1 ccb1 ccb1 ccb1 ccb1 ccb1 ccb1 ccb1 ccb1 ccb1 ccb1 ccb1 d4b2 d4b1 cc91 cc70 cc91 cc91 cc91 cc91 cc91 ccb1 d4d2 dd13 ed95 f5d5 f5f6 f616 fe37 fe57 fe77 fe78 fe98 feb8 fed9 f6f9 ff19 f75a f73a f77a f7bc fffd fffd fffd ffbc f75b eefa eeb9 ee98 ee37 dd74 ccf2 c4b1 c4b1 ccb1 ccd1 ccb1 d4d2 d4b2 d4d2 d4b1 d4b1 d4b1 d4b1 d4b1 d4b1 d4b1 d4b2 d4b2 d4b1 d4b1 d4d1 d4d1 ccd0 cd11 bc8f ac0d de14 ff59 de14 bcef b4ae bccf bcef bcce b44d b42c b42c b40c abeb b3eb b3eb b3eb abeb abeb abeb abeb b3ea b3ca b3ea b3ea ac0a ac0b ac0b ac0b ac0b b3eb b3eb b3eb b40b bc6c bcad b48c aced cdd1 f778 ff99 d5f4 ac2e b3cd d4b1 dcf2 ccb1 d4d1 d4d1 d4d1 d4d1 d4d1 d4d1 d4d1 d4d1 d4d1 d4d1 d4d1 d4d1 d4b1 d4b1 dcb1 dcb1 dcb1 dcb1 dcb1 dcb1 dcb1 dcb1 dc91 d491 e4b2 e4f3 dcf2 d4b1 cc90 ccb1 ccd1 d4f1 d4f1 d4f1 d4f1 d4b1 d4b1 d4d1 d4f2 d4d1 ccb1 c490 bc4f abee a3ad 9b8c 936c 830a 7aea 830b 7b0a 72a9 6227 51a6 4985 49a6 51e7 5a27 6248 5a28 5a07 5a07 51e6 51e6 5a27 6288 730a 836c 8bcc 8bac 8b8b 8b2a abcd dd12 dcf1 cc4f d4b1 dcd1 dcd1 e4d2 dcb1 dc91 e4b1 e4b1 e4b1 e491 dcb1 e4b1 dcb1 dcb1 dcb1 dcb1 dcb1 dcd1 dcd1 d4b1 d4b1 d4d1 dd32 e553 ed94 ed94 f594 ed73 e532 dcf1 dcd1 dcd1 dcd1 dcd1 dcd1 dcb1 dcb1 dcb1 dcd1 dcd1 dcb1 dcb0 dcb1 dcb1 dcb1 dcb1 dcb1 dcd1 dcd1 dcd1 dcb1 dcb1 dcb1 dcb1 dcb1 dcb1 dcb1 dcb1 dcb1 dcb1 dcb1 dcb1 dcb0 dcb0 dcb0 dcb0 dcb0 dcd1 dcd0 dcd0 d4d0 d4d0 d4cf d4d0 ccf0 cd10 d530 dd92 e5d3 e5d3 ee34 f675 feb6 feb6 fe76 edf4 e572 dd31 dd31 dd11 dd31 dd11 d4d0 d4b0 d4d0 dd11 e512 e532 dd12 dd11 dd32 dd52 dd93 ddb3 ee35 fed7 
cc91 d4b1 d4d1 ccb1 d4b0 d4b1 d492 d492 d492 d492 d492 ccb2 ccb1 ccb1 ccd1 ccb1 ccb1 ccb1 ccb1 ccb1 ccb1 ccb1 ccb1 ccb1 ccb1 ccb1 ccb1 ccb1 ccb1 cc91 cc91 cc91 cc91 cc91 cc91 cc91 d4d2 d4f2 dd33 ed95 f5d5 f5f6 fdf6 fe37 fe57 fe78 fe98 fe98 feb8 feb8 f6d8 f719 ff3a f75a f77b ffbc fffd fffd fffd ff9c f75b ef1a eed9 ee78 ee16 dd54 ccd2 c491 ccb1 ccb1 ccb1 ccb1 d4b1 d4d2 d4b1 d4b1 d4b1 d4b1 d4b1 d4b1 d4b2 d4b2 d4b2 d4b2 d4b1 d4b1 ccb1 d4f2 d532 c4af b42d bccf f6d7 ff59 c571 ac8e b4ae bccf bcef bcae b44d b42c b42c b40c b40c b3eb abeb abcb abeb abeb ac0b b3eb b3ea b3ea b3eb b3ea ac0b ac0b ac0b abeb ac0b b3eb b3eb b3cb abeb b44c c4ee bcee bd4f ce12 f758 ff38 cd92 ac2e b40e d4b1 d4f2 d4b1 d4d1 d4d1 d4d1 d4d1 d4b1 d4d1 d4d1 d4d1 d4d1 d4d1 d4d1 d4b1 d4b1 d4b1 dcd1 d4d1 dcb1 dcb1 dcb1 dcb1 dcb1 dcb1 dcb1 d470 dc91 dcd2 dcd2 dcd1 d4d1 d4f2 d4f1 d4f1 d4d1 d4d1 d4f1 dcf2 d4f1 d4d1 cc90 c44f b40e abad a36c 9b4b 934b 934b 8b4b 8b0b 72a9 6227 51a5 51a5 59c6 5a07 5a27 5a07 51e7 51e7 5207 5a27 5a07 51e7 51c6 51c6 5a06 6268 7b0a 836c 8bcd 8bac 938c 934b b3ed dd32 dcf1 cc4f d4b1 dcd1 dcd1 dcd1 dcb1 dcb1 dcb1 e4b1 e4b1 e4b1 dcb1 dcb1 dcb1 dcb1 dcb1 dcb1 dcb1 dcb1 dcd1 dcd1 dcf2 dd32 e573 ed94 f5f5 fdf5 fdf5 f5d5 ed94 e553 e512 dcf1 dcd1 dcd1 dcd1 dcd1 dcd1 dcd1 dcd1 dcd1 dcd1 dcd1 dcd1 dcb0 dcd1 dcd1 dcd1 dcd1 dcd1 dcd1 dcd1 dcd1 dcb1 dcb1 dcd1 dcd1 dcd1 dcd1 dcd1 dcd1 dcd1 dcd1 dcd1 dcd1 dcd1 dcd1 dcd1 dcd1 dcd0 dcd0 dcf0 d4d0 d4cf cccf ccd0 d4f0 d551 dd92 e5d3 ee14 f696 fed7 fef7 fed7 f655 edd3 dd51 d510 d510 dcf0 dcf1 dcd0 dcd0 dcd1 dcd1 d4d0 d4b0 d4b0 d4d1 d4f1 dd32 dd52 dd93 dd93 ddd4 e635 
ccb1 d4d2 d4d1 d4b0 d4b0 d491 d492 d492 d492 d492 d492 ccb2 ccb1 ccb1 ccb1 d4b1 d4b1 d4b1 d4b1 d4b1 d4b1 d4b1 d4b1 d4b1 d4b1 d4b1 d4b1 ccb1 ccb1 ccb1 cc91 cc91 cc91 cc91 d4b1 d4b1 d4f2 dd33 e553 edb5 f5f5 f5f6 fe16 fe37 fe57 fe78 fe98 feb8 fed9 f6d9 f6f9 f71a f75a f77b f79b ffdc fffd ffdd ffbc f73b eef9 eeb9 ee98 ee57 e5b5 dd33 ccd2 cc91 ccb1 d4b2 d4d2 d4d2 d4b1 d4b1 d4b1 d4d2 dcd2 d4b1 d491 d4b1 d4d1 d4d1 d4b1 cc91 d4b1 d4b2 ccb1 d4f2 d552 ac0d ac2d ee97 ff5a e676 c531 b4cf bcf0 c531 bcf0 b4af b48e bc6e bc6e b44d b42d b40d abec abec a3cb a3cb a3ab a3ab b3eb b3eb b3eb abeb a3eb a40b a40b a3ec a3eb abeb abeb b3ec b42c b42c b48c bcee cdd1 e694 ff58 f6d7 cd51 b44e bc2f d4b1 dcf2 d4b1 d4d1 d4d1 d4d1 d4d1 d4b1 d4d1 d4d1 d4d1 dcd1 dcd1 d4b1 d4b0 d4b0 dcd1 dcf1 dcf2 dcf1 dcd1 d4b0 d490 d4b0 dcd1 dcb1 dc70 dc71 dc91 dcd1 dcd1 dcf1 dd32 dd52 d511 cd10 ccf0 ccf0 c4af b42e a3ac a3ac abed a3ed 936b 8b2a 832a 7b2a 6aa8 6247 6247 6227 59e6 51a5 51a5 51c6 51e6 51e7 51e7 51c6 49c6 49c6 51e7 5207 51e6 51c6 51e6 6247 6aa9 832a 8b8c 93ac 938c 936b abed cc90 dcf1 dcd1 d4b0 dcd1 dcd1 e4d1 e4d1 e4d1 dcb0 dcb1 e4b1 e4b1 e4b1 e4d1 e4d1 e4d1 e4d1 e4d1 e4d1 e4d1 e4d1 dcd1 e512 e573 ed94 edb4 edb4 edb4 ed93 e553 ed73 f5b5 fdf6 f5d5 e533 dcd1 d490 dcd0 dcd1 e4f1 dcd1 dcd0 dcd0 e4f1 e4f1 e4d0 dcb0 dcd0 e4d1 e4d0 e4d0 e4b0 e4d0 e4b0 e4b0 e4b0 e4b0 e4b0 e4d0 e4b0 e4b0 e4d1 e4d1 e4d1 e4d1 e4d1 e4d1 e4d1 e4d1 e4d1 e4d1 e4d0 e4d0 e4f1 dcd0 dcd0 d4d0 d4d0 dd51 edd4 e5d3 e5b3 f696 fed7 fef8 fed7 fe96 ee14 e592 dd11 dcf0 dcf0 e4f1 e4d0 e4b0 e4b0 e4d1 e4d1 e4b1 dcb0 dcb0 dcd1 dcd1 dcf1 dcf1 dd11 d531 dd73 edf5 
ccb1 d4d1 d4d1 d4b0 d4b0 d491 d491 d492 d492 d492 d492 ccb2 ccb1 ccb1 ccb1 ccb1 d4b1 d4b1 d4b1 d4b1 d4b1 d4b1 d4b1 d4b1 d4b1 d4b1 d4b1 d4b1 ccb1 d4b1 d4b1 ccb1 cc91 cc91 d4b1 d4d2 dd13 e533 ed74 f5b5 f5f5 fe16 fe16 fe37 fe57 fe98 feb8 fed9 f6f9 f6f9 f71a f73a f77a f77b f7bb ffdc fffd ffdd f77b ef1a e6b9 e698 ee78 e617 dd74 d512 ccb1 cc91 ccb1 d4d2 dcf2 dcd2 d4b1 d491 d4b1 dcd2 dcf3 d4b2 d491 d4b2 dcf2 d4d2 ccb1 cc90 cc91 d4b1 ccd1 d512 d532 9bcc ac6e ff3a ff19 cd72 bcf0 b4cf b4f0 b4f0 ac8e a42d ac4d b44e b42d b42d b40d b40d b40d abed abec abec abec abcc b3eb b3cb abcb abcb a3eb a40c a40c ac0c abec abec b3ec b40c bc6d b44c ac4c b4ce cdd1 e6b4 ff58 eeb6 c531 b44e c470 dcd2 dcf2 d4b1 d4d1 d4d1 d4d1 d4d1 dcd1 dcd1 d4d1 d4d1 dcd1 dcd1 dcd1 dcd1 dcd1 dcb1 dcd1 dcd1 dcf1 dcd1 dcd0 d4b0 d4b0 dcb0 dc90 dc90 dc91 dc91 dcb1 dcd1 d4d1 d4f1 d511 ccf0 c4cf bcaf bcaf c4f0 bcaf ac2d 9bcc 8b6a 834a 7b09 7309 6ae9 62a7 5226 41a4 49c5 51e6 51e6 51e6 51e6 49c6 49a6 49a6 49c6 49c6 49c6 41a6 49e6 5207 51e6 5206 5a07 6268 72ea 834b 93ac 93ac 936b 934b bc6f e512 dcd1 dcd1 e4f1 dcd1 e4d1 e4d1 e4d1 e4d1 e4d1 e4b1 e4b1 e4d1 e4d1 e4d1 e4d1 e4d1 e4d1 e4d1 e4d1 e4d1 e4d1 dcb1 e512 ed94 f5d5 f5b5 ed94 e553 dd12 d4b0 d4d1 ed73 fe16 fdf6 ed73 dcd1 d490 dcb0 dcd1 e4f1 e4f1 dcd0 dcd0 e4f1 e511 e4d1 dcb0 e4d0 e4d1 e4b0 e4b0 e4b0 e4b0 e4b0 e4d0 e4b0 e4b0 e4b0 e4b0 e4d1 e4d1 e4d1 e4d1 e4d1 e4d1 e4d1 e4d1 e4d1 e4d1 e4d1 e4d1 e4d0 e4d0 ecf1 e4f0 e4d0 dcd0 d4f0 e572 fe35 edd3 e5d3 fed7 ff18 fed7 feb6 fe55 edd3 e551 dcf0 e4f0 e4f0 ecf1 e4d0 e4b0 e4b0 e4d0 e4d1 e4d1 ecd1 ecd1 e4d1 e4d1 e4d0 dcf1 dcf1 d4f1 dd52 edd4 
ccb1 d4d1 d4d1 d4b1 d4b0 d491 d491 d492 d492 d492 d492 ccb2 ccb1 ccb1 ccb1 ccb1 d4b1 d4b1 d4b1 d4b1 d4b1 d4b1 d4b1 d4b1 d4b1 d4b1 d4b1 d4b1 ccb1 d4b1 d4b1 ccb1 cc91 cc91 d4b1 d4d2 dd13 e533 e574 edb5 f5f5 fe16 fe36 fe57 fe77 fe98 feb9 feb9 f6d9 f6f9 f719 f75a f77b f79b ffbc fffc fffd ffdc f77b ef1a e6b9 e698 ee78 e616 dd74 d512 ccd1 cc91 ccb1 d4d2 d4d2 d4d2 d4b1 d491 d4b1 dcd2 dcd2 d4b2 d4b1 dcd2 dcf3 d4d2 cc91 cc70 c491 ccd2 d4f2 d4f2 ccf1 ac2d bc8f ee36 d5d3 ac6e 9c0c 9c0c 9c0c 93cb 8b6a 8b49 8b4a 934a 934a 9b4a 9b6a 9b6b a3ab abcc abec b40d b44d bc2d b3cb abaa abcb abeb a40b a40c ac2c ac2c ac0c ac0c b40c bc2c bc6d bc8d b4ad bcee c58f d633 f717 ee95 bcef b44e cc90 dcf2 dcf2 d4b1 d4d1 d4d1 d4b1 dcd1 dcd1 dcd1 dcd1 dcd1 dcd1 dcd1 dcd1 dcf1 dcf1 dcd1 dcb0 d4b0 d4b0 dcd1 dcf1 e4f1 dcd1 d490 d470 dcb1 e4b1 dcb1 dcb1 d4b1 cc90 cc8f c48f c48f c4af bcaf c4f0 e5d4 fe76 ee15 bcd0 8b2a 6a66 6246 6267 5a26 49e4 49e5 5206 51e5 51c5 51c5 49c6 49a5 49a6 49c6 49c6 49c6 49e6 49e6 49e6 49e6 51e6 5207 5206 5a06 6267 7aea 8b6c 93cd 93cd 938c 9b8c bc6f dcf1 dcd1 dcd0 dcd1 dcd1 dcd1 e4d1 dcb1 e4b1 e4d1 e4b1 e4b1 e4d1 e4d1 e4d1 e4b1 e4d1 e4d1 e4d1 e4d1 e4d1 e4d1 e4d1 e4f2 ed73 f5b5 f5b5 ed94 ed73 e532 d4d1 cc70 d4b1 e553 f594 ed73 e512 dcd1 dcb0 dcd1 e4f1 e4f1 dcd0 dcd0 e4d1 e4f1 e4d1 dcb0 e4d1 e4d1 e4d1 e4d1 e4d1 e4d1 e4d1 e4d1 e4d1 e4d1 e4d1 e4d1 e4d1 e4d1 e4d1 e4d1 e4d1 e4d1 e4d1 e4d1 e4d1 e4d1 e4d1 e4d1 e4d1 e4d0 e4f0 e4f1 e4f0 dcd0 d4f0 ed92 f635 edf4 ee14 fed7 ff18 fed7 fe96 f635 edd3 e552 dd10 dcf0 dcd0 e4d0 e4d0 e4b0 e4b0 e4d0 e4b1 e4b1 e4d1 e4d1 e4d1 e4d1 e4f1 dcf1 dd11 d4f1 dd32 e593 
d4b2 d4b1 d4b1 d4b1 d4b1 d491 d471 d492 d492 d492 d492 d491 ccb1 ccd1 ccb0 ccb1 d4b1 d4b1 d4b1 d4b1 d4b1 d4b1 d4b1 d4b1 d4b1 d4b1 d4b1 d4b1 d4b1 d4b1 d4b1 d4b1 d4b1 d4b1 d4b1 d4d2 dd13 e533 ed74 f5b5 fe15 fe36 fe56 fe56 fe77 fe98 feb8 feb8 fed9 f6fa f6fa f73a f79b f79b ffbc ffdc fffd ffbd ff5b f6fa ee98 ee58 ee57 e5f6 dd54 dcf2 d4b1 ccb1 d4b1 d4d1 d4d1 d4b1 d4b1 d4b1 d4b1 dcd2 dcd1 d4b1 d4b1 dcd2 dcf2 dcd2 cc90 cc70 cc90 d4d2 dd12 ccd1 bc6f ac0d b46e bcb0 9bec 7ae8 72c8 7b09 7b09 6a87 6226 5a06 6226 6a26 6a26 7226 7267 7a87 82a8 8ae9 8b2a 936a 93ab 9bcb ac0d b40d ac0c a40c a42c a42d a40c 9bec a3ec a3ec ac0c b42d ac2c b46c bcee c52f cdb1 de54 ff38 ee75 b46e b40d d4d1 dcf2 dd12 d4d1 dcb1 dcb1 dcd1 dcd1 dcd1 dcd1 dcd1 dcd1 dcd1 dcd1 dcd1 dcd1 dcd1 e4f1 dcf1 d4b0 d4b0 d4d0 dcf1 e511 dd11 d4d0 dcb0 e4d1 e4f2 e4d1 d4d0 cc8f c46e bc4d bc8e c4ef dd91 ee34 f675 ee74 f696 f675 cd51 9bcc 6a87 51e4 49c4 49c4 41c3 41c4 49e5 49e5 49c5 49a5 49a5 4184 41a5 41a5 49c6 49c6 49e6 5207 5207 49e6 49e6 5227 5a06 5a06 6247 830a 93ac 9bcd 9bcc 9b8c abcc cc8f e4f1 e4d1 e4b1 e4b1 dcb0 dcb0 e4d1 e4d1 e4d1 e4d1 e4d1 e4d1 e4d1 e4d1 e4d1 e4d1 e4d1 e4d1 e4d1 e4d1 e4d1 e4d1 e4d1 e512 f5b4 fe16 f5f6 ed94 ed94 e553 dd12 cc70 cc70 dcd1 ed53 f574 ed53 e4f1 dcd1 dcd1 e4f1 e4f1 e4d0 e4d0 e4d0 e4d1 e4d1 e4b0 e4d1 e4b0 e4b0 e4d1 e4b0 e4b0 e4d1 e4d1 e4b0 e4b0 e4b0 e4d1 e4d1 e4d1 e4b1 e4b1 e4d0 e4d0 e4d0 e4d0 e4d1 e4d1 e4d1 e4d1 ecf1 ecd0 e4d0 e4f1 e4f0 d4af dd11 edb4 f615 f635 f676 ff18 ff18 fef8 fe96 f635 edb3 e552 e510 e4d0 e4b0 e4b0 ecb0 ecb0 ecb0 ecb0 ecb0 ecb0 ecb0 ecb0 ecb0 ecd0 ecd1 e4d1 e4f1 dcf1 dd11 e532 
ccb1 ccb1 ccb1 d4b1 d4b0 d491 d491 d492 d491 d491 d492 d4b1 ccb1 d4b0 d4b1 d4b1 d4b1 d4b1 d4b1 d4b1 d4b1 d4b1 d4b1 d4b1 d4b1 d4b1 d4b1 d4b1 d4b1 d4b1 d4b1 d4b1 cc90 ccb0 d4b1 d4d1 dd12 e533 ed73 f5d5 fe15 fe35 fe56 fe77 fe77 fe98 feb9 fed9 eed8 eef9 f739 f75b f79b ffbc ffdd fffd ffdd ff9c ff5b f6da ee78 ee37 ee17 e5b5 d533 d4f2 d4d1 d4b1 d4b1 d4d1 d4d1 d4b1 d491 d491 dcb2 dcd2 dcb1 d4b1 dcd2 dcf2 dcf2 d4b1 cc90 cc90 ccb0 d4f1 dd33 ccb1 a3ac a3ac a40d 8b6b 6a87 59e5 5205 5a67 5a26 49a4 4163 4163 4964 5164 5164 5164 5143 5964 59a4 61c5 6206 6a46 7267 7287 82e8 8b49 936a 93ab 9c0c a42d a44e a42e a40d a3ed ac0d b42d abeb ac2c c4ef cd70 cdf1 de94 ff78 e675 a40c abec d4f1 e512 dcd1 dcb1 dcb1 dcd1 dcb1 dcb1 dcb1 dcd1 dcd0 dcd0 dcf0 dcf1 d4b0 d490 dcd1 e532 e511 dcf0 d4d0 d4d0 dcf1 dd11 e531 dd11 dcf1 dcd0 d4d0 d4b0 ccaf ccaf ccef d530 dd91 e5f3 f694 fed6 f6b6 ddf3 cd71 cd50 b4ef a48d 838a 5a65 41c3 41c3 4204 41e4 3963 41a4 49a5 4985 4985 4985 49a5 49a5 41a5 41c5 49e6 4a06 5207 49e6 49e6 5a27 5206 59e6 6a67 832a 9bac 9bac 9b8c a3ac b40d ccb0 e4f1 e4d1 e4b0 e4b0 e4b0 e4b0 e4b0 e4b0 e4d1 e4d1 ecd1 e4d1 e4b1 e4d1 e4d1 dcd0 e4f0 e4d0 e4d1 e4d1 e4d1 e4d1 dcb0 e532 fe16 fe77 fe16 ed94 ed94 edb4 e553 d4d0 ccb0 dcf1 e552 f593 f594 ed32 dcb0 dcb0 e4d0 e4f1 e4d1 e4d0 e4d0 e4d0 e4d0 e4d0 e4d0 e4b0 e4b0 e4b0 e4d0 e4b0 e4b0 e4b0 e4b0 e4d0 e4b0 e4b0 e4b1 e4d1 e4d0 e4d0 e4d0 e4d0 e4d0 e4d0 e4b0 e4b0 e4b0 e4b0 ecf1 ecd0 e4b0 ecf1 e4f1 dcb0 dd30 edd3 f614 fe76 fed7 ff39 ff39 fef8 f676 edf5 ed93 e552 e511 e4d1 e4b0 e4b0 ecaf ecaf ecd0 ecb0 ecb0 ecb0 ecb0 ecb0 ec90 ec90 ecb0 ecb0 ecd0 e4d1 e4f1 e512 
ccb1 ccb1 ccb1 d4b0 d4b0 d491 d491 d492 d492 d492 d4b2 d4b2 ccb1 ccb0 d4b1 d4b1 d4b1 d4b1 d4b1 d4b1 d4b1 d4b1 d4b1 d4b1 d4b1 d4b1 d4b1 d4b1 d4b1 d4b1 d4b1 d4b1 cc91 d4b1 d4b1 d4d2 dd13 e533 ed74 f5d5 fe15 fe36 fe56 fe77 fe77 fe98 feb9 fed9 f6d9 f6f9 f71a f75b f79b ffbc ffdd fffd ffdd ff9c f73b f6d9 e658 e5f7 e5d6 dd75 d513 d4f2 d4d1 d4d1 d4b1 d4d1 d4b1 d4b1 d491 d4b1 dcd1 dcd2 d4b1 d4b1 d4d1 dcd2 dcf2 d4b1 ccb0 cc90 ccd1 d4f1 d512 c470 9b6b 9b8b 938b 6a67 59c4 51a4 49a4 5205 5205 4984 4163 4963 4943 4943 4923 4923 4902 4902 4922 4942 4963 5163 5183 5183 5142 5982 6205 7aa7 836a 9bec a42d a42d a42d ac0d b42d b42d ac0b ac4c c50f cd70 cdd1 de74 ff58 e655 a40c ac0d dcf1 dcd1 dcb1 dcb1 dcd1 dcd1 dcb1 dcb1 dcd1 dcd1 dcd1 dcd1 dcf1 dcd1 d4d0 d4d0 dcf1 e512 e531 dd11 dd11 dcf1 dcf1 dcf1 dd11 dd11 dcf1 dcb0 d46f cc6f ccaf dd11 edd3 fe75 fed6 fed6 ee74 ddd2 cd91 c50f ac6d 9c0b a46d acae a46d 7b49 5a46 4a05 4205 39c4 3983 41a5 49c5 4985 4985 4185 41a5 41a5 41a5 41c5 41c5 49e6 49e6 49c6 49e6 5206 59e6 6207 72a8 8b6b 9bcc 9b8c 936b a3ac c46f d4d1 e4d1 e4d1 e4b0 e4b0 e4b0 e4b0 e4b0 e4d1 e4d0 e4d1 e4d1 e4d1 e4d1 e4d1 e4d0 e4d0 e4d1 e4d1 e4d1 e4d1 e4d1 e4d1 dcb0 ed53 fe57 feb8 fe57 edb4 e573 ed74 edb4 e532 d4f1 dcf1 e532 ed93 f5b4 ed52 dcd0 dcb0 e4f0 e4f1 e4f1 e4d0 e4b0 e4d0 e4d0 e4d0 e4d0 e4d1 e4d1 e4d1 e4d0 e4d0 e4d0 e4b0 e4d0 e4d0 e4d0 e4d0 e4d0 e4d0 e4d0 e4d0 e4d0 e4d0 e4d0 e4d0 e4d0 e4d0 e4d0 e4b0 ecf0 ecd0 e4b0 e4f0 e4f0 dcd0 e572 f614 f635 fe97 ff18 ff39 ff19 fed8 f676 edf5 edb3 ed72 ed31 ecf1 e4d0 e48f ec8f ecb0 ecb0 ecb0 ecb0 ecb0 ecb0 ecb0 ecb0 ecb0 ecb0 ecb0 e4d0 e4d1 e4f1 e512 
d4b1 cc91 cc90 d4b0 d4b0 d491 d4b1 dc92 d492 d492 d4b2 d4b2 d4b1 d4b1 d4b1 d4b1 d4b1 d4b1 d4b1 d4b1 d4b1 d4b1 d4b1 d4b1 d4b1 d4b1 d4b1 d4b1 d4b1 d4b1 d4b1 d4b1 d491 d491 d4b1 dcd2 dd13 e553 ed74 f5d5 fe15 fe56 fe76 fe77 fe97 feb8 fed8 fed9 f6f9 f6fa f71a f75b f79c ffbd ffdd fffe ffdd ff9c ff1b f699 ee17 e5b6 dd95 dd33 d4f3 d4d2 d4d2 d4d2 d4b1 d4d1 d4b1 d4b1 d4b1 d4b1 dcd1 dcd2 dcd1 d4b1 d4b1 dcd2 d4d2 d4b1 ccb1 ccb1 d4f1 d4d1 ccd1 bc2f 9b6b 934b 82ea 59e5 51c5 5a06 49c5 49c5 51e6 49a5 49a5 49a5 4985 4964 4964 4944 4944 4924 4923 4923 4123 4143 4163 4143 4122 4122 4963 49a4 5205 5a67 6aa8 72e9 834a 9bac b42e bcaf bc8e bcae c530 bd2f bd4f ce12 f6f6 e614 a40c b42d dd12 dc90 dc90 e4b1 e4b1 e4b1 e4b1 e4b1 e4d1 e4d1 e4d1 e4d1 dcf1 dcd1 dcf1 dcf1 dcf1 d4d0 d4d0 dcf1 dd11 dd11 d4f1 d4d0 cccf ccaf cc8f cc8f d4f0 e572 edf3 f655 f675 ee54 e612 d590 c52e bccd b4ad b48c ac4b a40b a40b ac2c ac6d a42d 8b6a 6246 49c4 4183 49a4 51c5 49a5 4984 4184 49a5 49a5 49c5 49a5 41a5 49a5 49c6 51e6 51e6 51e6 51e6 59e6 6a47 830a 9bac 9bac 932a 932a abcc d4d0 e511 e4b0 ecb0 e4b1 e4d1 e4d1 e4d1 e4d1 e4d1 e4d1 e4d1 e4d1 e4d1 e4d1 e4d1 e4d1 e4d1 e4d1 e4d1 e4d0 e4d0 e4d1 e4d1 dcb0 ed32 fe36 feb8 fe77 edd5 e553 e553 ed93 e552 dd11 dd11 dd11 ed73 fdd4 ed53 dcd0 dcb0 e4d0 e4f1 e4f0 e4d0 e4d0 e4d0 e4d0 ecd0 ecd1 ecd0 ecd0 ecd0 ecd0 ecd0 ecd1 e4d0 e4d0 ecd1 e4d0 ecd0 e4d0 e4d0 e4d0 ecd0 e4d0 e4d0 e4d0 e4d0 e4d0 e4d0 e4d0 ecb0 ecd0 ecb0 dc8f e4f0 e511 dd11 edb3 f636 f656 fed8 ff5a ff5a ff19 fed8 f676 ee15 edd4 ed93 ed72 ed32 e4f0 e4b0 ecb0 ecb0 ecb0 ecb0 ecaf ecaf ecb0 ecb0 f4b0 f4b0 ecb0 ecb0 ecb1 ecd0 e4d1 ed11 
d4b1 cc91 cc91 d4b1 d4b0 d4b1 d4b1 dc92 d492 d492 d4b2 d4b2 d4b1 d4d0 d4d1 d4b1 d4b1 d4b1 d4b1 d4b1 d4b1 d4b1 d4b1 d4b1 d4b1 d4b1 d4b1 d4b1 d4b1 d4b1 d4b1 d4b1 d491 d4b1 d4b1 dcd2 dd13 e553 ed74 f5b4 fe15 fe55 fe76 fe77 fe97 feb8 fed8 f6d9 f6f9 f71a f73a ff7b ff9c ffdd ffdd ffdd ffbd ff7c f6fa f678 edf6 e575 dd34 d4f3 d4f2 d4d1 d4d1 d4d1 d4d1 d4b1 d4b1 d4b1 d491 dcb1 dcb1 dcd2 dcd2 dcb1 d4b1 d4b1 d4b1 d4b1 ccb1 d4d1 d4f2 ccd1 c470 abce 934b 830a 7268 5185 59e6 6248 51c6 49a5 49c6 49a5 49a6 49a6 4985 4965 4965 4965 4965 4965 4965 4964 4964 4964 4184 4984 4984 4984 4163 3943 3143 3963 3964 49a4 5a26 72c9 8b4b a3cc b46d bccf c50f bd0f bd6f d633 eed5 d5d2 a40c bc6e e512 dc70 dc70 e4b1 e4b1 e4b1 e4b1 e4b1 e4d1 e4d1 e4d1 e4d1 dcd1 dcd1 dcf1 dcf1 d4d0 d490 ccb0 d4f0 dd11 d510 cccf c4af c48e c48f ccef dd51 e5b2 ee14 f654 ee54 ddd2 c52f b4ac a44b a44a ac6b ac6b ac6b bc8c bc8d ac2c a3cb ac0c b46e ac2d 8309 59e5 5184 51e5 51a5 4984 4964 4184 49a5 49a5 49c6 49c6 49a5 49a5 49c6 51e6 51e6 51e6 51e5 6206 7aa8 934b a3ac 9b8c 932a 9b2a bc0d dd11 e512 e4b0 ecb0 ecb1 ecd1 ecd1 ecd1 ecd1 ecd1 e4d1 e4d1 e4d1 e4d1 e4d1 e4d1 e4d1 e4d1 e4d1 e4d1 e4d1 e4d1 e4d1 e4d1 e4d1 e512 edd5 fe98 feb8 f616 e594 e553 e552 dd12 dd11 dd12 e512 ed53 f5b4 ed32 dcd0 dcb0 e4d0 e4f1 e4f0 e4d0 e4d0 e4f0 ecf0 ecd0 ecd0 ecd0 ecd0 ecd0 ecd0 ecd0 ecd0 ecd0 e4d0 ecd0 ecd0 ecd0 ecd0 ecd0 ecd0 ecd0 ecd0 ecd0 ecd0 ecd0 ecd0 ecd0 ecd0 ecd0 ecd0 e4b0 dc8f e4d0 e511 e532 edf4 f656 f676 fef9 ff7a ff5a ff19 fed8 f696 ee36 edf5 f5d4 f593 f573 ed12 ecd1 ecb0 ecb0 ecb0 ecb0 ecaf ecaf ecd0 ecb0 ecb0 f4b0 f4b0 f4b0 ecb0 ecb1 ecd1 ecf1 
ccb1 cc91 d4b1 d4b1 d4b0 d4b1 d4b1 dc92 d492 d4b2 d4b2 d4b1 d4b1 d4d0 d4b0 d4b1 d4b1 d4b1 d4b1 d4b1 d4b1 d4b1 d4b1 d4b1 d4b1 d4b1 d4b1 d4b1 d4b1 d4b1 d4b1 d4b1 d4b1 d4b1 d4b1 dcd2 e513 e533 ed74 f5b4 f615 fe35 fe76 fe77 fe97 feb8 fed8 fed9 f71a f73a ff5b ff7c ff9c ffdd ffdd ffdd ff9c ff3b f6b9 ee38 e5b6 dd55 d513 d4f3 d4d2 d4d1 d4b1 d4b1 d4d1 d4b1 d4b1 d4b1 dcb1 dcb1 dcb1 dcb1 dcb1 dcb1 d4b1 d4b1 d4b1 d4b1 d4d1 d4f2 d4f2 ccb1 b40e a38c 8b0a 7aa9 6206 5184 5a06 6248 49c5 4165 4185 4165 4185 4185 4144 4124 4144 4144 4944 4945 4964 4964 4964 4964 4184 4984 4984 4964 4964 4184 4184 4184 4184 4164 4163 51a4 59a4 6205 8b29 a42c b4ae bd2f d633 f716 f6d6 cd50 a3eb bc4e dcf1 dcb0 dcb1 e4b1 e4b1 e4b1 e4d1 e4d1 e4d1 e4d1 e4d1 e4d1 dcf1 dcf1 dcd1 d4b0 d4d0 d4d0 dd11 dd31 dd11 d4d0 cc8f c48f ccaf d510 e5b2 f614 edf3 dd51 c4ef bcad b46c ac6c ac6b ac6b ac6b ac6b ac6b ac4b b46c bc8d b46d ac0c ac0c b44e b46e 9bec 8309 6226 51c5 51a4 49a4 4984 4184 49a5 49c5 49e6 49e6 49c5 49c5 49c5 51e6 5a06 5a06 5a06 6a68 830a 9bac a3cd 9b6b 9b4b a38b c46f e512 e512 e4b0 ecb1 ecd1 ecd1 ecd1 ecf1 ecf1 ecd1 ecd1 ecd1 e4d0 e4d0 e4d0 e4d0 e4d1 e4d1 e4d1 e4d1 e4d1 e4d1 e4d1 e4d1 e4d1 e4f1 e594 fe77 fed9 fe98 f616 ed94 e552 dcf1 dcf1 e553 ed53 f573 f593 ed32 dcd0 dcd0 e4f0 e4f1 e4f0 e4d0 e4d0 e4f0 ecf0 ecd0 ecd0 ecd0 ecd1 ecd1 ecd0 ecd0 ecd0 ecd0 ecd0 ecd0 ecd0 ecd0 ecd0 ecd0 ecd1 ecd1 ecd0 ecd0 ecd0 ecd0 ecd0 ecd0 ecd0 ecd0 ecd0 e4d0 e4b0 dcd0 e511 e552 f5f4 f656 fe97 ff19 ff7a ff39 fef8 fed8 f6b7 f656 f615 f5f5 fdd4 fd93 f552 f511 f4d1 f4d1 ecd0 ecb0 e4af ecaf ecb0 ecb0 ecb0 f4b0 f4b0 f4b0 f4b0 ecd1 e4d0 e4d1 
cc91 d4b1 d4b1 d4b1 d4b1 d4b1 d491 dc92 d492 dcb2 d4b2 d4b1 d4b1 d4d0 d4b0 d4b1 d4b1 d4b1 d4b1 d4b1 d4b1 d4b1 d4b1 d4b1 d4b1 d4b1 d4b1 d4b1 d4b1 d4b1 d4b1 d4b1 d4b1 d4b1 d4b1 dcd2 e513 e553 ed74 edb4 f5f4 fe35 fe56 fe77 fe97 fed8 fed9 fef9 f71a ff5b ff7b ff9c ffbc ffdd ffdd ffbd ff5c f6da ee78 edf7 e575 dd14 d4d3 d4d2 d4d1 d4d1 d4b1 d4b1 d4b1 d4b1 d4d1 dcd1 dcb1 dcb1 dcb1 dcb1 dcb1 d4b1 d4b1 d4b1 d4b1 d4b1 d4d1 dcf2 d4f2 c490 abad 9b2b 8aea 7268 61e6 51a5 6207 6228 49a6 4165 4165 3945 4165 4185 4165 4145 4145 4145 4145 4145 4165 4165 4165 4185 4185 4185 4184 4164 4164 4184 3985 3985 3984 3964 4143 4964 4963 5183 6a45 7ae7 9beb bd0f e6b5 ffb9 eeb5 bcce a3eb bc4e dd11 e4d1 e4d1 e4b1 e4b1 e4b1 e4b1 e4d1 e4d1 e4d1 e4d1 e4d1 dcf1 e4f1 dcd0 d4b0 dcf0 dd11 e551 dd11 d4d0 c48e c46e ccaf dd31 edd3 e5d3 d530 c4ce b48d ac4b a40a a40a ac4b ac6b b4ac b4ab b48b b46b ac2a abea b40b bc4c c46d bc4d abec b40d bc6f b40e 8aea 61e5 59a5 51a5 4984 4984 49a4 49e5 51e5 49c5 49c5 49c5 51e5 5206 5a27 6247 6247 7ae9 938c a3cd a3ac 9b6b abac bc2e d4b0 e511 e4f1 e4b0 ecb0 ecd1 ecd1 ecd1 ecd1 ecd1 ecd1 ecd1 ecd1 ecd1 e4d1 e4d0 e4d0 e4d0 e4d0 e4d0 e4d1 e4d1 ecd1 e4d1 e4d1 e4d1 e4f1 e573 f657 fed9 feb8 fe77 f5f6 e573 dd12 dd32 ed94 f5b4 f594 ed52 e511 dcd0 dcd0 e4f0 e4f1 e4d0 e4d0 e4d0 ecf0 ecf0 e4d0 ecd0 ecd0 ecd0 ecd0 ecd0 ecd0 ecd0 ecd0 ecd0 ecd0 ecd0 ecd0 ecd1 ecd1 ecd0 ecd0 ecd0 ecd0 ecd0 ecd0 ecd0 ecd0 ecd0 ecd0 ecd0 e4d0 e4d0 dcaf dcf0 ed93 ee14 ee35 f697 ff39 ff9a ff39 ff19 fef8 f6d8 f697 f656 f615 fdf5 fdb4 fd93 f553 fd12 f4f1 ecf0 e4cf e4cf e4cf ecd0 ecb0 ecb0 f4b0 f4b0 f4b0 f4b0 ecb1 ecd0 e4d1 
cc91 d4b1 d4b1 d4b1 d4b1 d4b1 d4b1 dc92 d492 dcb2 d4b2 d4b1 d4d1 d4d1 d4d0 d4b1 d4d1 d4b1 d4b1 d4b1 d4d1 d4d1 d4d1 d4d1 d4b1 d4b1 d4b1 d4b1 d4b1 d4d1 d4d1 d4b1 d4b1 d4b1 d4d1 dcf2 dd13 e553 ed93 edb4 f5d3 f634 fe56 fe77 fe97 fed8 fef9 fef9 ff1a ff5b ff9c ffbc ffdd ffdd ffdd ff9d f73b ee99 ee38 e5b6 dd75 dd14 d4b2 d4b2 d4d2 d4d1 d4b1 d4b1 d4b1 d4b1 dcd2 dcd2 dcd2 dcb1 d4b1 d491 d491 d4b1 d4b1 d4b1 d4b1 d4b1 d4d1 d4f2 d4f1 c470 a36c 92ea 82ca 7269 6207 59c7 59e7 51c7 49a6 49a6 41a6 3945 3965 4186 4166 4146 4145 4145 4125 4125 3945 3944 3965 3965 4185 4185 4185 3984 3964 3164 3184 3185 3985 3984 4184 4984 51a4 59c4 61e4 6224 7ae7 9c4b d653 ff98 e653 ac6d a40c c4af ed32 ed12 ecd1 ecb1 ecb1 ecb1 ecb1 ecd1 e4d1 e4d1 e4d1 e4d1 e4f1 e4f1 e511 ed32 e531 dcf0 cc8e bc2d b40c bc4d cccf dd51 dd72 dd71 c4ef ac2b a40b a42b a44b a46b a46b a48b a48b ac8b ac8a b48b b46b b42a abe9 b3ea c42c cc4d c42d b3cc bbcc c42e bc0e ab6c 8288 61e6 51a5 51a5 49a4 51c5 51e6 51e6 49c5 49a5 49a5 49e5 51e6 5a27 6267 72a8 8b4b a3ed a3cd 9b6b 9b4a bc0d dcf1 e512 dcb0 e4b0 ecd1 ecb1 ecd1 ecd1 ecd1 ecd1 ecd1 ecd1 ecd1 ecf1 ecf1 ecd1 e4d1 e4d1 e4d0 e4d1 e4d0 e4d0 ecd1 ecd1 ecd1 ecd1 e4d1 e4f1 e553 edd5 fe37 fe57 fe98 fe77 f5d5 e573 e573 f5b4 f5b4 ed53 e511 dcd0 dcd0 e4d0 e4f1 e4f0 e4d0 e4d0 ecf0 ed11 e4d0 e4b0 ecd0 ecd0 ecd0 ecd0 ecd0 ecd0 ecd0 ecd0 ecd0 ecd0 ecd1 ecd1 ecd0 ecd0 ecd0 ecd0 ecd0 ecd0 ecd0 ecd0 ecd0 ecd0 ecd0 ecd0 ecd0 e4f1 e4f0 d48f d4d0 edd4 ee14 e635 f6b7 ff5a ff9b f739 f719 ff19 fef9 fed8 f697 f636 f5f5 fdd5 fdb4 fd94 fd53 f531 ecf0 e4cf e4cf e4ef eccf ecaf ecaf f4b0 f4b0 f4b0 f4b0 ecb0 ecd1 ecd1 
cc91 d4b1 d4b1 d4b1 d4b0 dcb1 d4b1 dc92 dcb2 dcb2 d4b2 d4b1 d4d1 d4d0 d4d1 d4d1 d4d1 d4b1 d4b1 d4b1 d4d1 d4d1 d4d1 d4d1 d4b1 d4b1 d4b1 d4b1 d4b1 d4d1 d4b1 d4b1 d4b1 d4b1 d4b1 dcf2 e533 e553 ed94 ed94 f5d4 f615 fe56 fe77 feb7 fed8 fef9 fef9 ff3b ff5b ff9c ffbd ffdd fffe ffdd ff7c f71b ee79 e5f7 e596 dd55 dd14 d4d2 d4b2 d4d2 d4b1 d491 d491 d4b1 d4b1 dcd2 dcd2 dcd2 dcd2 d491 d491 d490 d491 d4b1 d4d1 dcd2 d4d2 d4d1 d4d2 d4d1 c44f a34b 8aa9 7a89 7248 6a08 6207 51a6 4965 49a6 51e7 49c7 3945 3946 4987 4187 4166 4146 4145 4145 4145 3944 3924 3944 3964 3984 4185 4985 4185 4185 3964 3985 39a5 39a5 4185 4185 4964 4963 5183 6204 6204 5a03 7306 b50e e694 c550 a40b b46d d531 ed73 ed12 ecd1 ecb1 ecb1 ecb1 ecb1 e4d1 e4d1 e4d1 e4d1 e4d1 e4d1 e4d0 e532 f573 dd11 bc0d 9b29 8a87 8ac7 abcb ccf0 dd72 ccef abcb 9baa b44c b46c ac4c ac8c acac ac8c a46b a46a a46a ac4a ac4a b44a b42a bc6b c46c bc2c bbec b3cc bbed bbed b3cd ab8c b3ee abce 7268 51a5 51a5 49a5 51c5 51e6 49e5 49a5 49a4 49a4 49c5 51e6 6227 6a88 7aea 9bac ac2e a3ed 934a 9b4a c46f ed93 ed73 dc8f e490 f4d1 f4b1 ecb1 ecb1 ecb0 ecb0 ecd1 ecd1 ecf1 ecf1 ecf1 ecf1 e4d1 e4d1 ecd1 ecd1 ecd1 ecd0 e4d1 e4d1 e4d1 e4d1 e4d1 e4f1 e533 dd53 e574 edb5 fe57 fe77 fe16 ed94 ed73 f5b4 ed73 e512 dcf1 dcb0 dcd0 e4f1 e4f1 e4f0 e4d0 e4d0 ecf0 ed11 ecd0 e4b0 ecd0 ecd1 ecd0 ecd0 ecd0 ecd0 ecf1 ecd1 ecd0 ecd0 ecd0 ecd0 ecd0 ecd0 ecd0 ecd0 ecd0 ecd0 ecd0 ecd0 ecd0 ecd0 ecd0 ecf0 ecf1 e511 e511 cc6f d4d0 edd4 edf4 e5f5 f6b7 ff5a ff9b ff5a f719 ff3a ff39 fef9 f697 f636 f5f5 fdd5 fdd4 fdb4 fd73 fd32 ed11 e4cf e4cf e4cf eccf ecaf ecaf f4b0 f4b0 f4b0 f4b0 ecb1 ecd1 ecf1 
ccb0 ccb0 d4d0 d4f1 dcd1 dcd1 dcb2 dc92 d492 d492 d4b2 d4b2 d4d2 d4d1 d4b2 d4b1 d491 d4b1 dcb1 dcb1 d491 d491 dcb1 dcb1 d491 d491 dcb1 d490 d491 dcb1 dcb1 d4b1 d4b0 d4d0 d4d0 d4d0 dd11 e552 ed73 ed73 e592 f5f3 fe76 fe97 feb8 fed8 ff19 ff3a ff7a ff9b ffdc fffd ffdd ffbd ff7c ff1b ee79 e617 e5b6 e555 dd14 dcd3 dc92 dc92 d4b1 d4b0 d4d1 d4d1 d4b0 d4b1 dcd1 dcd1 dcd1 dcb1 dcb1 dcb1 dcb1 dc71 dc91 e4d2 d4b1 cc90 ccd1 dd33 c4d1 9b6c 930b 82ca 6a28 6207 6228 5a07 51c6 4985 4986 49a6 4185 3944 4164 4986 4186 4165 4166 4145 4145 4145 4145 4145 4145 4165 4165 4165 4185 4185 4185 4165 3985 4185 4185 4185 3944 4144 4164 4984 5a06 59e5 51a4 6a66 9c0c c551 ac0c 9b6a ccd0 e553 e512 e4f1 dc70 e490 ed12 ecf2 e4b1 e4d1 e4f2 e4f2 dcb1 d4b1 dcf2 e553 d512 bc2f abad 92ea 7226 69c5 6a05 7a87 9329 a3cc ac0d ac2d 9bea a42b b4cd bd0e b4ac a40a a3ea b48d b46c ac0b b42c b44c bc4c bc4d c48e c48e b42c abeb abeb b40c b40c abcb a38b b40d ac0d 8309 7287 6a46 51c4 4963 49a3 51e5 49e4 41a3 41a3 49c5 5a47 72c9 7b0a 8b4c a3ee abee 936b 9b6b bc2e dd11 ed73 e532 d4af dcd0 ecf1 ecf0 ecd0 ecd1 ecd0 ecf1 e4d0 ecd0 ecf1 ecf1 ecf1 ecf1 ecf1 ecf1 e4f0 e4f0 ecf0 ecf0 ecf1 ecf1 ecd1 ecd1 e4d1 e4d1 e4f1 dd12 e512 e532 ed74 f5b4 ed73 e552 e552 e552 e532 e4f1 dcf1 e4f1 e4d0 e4d1 ecf1 ecd0 ecd0 ecd0 ecd0 ecf0 e4cf e4cf ecd0 ecd0 ecd0 ecd0 ecd0 ecd0 ecd0 ecd0 ecd0 ecd0 ecd1 ecd1 ecd1 ecd1 e4d0 e4d0 e4d0 ecd0 ecd0 ecd0 ecd0 ecd0 ecb0 ecd0 ed31 ed52 e511 dcd0 dcf0 ed73 dd72 ddb3 f696 ff39 ff7a ff39 ff39 ff39 ff19 fef8 feb7 fe75 f634 fe14 fdf3 fdd3 fd91 f550 ed10 e4f0 e4d0 ecd0 ecd0 ecd0 ecb0 ecb0 ecd0 f4d0 f4b0 f4b0 ecd0 f4d1 
d4b0 d4b0 d4d1 dcf1 dcf1 dcd1 dcb2 dcb2 d492 d4b2 d4b2 d4b2 ccd2 d4d1 d4b2 dc92 dc91 dc71 dc91 dc91 dc71 dc71 dc91 dc91 dc91 dc91 d490 d490 d470 d490 d4b0 dcb0 dcd0 dcd0 d4d0 d4d0 dcf0 e531 ed72 e551 e572 f5f3 fe76 feb7 fed8 fef8 ff19 ff5a ff9c ffbc fffd fffe ffde ff9d ff1b f699 ee37 edd6 e575 e534 e4d2 dc92 dc71 dc71 dcb1 dcb1 dcb0 dcb0 d4d0 d4d0 d4d0 d4d0 dcd0 dcd0 dcb0 dcb1 e4b1 dc91 dcb1 e4f2 dcb1 cc71 cc91 dd74 c4b1 7aa9 7aca 7b0b 5a28 5207 5a08 51e7 51e7 49a6 4986 4145 4145 4165 4165 4165 4165 4165 4165 4165 4165 4165 4165 4165 4165 4165 4165 4165 4166 4146 4145 4145 4165 4166 4185 4165 3964 4165 4185 4185 51c6 51c6 5a06 7aa9 9bad b42f 92ea 9aea dcf2 ed54 dcb1 e4b1 dc6f dc8f f532 f512 e4b1 e4d1 e4d2 e4f3 e534 dcf4 d4d3 d4d3 b3cf 828a 7228 6a07 61c6 61c6 59a5 5184 5183 6205 8329 b48e b4ce a46c ac8c bcee b46c a3aa a3ca bc6d b42c abcb bc0c bc2d bc4e bc4e bc2d bc2d b42c b40c ac0b abeb abeb ac0b b40b abeb a3cb a3ca 9baa 8328 5a24 4161 4161 51e4 5225 49e4 41c4 5206 6ac9 834b 8b6c 93ad ac0e a3cd 932b abee d512 e573 dd32 d4d0 dd11 e511 ecf1 ecf1 ecf1 ecf1 ecf1 ecf1 ecf0 ecf0 ecf1 ecf1 ecd0 ecf0 ecf0 ecf1 ecf0 ecf0 ecf0 ecf0 ecf1 ecd0 ecd0 ecd0 ecf1 e4f1 e4f1 e4f1 e4f1 e4f1 e4f1 e4f1 e4f1 e4f1 e4f1 e4f1 e4f1 e4f1 e511 e4f1 ecf1 ecf1 ecf1 ecd0 ecd0 ecd0 ecd0 ecd0 ecd0 ecd0 ecd0 ecd0 ecd0 ecd0 ecd0 ecd0 ecd0 ecd1 ecd1 ecd1 ecd1 ecd1 ecd1 ecd1 ecd1 ecd1 e4d1 ecd1 ecd0 ecb0 ecd0 ecd0 ecb0 ecd0 f552 ed72 dd10 dd10 e531 e531 dd32 e573 f656 fef9 ff39 ff39 ff39 ff59 ff38 ff18 fed6 fe95 f654 fe33 f612 fdd1 fdb0 f570 ed30 e4f0 e4d1 e4d1 ecd0 ecd0 ecd0 ecd0 ecd0 ecd0 eccf ecd0 eccf ecaf 
d4f1 d4d1 dcd1 dcf1 dcf1 dcd1 dcb2 dcb2 d492 d492 d492 d4b2 ccd2 d4d2 d4b1 dc91 dc92 e492 e491 e491 dc91 dc91 dc91 dc91 dc91 dc91 dcb1 dc90 d490 d490 d4b0 dcd0 dcf1 dcf1 dcd0 dcd0 dcf0 dd11 e551 e552 e572 edf3 f655 fe96 feb7 fed8 ff19 ff7b ff9c ffbc ffbd ffdd ffbd ff7c f6fa ee79 e617 e595 e555 e513 e4d2 e492 dc91 dc91 dcb1 dcb1 d4d1 dcd1 d4d0 d4d0 d4d0 d4d0 dcd0 dcd0 dcd1 e4d1 e4d1 dc90 dcb1 e4f2 dcb1 d491 d4d2 dd13 bc50 82ca 7aa9 7aca 5a28 5207 5207 51e7 51c7 49a6 4986 4165 4145 4165 4165 4165 4165 4165 4165 4165 4165 4165 4165 4165 4165 4165 4165 4165 4146 4146 4145 4145 4165 4166 4185 4165 4164 4165 4185 49a5 51c5 59e6 6a68 8b2b 936c 932b 8268 9aea dcf2 ed54 e512 ed12 e4b0 e490 ecf1 f4f2 e4b1 e491 dc91 e4f3 f595 f596 cc71 92eb 7a28 7228 69e7 61a6 59a5 5985 5984 5163 5163 59c4 7286 8b49 ac6c c52f ac6b 93c9 ac2b b46c c48d c46d a389 9b08 ab8a b3cb abcb b3ec b3ec b3ec abec abeb abeb ac0c b40c ac0c b40b abeb abeb ac2c ac2c 938a 72c7 5a04 49a3 49e4 5225 5225 5226 5a67 72ea 834b 8b6c 9bad 9bad a3ad abee c490 d532 dd53 dd32 d4f1 d4f0 e511 e4f0 ecf0 ecf0 ecf0 ecf1 ecf1 ecf0 ecf0 ecf1 ecf1 ecd0 ecf0 ecf1 ecf1 ecf1 ecf0 ecf0 ecf0 ecf1 ecf1 ecf1 ecd0 ecd0 e4f1 e4f1 e511 e4f1 e4f1 e4f1 e4f1 e4f1 e4f1 e4f1 e4f1 e4f1 e4f1 e4f1 e4f1 e4f1 ecf1 ecf1 ecf1 ecd0 ecd0 ecd0 ecd0 ecd0 ecb0 ecd0 ecd0 ecd0 ecd0 ecd0 ecd0 ecd1 ecd1 ecd1 ecd1 ecd1 ecd1 ecd1 ecd1 ecd1 ecd1 ecd1 ecd1 ecd0 ecb0 ecd0 ecb0 ecb0 ecd0 ed51 e531 dcf0 dcf0 dd10 dd31 e552 edb4 f676 ff19 ff5a ff59 ff59 ff59 ff59 ff18 fef6 fe95 f653 fe13 fdf2 fdd1 f5b0 f56f ed30 e4f0 e4d1 e4d1 ecd1 ecf1 ecd0 ecd0 ecd0 ecd0 ecd0 eccf ecd0 eccf 
dd12 dcf2 dcf1 dcd1 dcd0 dcd0 dcb1 dcb2 dc91 dc92 d492 d492 d4b1 d4d1 d4b1 dcb1 dcb1 dc91 dc91 dc91 dcb1 dcb1 dcb1 dc91 dcb1 dc91 dcb1 dcb1 dcb1 dcb0 dcb1 dcd1 dcd1 dcf1 dcf1 dcd1 dcd1 dcf1 dd11 e552 ed92 edd3 ee35 f676 feb7 fef8 ff3a ff7b ff9c ff9c ff7c ff7c ff7c ff3b f6b9 ee37 ddb5 dd74 dd34 dcf3 dcd2 e4b2 e4b1 dcb1 dcb1 dcb1 dcb0 dcb0 d4d0 dcd0 dcd0 dcd0 dcd0 dcd0 dcd1 e4d1 e4b1 dc90 dcb1 e4d2 dcb1 dcd2 d4d2 ccb1 abce 82ca 7aa9 7289 5a07 5207 5207 51e7 49c6 49a6 4985 4165 4165 4165 4165 4165 4165 4165 4165 4165 4165 4165 4165 4165 4165 4165 4165 4165 4166 4146 4145 4145 4165 4166 4185 4165 4165 4165 49a5 51a6 51a5 5a06 7ac9 8b4b 8b2a 8288 8aa9 b3ad d4d2 e533 e512 ed12 e4f2 e4f1 e4f1 dcb1 d490 dcd2 ed54 ed75 dd13 bc0f 92eb 7228 69c7 61a6 59a6 59a5 51a5 5185 51a4 5184 4963 51a4 5a05 6225 8b69 b4ce a44c 93c9 ac2c b48d c4ae bc6d a38a 92e7 a329 ab6a ab6a a36a ab6b abab b3cc b3ec b40c b3ec abec abeb abeb abeb b42c bc6d bc8d ac2c 8b69 6aa6 5a04 51e4 5205 5a46 6287 6ac9 7b0a 832b 936c 9b8d 9b4b ab8d ccd1 dd33 dd12 dcf1 e531 e511 dcd0 e4f1 ecf1 ecf0 ecf0 ecf1 ecf0 ecf0 ecf0 ecf0 ecf1 ecf1 ecf1 ecf1 ecf1 ecf1 ecf0 ecf0 ecf1 ecf1 ecf1 ecf1 ecf1 ecf1 ecf1 ecf1 e511 e511 e511 e4f1 e4f1 e511 e4f1 e4f1 e4f1 e511 ed11 e511 e4f1 ecf1 ecf1 ecf1 ecf0 ecd0 ecd0 ecd0 ecd0 ecd0 ecd0 ecd0 ecd0 ecd0 ecd0 ecd0 ecd0 ecd0 ecd0 ecd0 ecd0 ecd0 ecd0 ecd0 ecd1 ecd1 ecd0 ecd0 ecd0 ecd0 ecd0 ecd0 ecd0 ecd0 ecb0 ecd0 ed10 e510 dccf dccf dcf0 e531 e572 e5d4 f696 ff39 ff9a ff9a ff9a ff9a ff79 ff38 fef7 f695 f634 f5f3 fdd2 fdb2 fd70 fd30 f4f0 ecd0 ecd0 ecd0 ecd0 f4d0 f4d0 f4d0 f4d0 f4d0 ecd0 ecd0 ecf0 ecf0 
e532 e532 e4f1 e4d1 dcd0 dcb1 dcb1 dc91 dc91 dc92 dc92 dc92 dcb1 d4b1 dcb1 dcb1 dcb1 dcb1 dcb1 dcb1 dcb1 dcb1 dcb1 dcb1 dcb1 dcb1 dcb1 dcd1 dcd1 dcb0 dcb0 dcb1 dcd1 e4d1 dcd1 dcb1 dcb1 dcd1 dcf1 e552 edb3 edd4 ee15 f656 f6b7 fef9 ff5a ff7b ff9c ff7c ff5b ff3b ff1b f6ba ee37 e5d6 dd74 dd13 dcf3 dcd2 dcd2 e4b2 e4b1 e4b1 dcb1 dcb0 dcb0 dcb0 dcb0 dcd0 dcd0 dcd0 dcd1 dcd0 dcd0 e4d0 e4d1 e4b1 dcb1 e4d1 dcd2 e4f3 dd13 bc50 9b4c 82ca 7288 6a48 5a07 51e7 51e7 49e7 49c6 49a6 4185 4165 4145 4145 4145 4145 4165 4165 4165 4165 4165 4165 4165 4165 4165 4165 4165 4165 4166 4146 4145 4145 4166 4166 4185 4165 4185 4185 49a6 51e6 51e6 6247 7aca 8b2b 82c9 7227 9b2b cc91 dd12 e512 dcd2 e4f2 e512 e512 dcf1 d4b0 dcf1 e574 edb5 d4f2 a36c 71e7 5985 6a28 61e7 5145 4944 5165 5185 51a5 51a5 4984 4983 4983 51c4 51c3 6244 7b28 9bea ac8d b48d ac2c ac0c bc6d b40c a34a 9b09 ab6b ab8b 9b0a a30a ab6c b3cc bbed b3ec abcc a3ab a3ab abeb ac0c b44d bc8e bcae b46d a40c 8349 6a86 5a05 5204 5a46 6aa8 7ae9 830a 8b4b 9b8c a38d 9b2b b3ce e553 ed74 e512 dcf1 e511 ed32 e511 e4f1 ecf1 ecf0 ecf1 ecf1 ecf0 ecf0 ecf0 ecf0 ecf0 ecf1 ecf1 ecf1 ecf1 ecf1 ecf0 ecf0 ecf1 ecf1 ecf0 ecf0 ecd1 ecd1 ecd0 ecf1 ed11 e511 e511 e4f1 e4f1 e4f0 e4f1 e4f1 e4f1 e4f1 ed11 ed11 e4f1 ecf1 ecf1 ecf1 ecf0 ecd0 ecf0 ecd0 ecd0 ecd0 ecd0 ecd0 ecd0 ecd0 ecd0 ecd0 ecd0 ecd0 ecd0 ecd0 ecd0 ecd0 ecd0 ecd0 ecd0 ecd0 ecd0 ecd0 ecd0 ecd0 ecd0 ecd0 ecd0 ecd0 ecd0 ecd0 ecf0 ecf0 e4cf dccf dcf0 dd31 dd72 e5d4 f676 ff39 ff9a ffba ffba ffba ff99 ff59 f717 f695 f634 fdf3 f5b2 fd72 fd31 fcf0 fcf0 f4b0 f4d0 f4d0 f4d0 f4d0 f4d0 f4cf f4cf f4cf f4cf f4cf ecf0 ecf0 
ed73 ed53 e512 dcd1 dcd0 e4d1 dcb1 dc91 dc91 dc92 dc92 dcb1 d4b1 d4b1 dcb1 dcb1 dcb1 dcb1 dcb1 dcb1 dcb1 dcb1 dcb1 dcb1 dcb1 dcb1 dcb1 dcd1 dcd1 dcb1 dcb1 dcb1 dcb1 dcd1 dcb1 dcb0 dcd1 dcd1 dcf1 e572 edb3 edf3 ee35 f676 feb7 fef9 ff5a ff7b ff7b ff7b ff3b f6fa eeb9 ee58 e5f6 dd95 d533 d4f3 d4d2 dcd2 dcd2 e4b2 e4b2 e4b1 dcb0 dcd0 dcd0 dcd0 dcd0 dcd0 dcd1 dcd1 dcd0 dcd0 dcd0 e4d1 e4d1 e4d1 dcd1 dcd2 dcd2 e513 dd13 b3ce 8aea 82c9 7268 61e7 59e7 51e7 51e7 49c6 49a6 49a6 4185 4165 4145 4165 4165 4145 4165 4165 4165 4165 4165 4165 4165 4165 4165 4165 4165 4165 4166 4166 4145 4145 4166 4166 4185 4185 4185 41a5 49c6 51e6 5a07 7289 8b4b 8b4b 7aa8 7227 a38c dcf2 e553 e553 e513 dcd2 e4f2 e4f1 d4b0 e512 f5b4 e553 bc2f 8aa9 69a5 5965 6185 61a6 5165 4904 4944 5165 5185 51a5 51c5 51c4 51a4 51a4 51a3 51a3 4161 49a1 7b27 ac8c b4ad a3eb a3aa bc2d bc4d abab a30a b38b b3cc a32a a32a ab6b abab b3cc abec abcb abab abab abeb b40c b44d bc6d b46d b46d ac6d a40c 8349 6a86 5a25 6246 72a8 7aea 834a 938c 9b8c 9b6c a36c c42f ed74 ed74 dcf1 dcd1 e531 ed52 e511 e4f1 ecf0 ecf0 ecf0 ecf0 ecf0 ecf0 ecf0 ecf0 ecf0 ecf0 ecf1 ecf1 ecf1 ecf1 ecf1 ecf1 ecf1 ecf1 ecf0 ecf0 ecf1 ecf1 ecd0 ecf1 e511 e511 e511 e4f1 e4f1 e4f1 e4f1 e4f1 e4f1 e511 ed11 ed11 e4f1 ecf1 ecf0 ecf0 ecf0 ecf0 ecf0 ecd0 ecd0 ecd0 ecd0 ecd0 ecf0 ecd0 ecd0 ecd0 ecd0 ecd0 ecd0 ecd0 ecd0 ecd0 ecd0 ecd0 ecd0 ecd0 ecd0 ecd0 ecd0 ecd0 ecd0 ecd0 ecd0 ecd0 ecd0 ecd0 ecf0 ecf0 e4cf e4d0 dcf0 dd11 dd52 ddb3 ee55 fef8 ff7a ff9a ffba ffba ff99 ff59 f717 f695 f634 fdd3 f5b2 fd71 fd10 fcf0 f4d0 f4d0 f4d0 f4d0 f4d0 f4d0 f4d0 f4d0 f4d0 f4cf f4cf f4d0 ecf0 ecf0 
ed94 f573 ed32 e4f1 e4d0 e4d1 e4b1 e491 dc91 dc92 dc92 dc91 dcb0 dcb0 dcd1 dcb1 d4b1 dcd1 d4b1 d4b1 dcd1 d4d1 dcb1 dcb1 dcb1 dcb1 dcb1 dcd1 dcd1 dcd1 dcb1 dcb1 dcb1 dcb1 dc90 dc90 dcb1 e4d1 e512 ed93 edf4 ee15 f676 fe97 fed8 ff19 ff3a ff5b ff5b ff3a fefa f699 ee57 e5f6 dd95 dd34 d512 d4f2 d4d1 dcd1 dcd1 dcb1 e4b1 e4b1 dcd0 dcd0 dcd0 dcd0 dcd0 dcd0 dcd0 dcd0 e4d0 e4d0 e4d0 e4d1 e4d1 e4d1 e4d1 e4b1 dcd2 e533 dcf2 a36c 7a89 7aa9 6a47 59c6 51e7 51e7 51c7 49c6 49a6 4185 4165 4165 4165 4145 4145 4165 4165 4165 4165 4165 4165 4165 4165 4165 4165 4165 4165 4165 4166 4166 4145 4145 4165 4166 4185 4185 4185 49a6 51e6 5a07 6247 7aea 93cd 938c 7288 6a07 92ea c450 dd13 ed95 ed74 dcd2 d4d1 dd12 dd12 ed94 dd33 a3ad 7a47 6185 5964 5985 5986 5165 4944 4124 4965 4965 49a5 49a5 49a5 49c5 49c5 49c4 49a3 49a3 4162 4141 5a04 8308 a3eb ac2d ac0c b40d b3ed ab8c a30a ab4b bbac b36c ab4b ab2a a32a a34b ab8b b3cc b3ec b3ec b40c ac0c b42c b42d b44c b46d b4ae b4ae a40c 7b28 6266 6246 7288 830a 8b6b 9b8c 9b6c a36c b3ce dcb1 ed53 ed33 e4d1 dcd0 e511 ed32 ed31 ecf1 ecf0 ecf0 ecf1 ecf1 ecf0 ecf0 ecf0 ecf0 ecf1 ecf1 ecf1 ecf1 ecf1 ecf1 ecf1 ecf1 ecf1 ecf1 ecf0 ecf0 ecf0 ecf0 ecf0 ecf0 e511 e511 e511 e4f1 e4f1 e4f1 e4f1 ecf1 ecf1 ecf1 ed11 ecf1 ecf0 ecf0 ecf0 ecf0 ecf0 ecf0 ecf0 ecd0 ecd0 ecd0 ecd0 ecd0 ecd0 ecd0 ecf0 ecf0 ecd0 ecf0 ecd0 ecd0 ecd0 ecd0 ecd0 ecd0 ecd0 ecd0 ecd0 ecd0 ecd0 ecd0 ecd0 ecd0 ecd0 f4f0 f4d0 ecd0 ecd0 ecf0 ecf0 ecf0 e4f0 dcf0 dd31 dd72 e614 f697 ff59 ffba ffdb ffba ff99 ff79 ff17 f696 f634 f5d3 f592 fd51 fcf0 fcaf f4af fcd0 fcd0 f4d0 f4b0 f4d0 f4d0 f4d0 f4d0 f4d0 f4f0 ecf0 ecf0 ecf0 
f5b4 f594 f553 ed31 ed11 ecf1 ecd1 ecb2 e4b1 e4b2 e491 e4b1 e4b0 dcd0 dcd0 dcd0 dcd1 dcd1 dcd1 dcd1 dcd1 dcd1 d4d0 dcd1 dcd1 dcd1 dcb1 dcd1 dcd1 dcd1 dcb1 dcb1 dcb1 dc91 dc90 dc90 e4b1 e512 ed74 edd5 f636 f677 feb8 fed8 fef9 ff19 ff1a ff1a fefa feb9 f678 ee37 e5d6 e5b5 e554 dd13 d4f2 d4f2 dcd1 dcd1 dcd0 dcb0 dcb0 e4b0 e4d1 e4b1 e4b0 e4b0 e4d0 e4d0 dcd0 e4d0 e4f0 e4d0 e4d0 e4d1 e4d1 e4d1 e4d1 e4d1 e4f2 e513 cc91 9b0b 7a48 7a88 6a27 51a5 51e7 51e7 49c6 49c6 4986 4185 4165 4165 4165 4165 4145 4145 4165 4165 4165 4165 4165 4165 4165 4165 4165 4165 4165 4145 4166 4166 4145 4145 4165 4185 4185 4185 49a5 49c6 5207 5a48 6a88 832b 9c0e 938c 7aa9 7a68 82c9 a38c bc50 dd33 e574 dd13 dd33 dd53 ccd1 c490 a3ad 69e6 5144 5985 59c6 59a6 4965 4945 4165 4965 4185 49a6 49a6 41a5 41a5 41a5 49c5 49c5 41a4 4163 49a3 51c3 3921 4941 7aa7 a3ec bc6e b40d abac a34b 9aca a30a b38d bbad b34c aaeb a2ea a2ea ab4b abac b3ed b40d b42d ac0d b42d b44d b44d bc6d bcce c4ef b48e 93ab 7ae8 6a87 72a8 8b0a 9b8b a38c 9b4b a34b d470 ed33 ecf2 e4d1 e4d1 ecf1 ecf1 f4f1 ecf1 ecf1 ecf1 ecf0 ecf1 ed11 ecf1 ecf1 ecf1 ecf1 ecf1 ecf1 ecf1 ecf1 ecf1 f4f1 f4f1 f4f1 ecf1 ecf1 ecf0 ecf0 ecf0 ecf0 ecf1 ecf0 ecf0 e4f0 ecf1 ecf1 ed11 ed11 ed11 ed11 ecf1 ecf1 ecf0 ecf0 ecf0 ecf0 ecf0 ecf0 ecf0 ecf0 ecf0 ecf0 ecf0 ecf0 ecf0 ecf0 ecd0 ecd0 ecf0 ecf0 ecf0 ecf0 ecf0 ecf0 ecf0 ecf0 ecd0 ecd0 eccf ecd0 ecd0 ecd0 f4d0 ecd0 ecf0 ecf0 ecef eccf f4f0 f4d0 f4af f4af f4d0 f4f0 ecf0 dcf0 dd31 d552 ddb3 e656 ef38 ffdb ffdb f7ba ffda ff9a ff38 f6b7 f635 fdd4 f573 fd12 fcb1 fc70 fc8f fcb0 fccf fcaf fcaf fcd0 fcf0 f4d0 f4d0 f4d0 ecf0 ecf1 ed10 ed10 
f5d4 f5d3 f5b3 ed72 f551 f532 f512 f4f2 ecd2 e4b2 e4b2 e4b1 e4b0 e4b0 e4d1 dcd1 d4d0 d4f0 d4d0 d4d1 d4d1 dcd1 dcd1 dcd1 dcd1 dcb0 dcd1 dcd1 dcb1 dcb1 e4d2 e4d2 dcb1 dcb0 dcb0 dcb1 e4f2 f553 fdb5 fe16 f656 feb7 fef8 ff19 fef9 fef9 fef9 fed9 f697 ee77 ee37 e5f6 dd95 dd74 dd53 dd13 d4d1 d4d1 dcd1 dcd1 e4d1 e4b0 e4b0 e4d1 dcb0 e4d0 dcd0 dcf0 e4d0 e4d0 e4d0 e4d0 e4d0 e4d0 e4d0 e4d1 e4d1 ecd2 e4d1 e4d2 e4f1 dd12 bc4f 8aea 7247 7268 6206 59a5 51c6 49c6 49a6 49a6 4986 4165 4165 4165 4164 3944 4165 4165 4165 4165 4165 4165 4165 4165 4165 4165 4165 4165 4165 4165 4165 3965 4165 4165 4165 4185 4185 49a5 41a5 49e6 5227 6268 72ca 8b8c 93ce 7aea 7288 8b4b 9b8c 932b 9b4b b40f d4f2 e533 f5d5 dd53 930a 7a47 7a48 61a6 5965 5165 4944 4965 51a5 4985 4985 49a6 49c6 49c6 4185 4185 4184 41a4 41a4 41a4 41a4 4183 41a3 51e4 3920 30c0 51a3 8b09 abed b40d b3ed a32b 9268 9aca b36c b34c b32c ab2b a30a a32a ab6b ab6b a38b abac abed bc4e bc6e bc6d b46d b46d bcae bcf0 bccf ac4d 8b8a 7ae8 7ae8 8b4a 9bac a38c 9b4b ab8d e4f2 f574 e4f2 e4b1 ecf1 f532 f511 ecd1 ecd0 ecd0 ecf1 ed11 ecf1 ecf1 ecf1 ecf1 ecf0 ecf0 ecf1 ecf1 ecf1 ecf1 ecf1 ecf1 ecf0 ecf0 ecf0 ecf0 ecf1 ecf1 ecf1 ecf1 e4d0 ecf0 ecf0 ecf1 ed11 ed11 ed11 ed11 ed10 ed10 ed10 ed10 ecf0 ecf0 ecf1 ecf0 ecd0 ecd0 ecf0 ecf0 ecd1 ecf1 f4d1 ecd0 ecd0 ecf0 ecf0 ecf0 ecf0 ecf0 ecf0 ecf0 ecd0 ecd0 ecf0 ecf0 ecd0 ecd0 ecd0 ecd0 ecef ecef ecef ecef ecef eccf f4cf f4cf ecd0 eccf ecaf ecaf f4f0 f4f1 ecf0 e4f0 cd10 cd51 cdb2 d614 e6f7 f7ba ffdb ffdb ffda ff9a ff59 fef8 fe56 fdd4 fd93 fd32 f4b0 f46f f4af fcd0 fccf fccf fcd0 fcd0 f4cf f4d0 f4f0 f4f0 f4f0 ecf1 ed11 ed11 
f5f5 fe15 fdf4 f5b3 f592 fd93 f553 f533 ed12 ecf2 ecd2 e4d1 e4d0 e4d0 e4d0 dcd0 dcd0 dcd1 dcd1 dcd1 dcd1 dcd1 dcd1 dcd1 dcd1 dcd1 dcd1 dcd1 dcd1 dcd1 dcd2 dcd2 dcd2 dcd2 dcd2 e512 ed54 f595 fe16 fe57 fe97 fed8 fef8 fef9 fed9 feb9 feb8 fe78 f637 ee16 edd6 e595 dd74 dd34 dd13 dcf2 dcf2 dcf1 dcf1 e4f1 dcd0 dcb0 dcaf e4b0 e4d0 e4d0 e4d0 e4d0 e4d0 e4d0 e4d0 e4f0 e4f0 e4d0 e4d0 e4f0 e4d1 e4d1 e4d1 dcd1 e512 dcd1 b3ee 8ac9 7247 7247 61e6 59a5 51c6 49a6 49a6 4986 4985 4165 4165 4165 4165 4165 4165 4165 4165 4165 4165 4165 4165 4165 4165 4165 4165 4165 4165 4165 4165 4165 4165 4165 4165 4185 41a5 41a5 49c6 5207 5a27 6288 7b4b 93ad 8b8c 6a48 7288 ac2f bc70 9b6c 82a9 930b bc30 dd33 e5b5 bc70 69e6 5943 61c6 5965 5965 5165 4944 4944 4985 51a7 51c7 51c7 49c7 49a6 41a5 41a5 4185 4185 41a4 4184 4184 4184 49a3 49a3 4162 4121 4942 59c4 82c8 abcd bc50 ab8d 8a28 9aaa b36d aaeb a2eb b32c b36d bb8d b36c a32b 9aea 930a a38b bc6e c4d0 bc8e b48d b48d b48d b4ae bccf bccf ac6e 9bcc 936a 936b 9b8c a36c a38c bc0e ed53 fd94 e4f1 e4d1 ed11 f532 f511 ecd0 ecd0 ecf0 ecf1 ecf1 ecf1 ecf1 ecf1 ecf1 ecf1 ecf1 ecf1 ecf1 ecf1 ecf1 ed11 ed11 ecf1 ecf1 ecf1 ecf0 ecf1 ecf1 ecf1 ecf0 ecf0 ecf0 ecf0 ecf0 ed11 ed11 ed11 ed10 ed10 ed10 ed10 ecf0 ecf0 ecf0 ecf0 ecf0 ecf1 ecf1 ecf0 ecf0 ecf0 ecf1 ecf0 ecf0 ecf1 ecf1 ecf1 ecf1 ecf1 ecf1 ecf0 ecf0 ecf0 ecf0 ecf0 ecf0 ecf0 ecf0 f4f0 ecd0 eccf eccf ecef ecef f4cf f4cf eccf eccf f4f0 f4cf ec8e ec8f f4f0 f4f0 eccf e4d0 dd10 dd51 dd71 ddb3 e675 f718 ff79 ffba ffba ff9a ff79 ff18 fe97 fe36 fdd4 fd73 fd12 f4b0 f4d0 fcf0 fcf0 f4f0 f4f0 f4f0 f4f0 ecf0 ecf1 ecf1 ecf1 ecf1 ed11 ed31 
fe36 fe36 fe15 fdf4 fdf3 fdd3 fd93 f553 f533 ed12 ecf2 ecf1 e4f0 e4f0 e4f0 dcd0 dcd0 dcd0 dcd0 dcd1 dcd1 dcd1 dcd1 dcd1 dcd1 dcd1 dcd1 dcd1 dcd1 dcd1 dcd2 dcf2 e513 e513 e534 ed54 f5b6 fdf7 fe57 fe98 feb8 fed8 fed8 feb8 fe98 fe78 f658 f637 f616 f5d6 ed95 ed74 e553 e533 e512 e4f1 dcf1 dcf1 e4f0 e4d0 e4f0 e4d0 dccf e4af ecd0 ecb0 e4cf e4cf e4d0 e4d0 e4d0 e4d0 e4d0 e4f0 ecf0 e4d0 e4d1 e4d1 dcb1 dcd1 e532 d4b1 a38c 82a9 7267 6a27 61e6 59c6 51c6 49a6 4986 4185 4165 4165 4165 4165 4165 4165 4145 3944 4165 4165 4165 4165 4165 4165 4165 4165 4165 4165 4165 4165 4165 4165 4165 4165 4185 4185 41a5 49a5 49a5 5207 5a48 6289 7b2b 93ce 8bad 5a07 59e6 9bce b490 9bad 7aa9 82a9 a3ce bc71 b42f 82ca 5985 61c6 6a07 4103 4103 5165 4965 4145 4965 49a6 51c7 49c7 49a6 49a6 41a6 41a6 41a6 41a6 4185 4185 4185 41a5 4184 4163 49a4 4984 4943 4943 59a5 82ca b42f abce 8a49 9aab bb4e aacc aacc b32d bb4d bb8e b36d a30b 92ca 92ca 9b6b b40d bc8f c4cf bcce bcae ac6d ac8d bccf cd71 cdb2 bd10 ac2d 9b8b 9b6b a38b bc0d dcd1 f552 f532 ecf1 ecf1 f511 f511 f511 f510 ed10 ed11 ecf1 ecf0 ecf1 ecf1 ecf1 ecf1 ecf1 ecf1 ecf1 ecf1 ecf1 ecf1 ed11 ed11 ecf1 ecf1 ecf1 ecf1 ecf1 ecf1 ecf1 ecf0 ecf0 ecf0 ecf0 ecf0 ecf0 ecf0 ecf0 ecf0 f510 f510 ecf0 ecf0 ecf0 ecf0 f4f0 f4f1 ecf0 ecf1 ecf1 ecf1 ecf1 ecf1 ecf1 ecf1 ecf1 e4f1 e4f1 e4f1 e4f0 ecf0 ecf0 ecf0 ecf0 ecf0 ecf0 ecf0 eccf eccf f4f0 f4ef f4ef f4cf f4cf f4cf eccf eccf ecef ecef f4f0 f4d0 ec8f f48f fcf0 f4f0 eccf e4af e510 e531 dd31 dd72 ddd3 ee96 ff18 ff79 ff9a ff9a ff7a ff5a fef8 fe97 fe36 fdf5 f594 f532 f511 f4f0 f4f0 f4f0 ed10 ecf0 ed11 ed11 ed11 ed11 e511 e512 e532 ed53 
fe36 fe56 fe35 fe14 fe14 fdf4 fdb3 fd73 f553 f532 ecf2 ecf1 ecf0 e4f0 e4f0 e4d0 dcd0 dcf0 dcd1 dcd0 dcd1 dcd1 dcd1 dcd1 dcd1 dcd1 dcd1 dcf2 dcd1 dcb1 dcd2 dcf2 e513 ed54 ed75 f5b6 fdf6 fe37 fe78 fe98 feb8 fed8 feb8 f677 f677 f657 f657 f637 f617 f5d6 edb5 ed74 e553 e533 e512 e4f1 dcf1 e4f1 e4f0 e4f0 e4f0 e4cf e4cf e4cf ecd0 ecd0 ecd0 e4d0 e4d0 e4d0 e4d0 e4d0 e4f0 e4f0 e4d0 e4d0 e4d0 e4b0 dcb0 e4d1 ed32 d490 a34b 8aa9 7a68 6a06 61e6 59e6 51c6 49a6 4185 4165 4165 4165 4165 4165 4165 4165 3944 3944 4165 4165 4165 4165 4165 4165 4165 4165 4165 4165 4165 4165 4165 4165 4165 4165 4185 4185 41a5 49a5 49c6 5207 5a48 6aa9 6aca 8b6d 93ee 59e6 38e2 6227 830b 8b0b 7aa9 8aea 934c 932b 82ca 69c6 4903 61e6 7289 4924 30a2 4104 4965 51a6 51a7 4165 4166 4986 4186 4165 4185 41a6 49c6 41c6 4185 3965 4185 41a5 49c5 49a4 4163 4163 4963 5164 5143 6185 930b ab8d 9aaa a2ab b34d bb4d b32d b2ec aacb ab0c b34c ab4c a34b a32b 9b6b 9b6b abcc c4af cd0f bcce b46d ac6d bcef de14 f6b6 e614 bcf0 a3ec 9b6a a38b cc8f f573 ed32 e4d1 ecf1 ecf1 f4f1 f511 f511 f531 f511 f511 ecf1 ecf1 ecf1 ecf1 ecf1 ecf1 ecf1 ecf1 ecf1 ecf1 ecf1 ecf1 f511 f511 ecf1 ecf1 ecf1 ecf1 ecf1 ecf1 ecf0 ecf0 ecf0 ecf0 ed10 ed10 ecf0 ecf0 ecf0 ecf0 ecf0 ecf0 ecf0 f4f0 f510 f510 f4f0 ecf0 ecf0 ecf0 ecf1 ecf1 ed11 ecf1 ecf1 ecf1 e4f1 e4f1 e4f1 e4f0 e4f0 ecf0 ecf0 ecf0 ecf0 ecf0 ecf0 ecf0 ecef eccf f4ef f4f0 ecef ecef ecef f4ef f4ef f4ef ecef ecef f4f0 f4d0 f4af f4cf fcf0 f4f0 ecaf e4cf e511 e552 dd31 d531 d592 e635 eed7 ff39 ff7a ff7a ff9a ff7a ff19 fed8 fe97 fe36 fdd5 fd94 fd32 f4d0 f4cf f4f0 f4f0 f4f0 ed11 ed11 ed11 ed11 e512 e512 ed32 f573 
fe97 fe97 fe96 fe55 fe54 fe35 fdf4 fdb4 f594 f553 ed32 ed11 e4f0 e4f0 e4d0 dcb0 dcb0 e4b0 e4d1 e4d1 e4d1 e4d1 dcd1 dcd1 dcd1 dcd1 dcf1 dcf1 dcf2 dcf2 dd12 e553 ed74 f5b5 f5f6 fe17 fe37 fe78 fe78 fe98 fe97 fe97 f677 f657 f636 f616 f616 f5f6 edd5 ed95 ed74 e533 e512 e4f2 e4f1 e4f1 e4d0 e4f0 e4f0 e4f0 e4f0 e4cf e4cf e4af ecb0 ecb0 e4af e4af e4d0 ecf0 ed10 e4f0 e4cf e4d0 e4f0 ecf1 e4d0 e4d1 e4d1 e4f2 e532 cc70 930a 8288 7268 61e6 59c6 51c6 51c6 49a6 4985 4165 4165 4165 4165 4165 4165 4165 4165 4165 4165 4165 4165 4165 4165 4165 4165 4165 4165 4165 4165 4165 3964 3964 4165 4185 4985 4185 4185 4185 49c6 5227 6268 6aa9 730b 834c 7b2b 51a5 30c2 4944 59e7 6a08 6a27 7a69 82ca 82aa 7248 5144 3881 59a5 7aa9 6207 4124 38e3 4965 59e7 51c7 4145 3904 4145 4165 4186 49a6 4186 4165 4165 4185 4185 4185 4165 49a5 4984 3922 4122 4984 51a5 4943 4923 7207 8aaa 928a a2cc b32d bb4d b2ec aaab aaec aaec ab2c ab4c ab6c a36c 9b4b 930a 936a ac0d c510 cd50 b4ae ac4d c550 ee95 ff59 fef8 ddb3 ac2d 9b8b b40d dd11 ed73 e511 e4d0 ed11 ed11 ecf0 f4f1 f511 f531 f511 f511 f510 f510 ed11 ed11 ed11 ed11 ed11 ed11 ed11 ed11 ed11 ed11 f511 f511 f511 f511 f511 f511 f511 ecf1 ecf1 ecf1 ecf1 ed11 ed11 ed11 ed10 ed10 ecf0 ecf0 ecf0 ecf0 ecf0 f4f0 f510 f510 f4f0 ecd0 ecf0 ed11 ecf0 e4d0 e4f1 ed12 ecf1 e4b1 ecf2 f532 e4d1 e4f1 ed11 e511 e4f0 ecf1 ed11 ecf0 eccf ecf0 f510 ecf0 f4ef ecef f4ef f4ef f4ef f4ef f4ef f4ef f4ef f4ef ecf0 f4f0 f4cf f4d0 fcf0 f4f0 ecd0 ecd0 ed11 ed11 e511 dcf1 dd11 dd93 ee35 fed8 ff19 ff5a ff7a ff5a ff19 fef9 feb8 fe77 fe36 fe15 fdb3 f552 f551 f552 ed51 ed31 ed31 ed31 e511 e532 e532 e532 ed53 f594 
fef8 fed7 feb6 fe95 fe95 fe75 fe55 fe15 fdd4 f594 f573 ed52 e531 e510 e4f0 e4b0 e4b0 e4b0 e4b1 e4d1 e4d1 ecd1 e4f1 e4f1 e4f1 e4f2 dcf1 dd12 e532 e553 ed94 edd5 f616 fe57 fe77 fe78 fe78 fe78 fe98 fe78 f657 f657 f657 f637 f636 f5f6 f5b5 f594 ed54 ed33 e512 e4d2 dcb1 e4b1 e4b0 e4d0 e4d0 e4d0 e4cf e4cf e4ef e4ef e4d0 e4af e48f ecaf ecaf e4af eccf ecf0 ed10 ecf0 e4af e4af ed11 ed11 e4b0 e4f1 ed11 e4f1 dcf2 bc2f 8ac9 7247 6a27 59e5 59e6 51c6 49a5 4986 4986 4985 4165 4165 4165 4165 4165 4165 4185 4185 4165 4165 4165 4165 4165 4165 4165 4165 4165 4165 4165 4165 3964 3964 4185 4185 4185 4165 4185 4185 49e6 5a48 6288 6aa9 8bad 836d 5a28 4965 4944 4985 5185 4965 4965 59a6 6a48 82eb 7269 4924 3061 4904 6a49 728a 59c7 4104 4966 51c7 51a7 4145 3925 4145 4186 49a7 49a6 4165 3925 4125 4166 4986 4986 4145 4144 4144 3903 4123 4985 5185 4944 5144 5985 69c7 8229 a2ec ab2d ab0d a28b aaac bb2d bb2d ab0c aaec ab2c ab4c 930a 932a 9b6b 8b4a ac4d cd51 bd0f bcef ddd3 f6d7 ff79 ff79 f6b6 c4f0 a3cb ccaf e592 e531 e510 ecf1 ecf1 ed11 ecf0 ecf1 ed10 ed10 ed10 ed10 f511 f511 ed11 ed11 ed11 ed11 ed11 ed11 ed11 ed11 ed11 ed11 f511 f511 f511 f511 f511 f511 f511 f511 f511 f511 f511 f511 ed11 ed11 ed10 ed10 f510 f4f0 f4f0 f4f0 f4f0 f4f0 f4f0 f4f0 f4f0 ecf0 ecf0 f511 ecf1 e4b0 e4d1 ed33 e512 cc4f ed53 fdd5 dcf1 dcd1 ed32 e4f1 e4f1 ed11 ed11 ecd0 eccf f4f0 fd10 f510 f4ef f4cf f4ef f4ef f4ef f4ef f4ef f4ef f4f0 f4f0 ecef f4f0 f4ef f4f0 f4f0 f4d0 f4d0 f4d0 f4d0 f4d0 f4d0 f4d1 ecd1 e4f1 ed73 fe16 fe77 fed8 ff39 ff39 ff39 ff19 fef8 f6b8 f697 f676 f635 f5f4 f5f3 f5d4 edb3 ed93 e573 e552 e552 e573 ed94 ed94 f5d5 fdf6 
feb7 f676 f675 fe95 fe95 fe75 fe56 fe36 fe36 fdf5 fdd5 f5b4 edb2 ed72 ed51 ed11 f4f1 f4f2 f4f2 ed12 ed12 f512 ed12 ed12 ed32 e512 e533 ed74 edb4 f5b5 f5f6 fe16 fe57 fe78 fe78 fe98 fe98 fe98 fe98 f677 f677 f657 f637 f616 f616 edd5 ed95 ed74 e553 e533 e4f2 e4d1 dcb1 e4b1 e4b0 e4d0 e4d0 e4d0 e4d0 e4cf e4cf e4ef e4cf e4af e48f f4d0 f4f1 ecd0 e4af e4af e4cf e4af e4af e4d0 f552 f532 e4d0 e4d1 e4f1 dcd1 d4b0 b3cd 82a9 7227 6a26 6206 6227 5a27 4985 4985 4985 4985 4185 4165 4165 4165 4165 4185 4185 4185 4165 4165 4165 4165 4165 4165 4165 4165 4165 4165 4165 4165 4165 4165 4165 4164 3944 4164 41a5 49c6 5207 5a28 6288 72ea 838d 7b2b 51e7 4144 4144 4985 5165 4945 4964 5185 61e7 7269 7269 5986 38a2 40e3 61c7 6a28 59a7 4104 4945 51a7 51a7 4986 4966 4987 4186 4145 4165 4166 4986 4986 4165 4165 4145 4145 4965 4964 4123 4143 4985 5185 4944 5145 5965 6186 79e8 9aab ab2d b32d a2ab a2ab bb2d bb4e b30c aaec ab0c ab4c 9b0b 9b4b 9b6b 934a 8b29 9c0b cd71 e654 ee96 ff18 ff59 ff39 ff59 ddf4 ac0c cccf ed93 e531 e511 ed31 ed11 ed11 ecf1 ecf1 ecf1 f511 ed10 ed11 f511 f511 f511 f511 ed11 ed11 f511 f511 f511 f511 f511 f511 f511 f511 ed11 ed11 ed11 ed11 ed11 f511 f511 f511 f511 ed11 ed11 ed11 f510 f510 f510 f510 f4f0 f4f0 f4f0 f4f0 f4f0 f4f0 f4f0 f4f0 ecf1 ecd0 ed11 ed11 e4f1 e4f2 dcb1 cc2f ed94 fe78 e532 dcb0 e4f1 ed12 ed11 ed11 f511 ecf0 eccf f4f0 f510 f510 f4ef f4cf f4cf f4cf f4ef f4ef f4ef f4ef f4f0 f4f0 eccf f4d0 f4ef f4f0 f4d0 f4d0 f4d0 fcd0 f4d0 f4d1 f4d0 f4d1 ecf1 e4f1 e511 e552 edd4 f656 fed8 ff19 ff39 ff5a ff39 ff19 f6d8 f697 f655 f614 f614 f5f4 f5d3 edb3 edb3 edb4 f5d4 f5f5 fe16 fe17 fe17 fe16 
f676 ee55 f655 fe75 fe95 fe76 fe76 fe77 fe77 fe57 fe36 fe15 fdf4 f5d3 f593 fd73 fd74 fd54 fd53 f553 f553 f553 f553 f553 f574 f573 ed74 f5b5 fdf5 fdf6 fe16 fe37 fe57 fe78 fe78 fe78 fe78 fe78 fe77 fe57 fe57 f657 f616 f5f6 f5d5 ed94 ed73 e533 e513 ecf2 e4d2 e4b1 e4b1 e4d1 e4b0 e4b0 e4d0 e4d0 e4d0 e4d0 e4cf e4cf e4cf e4af ecaf f4f1 f511 ecf0 e4cf e4af e4cf e4cf e4f0 e4d0 ecf1 ed11 ed12 e4f1 dcf1 dcd1 d490 b3cd 8ac9 6a06 59e6 5a06 5a06 51e6 49a6 4986 4185 4185 4165 4165 4164 4165 4165 4165 4165 4165 4165 4165 4165 4165 4165 4165 4165 4165 4165 4165 4165 4165 4165 4985 4185 4144 3924 3964 49c6 5207 5227 5a28 6aa9 7b4c 7b4c 6aa9 51e6 4144 4144 4965 4985 4985 4965 5186 51a6 59c7 6a49 6a08 4904 38c2 4945 59a6 5186 4125 4145 4966 51c7 51a7 51c7 51e7 4166 3904 3925 4166 51a7 51a7 4986 4145 3924 4145 4965 4965 4144 4964 4985 4965 4944 4965 5186 5986 69a7 8a6a ab2d b36e aacd a28b b30d bb4e b30c aaec a30c a34c 9b2b 9b4c a38c 9b8b 8308 8329 bd30 eeb6 ff58 ff79 ff9a ff59 fed7 ddb3 cccf d511 e552 e532 ed31 ed11 f531 f511 f511 f511 ed11 f531 f531 ed11 f511 f511 f511 f511 f511 f511 f511 f511 f511 f511 f511 ed11 ed11 ed11 f511 f511 ed11 ed11 ed11 ed11 ed10 ed10 f511 f511 ed11 ed11 ed10 ed10 f510 f4f0 f510 f510 f4f0 f4f0 f510 f4f0 ecf0 f511 f531 ecf0 e4d0 ed32 f573 cc4f bbad d4d2 fe58 fe99 ed94 d490 d490 ed12 ed32 ed11 f531 f511 ecd0 f4f0 f510 f4ef f4ef f4cf f4ef f4d0 f4ef f4ef f4f0 f4ef f4d0 f4d0 f4f0 f4f0 f4ef f4f0 f4f0 f4cf f4cf f4d0 fcd1 fcd1 f4d1 f4d1 f4f1 ecf1 e4d0 dcb0 e532 edb4 f615 f676 fed7 ff18 ff39 ff39 ff19 fef8 fe97 fe56 fe55 fe35 f614 f614 f615 fe36 fe56 fe57 fe77 fe77 fe57 fe16 
eeb6 e695 ee95 f6b5 feb6 fe96 fe97 fe97 fe77 fe77 fe57 fe57 fe15 f5f4 fdd5 fdb5 fd94 fd94 fd94 fd94 fd94 fd94 fd94 fdb5 fdb4 fdb5 fdd5 fdd5 fdf6 fe16 fe37 fe57 fe76 fe97 fe97 fe97 fe77 fe77 fe77 fe57 f616 f5f5 f5d5 f5b4 ed74 ed53 ed13 ed12 e4d1 e4d0 e4d0 e4b0 e4b0 e4d0 e4d0 e4d0 e4b0 e4b0 e4d0 e4d0 e4f0 e4f0 e4d0 ecf0 eccf eccf e4cf e4cf e4d0 ecf0 ed11 ed11 dcb0 dcaf dcaf e4d1 ed32 e4f1 e4f2 dd12 c46f a3ac 82e9 59e6 51a5 51c5 49a5 49a5 4185 4186 4185 4165 4165 4165 4145 4165 4144 4165 4185 4185 4165 4165 4165 4165 4165 4165 4165 4165 4165 4165 4165 4165 3964 3984 41a5 4184 3964 4185 49c6 5207 5207 5a27 72ea 838d 72eb 5a07 4985 4144 3924 4164 4185 4165 4185 4985 4986 4965 61e7 6a08 5145 38a3 40c3 5146 59a7 4966 4124 4165 49c6 51c7 51c7 49a7 4166 4145 3925 4166 4987 4987 4946 4125 4125 4946 4145 4144 4964 4165 4185 4144 4145 5186 4966 4945 5966 7a2a a32e b38f aaed a28b aaec b32d b32d aaec a2eb ab2c a34c a38c a38c a3ac 9bab 9bab ac4e ddd4 ff5a ffbb ffdb f779 cd71 c4cf dd92 e593 e552 ed52 ed31 f511 f531 f531 f531 f531 ed31 ed31 ed30 ed10 ed30 f510 f511 f511 f511 f511 ed11 ed11 ed11 ed11 ed11 f511 f511 f511 ed10 ed10 ed10 ed10 ed10 f511 ed11 ed11 ed10 ed10 ed11 ed11 ed11 ed11 f511 f510 ed0f ed0f f510 ed10 f510 f4f0 ecf0 f531 f532 ecf1 e4d1 ed12 f574 bbce ab8d fe17 feda f678 f5f6 d4b0 c44f e512 f553 ed12 ed11 f511 ecf0 f4f0 f4f0 f4d0 f4ef f4ef f4ef f4ef f4ef f4ef f4ef f4f0 f4f0 f4f0 ecd0 ecd0 ecf0 ecf0 f4f0 f4f0 f4d0 fcd0 f4cf f4af fcd0 fcd0 fcb0 fcb1 f4d1 ecd1 ecd1 ed11 e552 e5b3 edf4 f656 fed7 ff18 ff38 ff38 ff18 fed7 feb7 fe97 fe97 fe97 fe76 fe76 fe77 fe77 fe57 fe37 fe16 f5b5 
f6d7 fef7 fef7 fed6 f6b6 feb6 fe97 fe97 fe97 fe77 fe77 fe57 fe56 fe35 fdf5 fdb4 fd94 fd95 fdb4 fdb4 fd95 fdb5 fdb5 fdb5 fdd5 fdd5 fdf6 fe16 fe16 fe36 fe36 fe57 fe77 fe77 fe77 fe77 f677 f657 f657 f616 edd5 edd5 ed94 ed73 e552 e512 e4f1 e4d1 e4d1 e4d1 e4d1 e4b0 e4b0 ecb0 e4d0 e4d0 e4d0 e4d0 e4d0 e4d0 e4ef e4ef e4cf ecf0 f4f0 e48f dc6e e48f ecf0 f531 ed31 e4f0 e4af dc8f e4d0 e4d0 dcb0 d490 dcd1 dcf2 c42f 9b4b 7a88 59c5 5185 51e6 51c5 4185 49a5 4185 4185 4165 4165 4165 4145 4165 4165 4165 4165 4165 4165 4165 4165 4165 4165 4165 4165 4165 4165 4165 4165 4165 3944 4164 41a5 49c5 49c6 49c5 49c6 49e6 5207 6268 7b2c 838d 6289 4185 3944 3924 3944 4165 4165 4165 4165 4165 4165 4125 51a6 6208 5186 38c3 38a2 4945 51c7 51a6 4145 4945 51a6 5186 4966 4145 4986 51a7 51a7 4986 4946 4125 4125 4145 4946 4966 4945 4124 4944 4965 4165 4144 4145 51a6 5186 4924 4925 7208 a32d b38f aaed 9a6b aacc bb2d b34d aaec a2ec ab2c ab6d a38c a3ac abed ac4e b48f b4af bd11 de34 ff9a fffb e696 ac6d b44d e5d3 ed93 e531 ed52 ed31 ed31 ed31 ed31 f531 f531 ed31 ed31 f531 f531 ed11 ed11 ed11 ed11 f511 f511 f511 f511 f511 f511 f511 f511 f511 f511 ed11 ed11 f511 f511 f511 f511 f511 f511 ed11 ed11 ed11 ed31 ed11 ed11 ed10 f510 f510 f510 f4f0 f4f0 f510 ecf0 ecf0 fd52 f552 e4d1 f532 ed32 cc2f bbce d4f3 feba fe99 f617 fe16 dcb1 c3ed e512 f553 e511 ed11 f511 f511 f4f0 f4f0 f4ef f4cf f4ef f4ef f4ef f4ef f4ef f4f0 f4f0 f4f0 f4f0 ecf0 ecf0 ecef ecef ecf0 f4f0 f4d0 fcd0 fcd0 fcb0 fcb0 fcb0 fcb0 fcb1 fcf1 fd32 f532 e511 dd11 d511 d552 ddb3 e634 ee96 f6f7 f718 fef8 fed7 feb7 feb7 feb7 feb7 fe97 fe97 fe76 fe36 f5f5 f5d4 ed74 e533 
ff59 ff79 ff38 fef7 fed6 feb6 fe77 fe77 fe77 fe77 fe58 fe57 fe56 fe36 fe15 fdd5 fdb5 fdb5 fdb5 fdb5 fdd5 fdd6 fdf6 fdd6 fdf6 fdf6 fe16 fe36 fe37 fe37 fe57 fe57 fe57 fe37 fe37 f616 f616 f616 f5f5 edb4 ed74 ed74 ed53 e532 e512 e4f1 e4d1 e4d1 e4d1 e4d1 e4d0 ecd0 ecb0 ecb0 ecd0 ecd0 e4d0 e4d0 e4d0 e4d0 e4f0 e4f0 e4d0 ecf0 ecf0 e48f e46e eccf f511 ed11 e4f0 dcaf dcaf e4f1 f552 ed32 dcd1 dcd1 e533 dd13 b3ee 8aca 6a27 5185 51a5 5a27 5207 49a5 49a6 4186 4985 4165 4165 4165 4165 4165 4165 4165 4165 4165 4165 4165 4165 4165 4165 4165 4165 4165 4165 4165 4165 4164 3964 3964 4184 49e6 5226 49e6 49a5 49c5 5a48 72ea 836c 7b4c 5207 3924 3924 3944 4165 4165 4165 3944 4165 4165 4165 4145 4965 51a6 59a6 4124 30c3 4124 51c7 51c7 4965 4966 49a6 4165 3924 4145 51c7 5a28 5a08 49a7 4125 3905 4125 4966 4966 4945 4125 4124 4945 4965 4165 3924 4145 49a6 49a6 4124 40e4 69c8 9b0d b38f ab0d 9a6b aaac bb0d bb4d b30c aaeb ab2c ab6d ab8d a38c a38c b40e c4d0 cd52 c511 c531 ee56 ee76 d552 c48f ccd0 e572 e552 e531 ed32 ed31 ed11 ed11 ed11 f511 f511 ed31 ed31 f531 ed11 f511 f511 f511 f511 f511 f511 ed11 ed11 ed11 ed11 ed11 ed11 ed11 ed11 ed11 ed11 ed11 ed11 ed11 ed11 ed11 ed11 f511 f511 ed11 ed11 ed11 ed11 ed11 ed11 f510 f510 f510 f510 ed10 f511 f511 f511 f532 ed12 fd94 dcb1 a32b cc91 fe9a fe79 edd7 edd7 fe58 dcf2 bbee e512 ed53 e4f1 ed11 f511 f511 f4f0 f4f0 fcf0 f4ef fccf f4ef f4ef f4cf f4d0 f4f0 f4f0 f4f0 f4f0 f4f0 f4f0 ed10 ed10 ed10 f4f0 f4f0 f4d0 fcd0 fcd0 fcb0 fcb0 fcd0 fcd0 fd11 fd52 f552 ed31 e511 dd11 dd31 dd52 dd93 e5d4 ee14 f635 f635 fe35 fe35 fe35 fe55 fe55 fe35 fe15 f5d4 f593 ed52 ed32 e511 ed11 
ff9b ff9a ff59 fef8 fef7 feb7 fe77 fe37 fe57 fe37 fe38 fe37 fe36 fe36 fe16 fdd5 fdd5 fdd6 fdd6 fdf6 fdf6 fdf6 fdf6 fdf6 fe16 fdf6 fe16 fe37 fe57 fe57 fe36 fe36 fe16 fdf6 f5f5 f5d5 f5b4 f5b4 f594 ed53 ed12 ed12 ed12 e4f1 e4d1 e4d1 e4d0 e4d0 ecd0 ecd0 ecd0 ecd0 ecd0 ecd0 ecd0 ecd0 e4d0 e4d0 e4d0 e4d0 e4f0 e4f0 e4d0 e4d0 ecd0 ecb0 ecf0 f511 ed11 e4cf d46e dc8f e4f0 ed31 e531 e512 e532 e533 ed94 dd53 abce 7a89 61e6 4985 51e6 5a48 5207 41a5 41a6 4185 4985 4165 4165 4165 4165 4165 4165 4165 4165 4165 4165 4165 4165 4165 4165 4165 4165 4165 4165 4165 4165 4164 4185 4184 3964 49c5 5227 5206 41a5 49c6 6aa9 836c 7b4c 6289 41a6 3924 3944 3965 4185 4185 3965 3944 3945 4165 4186 4165 4124 4965 51c7 4985 3903 4144 49a6 49c6 4185 49a6 49c6 3944 3944 4185 49c7 51e7 51c7 4986 4145 4125 4145 4966 4966 4125 4125 4925 4945 4965 4165 3924 3945 49a6 41c6 3944 3904 59a7 8aeb a38e a34d 9aac a2ab b2ed bb4d b32d ab0c ab2c ab6d ab8d a34b 9aea a36c c470 dd53 e594 dd73 cd11 c48f c4af e573 ed93 dd11 e511 ed32 ed11 ed11 f511 f511 f511 f511 f511 ed11 ed11 ed11 ed11 f511 f531 f531 f511 f511 f511 f511 f511 f511 f511 f511 f511 f511 f511 f511 f511 f511 f511 f511 f511 f511 f511 f511 ed11 ed11 ed31 ed11 ed11 ed11 ed11 f510 f510 f4f0 f4f0 f4f0 f531 fd72 e4d0 e4f1 f594 ed33 bc0e abae e5b6 fefb e5f7 d514 e5b7 fe79 dd34 bc0f dcd2 ed33 e4d1 ecd1 f4f1 f511 f4f0 f4f0 fcf0 fcf0 fccf f4ef f4ef f4ef f4f0 f4f0 f4f0 f4f0 f4f0 f4f0 f4f0 ed10 ed10 ed10 f4f0 f4f0 f4f0 fcd0 fcd0 fcd0 fcd0 fcd0 fcd0 f4f0 f531 f531 f531 ed51 ed51 ed51 ed31 e531 e531 ed32 ed32 ed52 ed73 ed93 f593 f5b3 fdb3 f592 f572 f551 ed30 ed10 ecef ed10 f510 
ff9a ff7a ff59 ff39 ff18 fef8 feb8 fe78 fe58 fe37 fe17 fe17 fe16 fe16 fe16 fdd5 fdd6 fdd6 fdf6 fdf6 fdf6 fdf6 fdf6 fdf6 fdf6 fdd5 fdf5 fe16 fe16 fe16 f5f5 f5f5 f5d5 f5b4 edb4 ed94 ed73 ed73 ed53 e512 e4d1 e4d1 e4d1 e4d1 e4d0 e4d0 e4d0 e4d0 ecd0 ecf0 ecf1 ecd0 ecd0 ecd0 e4d0 e4d0 ecd0 ecd0 ecd0 e4d0 e4f0 e4f0 ecf0 e4b0 ecaf ecd0 f511 f531 ecf0 dc8f dc8f e4f0 ed52 e4f0 bbcc bbac d48f d4b0 dcf2 d4d1 a3ad 7a68 59c6 4985 51c6 5207 41a5 3964 4185 4185 4985 4165 4165 4144 4144 4144 4165 4165 4165 4165 4165 4165 4165 4165 4165 4165 4165 4165 4165 4165 4165 4165 49c5 41a5 3943 4184 49e6 49e6 49c5 5a47 732b 83ad 730b 49c6 3944 3944 3944 4185 49a6 4186 3965 3945 3945 4165 4186 4165 3924 4145 51c7 51a6 4145 4124 4165 4985 4985 49a6 49a6 3944 3944 4186 4165 3924 3924 4125 4165 4966 4966 4966 4146 4125 4945 4945 4945 4965 4165 3924 3945 41a6 41c6 3965 3904 5186 7a6a 9b4d a34e a2cc a28b aaac b30d b32d b32c ab2c ab6c ab8d a34c 9b0a 9b4b abcd bc4f dd94 f636 c4d0 abcc c4af edb4 f5b4 dcf1 e511 ed32 ed11 ed11 f511 f511 f511 ed11 ed11 ed11 ed11 ed11 ed11 f531 f531 f510 f510 f511 f531 f531 f531 f531 f531 f531 f531 f511 f511 f531 f531 f511 f511 f531 f531 f531 f531 f511 ed11 ed11 ed31 ed11 ed11 ed11 f511 f510 f510 f510 f510 ecf0 f531 fd72 e4d0 e4f1 f594 cc4f b3ce e574 fe58 edf7 dd55 ccd3 dd76 fe79 e575 c430 dcb1 e512 e4f1 e4d1 ecf1 f531 f4f1 f4f0 fd10 fcf0 fccf fccf fccf fcd0 f4d0 f4f0 f4f0 f4f0 f4f1 f4f1 f4f1 ed10 ed10 ed10 f4f0 f4f0 f4f0 fcd0 fcd0 fcd0 fcd0 fcd0 fcd0 f4d0 eccf f4f0 f511 ed51 f552 ed72 ed51 e531 e510 e4f1 e511 e511 e531 e552 ed52 ed52 ed52 ed31 ed11 e510 ecf0 ed10 ed10 ed10 f510 
f6b7 ff19 ff59 ff18 ff18 fef8 feb8 fe98 fe58 fe37 fe17 fdf7 fdf6 fdf6 fdf6 f5d5 f5d5 f5d5 f5d6 f5d6 f5d6 f5d6 fdd5 fdd5 f5b5 f5b4 f5b4 f594 f594 f594 f573 f573 ed73 ed73 ed53 ed53 e532 e532 e532 e4f1 dcb1 e4b1 e4d1 e4d1 e4d1 e4d1 ecd1 ecd1 ecd0 ecf0 ecf0 ecd0 ecd0 ecd0 ecd0 e4d0 e4d0 ecd0 ecd0 ecd0 e4d0 ecf0 ecd0 ecd0 ecb0 ecb0 f511 f511 e4d0 dcaf e4f0 f572 fdb3 d48f 9287 81e5 92a8 9ae9 a34b a36c 92ea 7248 59c6 51a5 49c6 49e6 3964 3144 4185 4185 4185 4165 4165 4145 4144 4144 4145 4165 4165 4165 4165 4165 4165 4165 4165 4145 4165 4165 4165 4165 4165 4185 49e5 41c5 3963 3964 41a5 49e6 5206 6aa9 7b4b 7b6c 5a48 3924 3924 4185 3945 4165 49a6 49a6 3965 3945 3945 3966 4186 3966 3945 4145 4986 49a6 4165 3924 3924 4164 4985 49a6 41a5 3944 3965 4185 3104 20a2 28a2 3104 4186 49a7 4986 4145 4145 4145 4966 5166 4965 4965 4165 3945 3965 41a6 41c6 4185 3924 4965 7229 930d ab6e a30d 9a8b 9a6b aacc b32d b32d ab2c ab6c ab6c a34c ab6c a36c 9b2b a36b ccb1 f5f5 e593 ccb0 cc90 dd32 ed53 e511 ed12 ed11 ed11 f4f1 f4f1 f4f1 f4f1 f511 f511 ed11 ed11 ed11 ed11 f531 f531 f511 f511 f511 f531 f531 f531 f531 f531 f531 f531 f511 f511 f531 f531 f511 f511 f531 f531 f531 f531 f511 f531 ed31 ed31 ed31 ed31 f531 f511 f511 f511 f510 f510 f511 f511 ed11 f552 ed12 dc90 bbee d4d2 fe99 f638 ccd3 ccd3 c4b3 d535 fe38 f5b6 cc91 d491 dcf2 e512 e4d1 ecf1 f532 f4f0 f4f0 fd11 fcf0 fcef fccf fccf fcf0 fcf0 f4f0 f4f0 f4f0 f4f0 f4f1 f4f1 ed10 f510 f510 f4f0 f4f0 f4f0 f4f0 f4d0 fcf0 f4d0 f4f0 f4f0 f4f0 ecef ecf0 ecf0 ed10 ed31 ed31 ed11 ed11 ecf1 ecf1 ed11 ed31 ed31 ed31 ed31 ed31 ed11 ecf0 ecf0 e4ef ecef f510 f530 f510 f4ef 
c511 e5f5 f676 ee35 ee35 f656 fe57 fe38 fe38 fdf7 f5d7 f5d7 f5d6 f5d6 f5d6 edb5 e5b5 e5b5 edb5 edb5 edb5 edb5 edb5 edb5 ed94 ed94 ed94 ed53 e532 ed33 ed32 ed12 ed12 ed12 ed12 ed11 ed11 ed12 ecf1 e4d1 e4b0 e4b0 ecb0 ecd1 ecd1 ecd1 ecd1 ecd1 ecd0 ecd0 ecd0 ecd0 ecd0 ecd0 e4d0 e4d0 e4d0 e4d0 ecd0 ecd0 ecf0 ecf0 ecd0 ecf0 ecd0 e4b0 ecd0 ecf0 ecf0 e4f0 ed11 f593 f593 d46f 9ac8 7184 5902 5902 6164 69c6 7248 6a07 51c6 51c6 49e6 41a6 3985 3965 4185 4185 4185 4165 4165 4145 4145 4145 4145 4165 4165 4165 4165 4165 4165 4165 4165 4165 4165 4165 4165 4165 4165 4165 41a5 41a4 41a4 3984 41a4 5206 6288 730a 730b 6289 49a6 3103 3944 4185 3945 3965 4186 41a6 3986 3965 3966 4186 3986 3966 3965 4165 4165 4185 41a5 3964 3944 3944 41a5 41a5 3985 3964 3985 3985 3124 28e2 28e3 3124 4186 41a6 4186 3945 3945 4145 4966 5166 4945 4945 4985 3965 3945 3985 41e6 41c6 4185 4165 6208 8aec a38f ab4e 9a8b 9229 9a8b b32d b34d ab2c ab4c ab2c ab4c bbce b38d a2eb a32b b3ad d4b0 fdf6 f5d5 d490 d490 e4f1 ed12 f512 f512 f4f2 f4f2 fcf2 f4f2 f4f2 f511 f4f1 f512 f512 ed11 f511 f511 f511 f511 f511 f531 f531 f511 f511 f511 f511 f531 f531 f531 f531 f511 f511 f531 f531 f531 f531 f511 f511 f531 f531 ed31 ed32 ed31 ed31 ed31 ed11 f511 f511 f511 f511 f511 ecf0 e4d0 fd93 ed12 bbce d490 fe17 fe79 dd76 b451 bc52 bc72 cd14 f5f7 fdf7 dd13 cc70 dcd2 ed13 e4d1 ecf1 fd32 f4d0 f4d0 fd31 fcf0 fccf fcf0 fcf0 fcf0 fcf0 f4f0 f4f0 f4f0 f4f0 f4f1 f4f1 f510 f510 f510 f510 f4f0 f4f0 f510 f510 f4f0 f4f0 f510 f510 ed10 ed10 ecef e4cf e4cf eccf f4d0 f4d0 fcd0 fcd1 fcd1 fcf2 fd12 fd12 f511 f511 f511 f4f0 f4ef f4ef f4ef fcee fcee fcee fcee f4cd 
93ab a40d b46e bc8f c4f0 cd12 dd54 e595 edb6 ed96 ed96 ed96 ed95 edb5 edd5 e595 dd94 dd95 dd74 dd74 dd74 dd74 dd74 e574 e574 ed74 ed74 e553 e533 e533 e532 e512 ed12 ecf2 ecf1 ecf1 ecf1 ecf1 ecd1 e4b0 ecb0 ecb0 ecd1 ecd1 ecd1 ecf1 ecf1 ecf0 ecd0 ecd0 ecb0 ecb0 ecd0 ecd0 e4d0 e4d0 ecf0 e4d0 ecf0 ecd0 ecf0 e4d0 e4d0 f511 f511 e48f e48f ecf1 f532 e4f1 dcaf dcd0 e531 e511 d48f 9ac8 5902 50c1 50e2 5924 7207 7228 51a5 49a6 49a5 3965 3985 39a6 41a6 4986 4185 4165 4165 4145 4144 3944 4145 4165 4165 4165 4165 4165 4165 4165 4165 4165 4165 4165 4165 4165 4165 4164 3123 3964 49e5 49c5 41c5 5226 6aea 7b4b 6ac9 49c6 3924 3944 4185 4185 3124 3924 4165 4186 4186 4186 41a6 41a7 39a7 3986 41a6 4185 3103 3945 49e6 41a5 3164 3964 41c6 41a5 3144 3964 39a5 39a5 41a5 41c6 49e6 4186 3945 3124 3925 3945 4166 4166 4966 5166 4925 4925 4986 3965 3144 3985 4207 4a28 49c7 4166 59c7 82cb abaf ab8f 9a8b 89e9 9a6a b30d b34d ab2c ab2c ab2c ab6c b36d b36d b36c b38d b38c bbcd dcf2 f5b5 ed53 dc90 dc70 f532 fd32 fd12 fd12 fd12 fd12 fd12 fd12 fd11 fd11 f532 f532 f532 f531 f511 f510 f530 f530 f531 f531 f530 f530 f530 f530 f531 f531 f530 f530 f531 f511 f511 f511 f530 f530 f511 f511 f531 f531 ed32 ed32 ed31 ed31 ed31 ed11 f511 f511 f510 f510 f511 f511 ed11 ecd1 d46f cc4f ed74 fe58 f5f7 d514 b451 abf0 b451 cd14 f5d7 fdf7 ed54 cc50 d4b1 ed54 e4d1 ecf1 fd32 ecd0 f4d0 fd11 fcf0 fccf fcf0 fcf0 fcd0 fcd0 f4f0 f4f0 f4f0 f4f1 f511 f4f1 ed10 ed10 ed10 f510 f510 f510 f510 f4f0 f4f0 f510 ed10 ed10 ed30 ed30 e510 e4cf e4af eccf f4f0 fd11 fcf1 fcd1 fcb1 fcd1 fcd1 fcf1 f4f1 f4f1 f4f0 fcf0 fd10 fd10 fd0f fcef fcce f4ad f4cd fced 
8ac8 82c7 8ae8 9b4a a38b abac bc0e c450 cc50 cc70 d491 d491 dc91 dcb1 dcd2 d4f2 ccf1 ccf1 d511 d512 d512 dd32 dd32 e552 dd32 e532 ed52 ed32 ed32 ed12 ed12 ed12 e4f1 e4f1 e4f0 e4f1 e4d1 e4d1 ecf1 ecd1 e4af ecb0 ecd0 ecf0 ecd1 ecd1 ecf1 ecf0 e4d0 e4cf e4d0 e4d0 e4d0 ecd0 ecd0 ecd0 e4b0 e4d0 ecf0 ecf0 ecf0 ecd0 ecd0 f511 f4f0 e48e e48f ed11 f552 ed11 dc90 d46f dcb0 ed32 fdb4 dcf2 ab4c 8a68 69a5 5924 61c5 6206 51a5 49a5 4185 3964 3985 41a6 4185 4165 4165 4165 4165 4145 4145 4165 4145 4144 4165 4165 4165 4165 4165 4165 4145 4165 4165 4165 4165 4165 4185 4165 3123 3963 49c5 49e5 49e6 5a68 72ea 72ea 5207 3123 3103 4185 4185 4145 3944 3944 3964 3985 4185 4185 4186 41a6 4186 4165 4185 4165 3924 3944 4185 4185 4165 3965 3985 3985 3985 3985 3965 49a6 5a48 6289 5a28 5207 51e7 49a6 4145 3925 3945 3925 3944 4985 4144 3903 4165 4185 3985 3985 39a5 41c6 49c7 49a6 61e8 828b ab8f b38f 926a 81a7 8a08 ab2d b34d ab0c ab4c ab6c ab4c a32c ab6d b3ad b3ad b38d b38d bbee dd12 fdf5 ed73 dcf1 e4f2 ed12 f533 f533 f512 f512 f512 f532 f512 f512 f532 f532 ed10 ed30 ed30 ed31 f531 f531 f531 f531 f511 f511 f511 f511 f531 f531 f531 f531 ed30 ed30 ed30 f531 f531 f511 f511 f511 f4f1 f4f1 ed11 f532 f532 f511 f4f1 f511 ed10 ed30 ed31 ecf1 ed11 f552 f552 cc2e bbce e554 fe58 fe38 dd34 cc93 bc31 b3f0 b3f0 c4b3 edb6 fe18 ed75 cc50 d491 f554 e4d1 f511 fd52 f4d0 f4d0 fd11 fcf0 fcf0 f4ef f4ef f4ef f510 f4f0 f4f0 f511 f4f1 f4d0 f4d0 f4f0 f510 f4f0 f4f0 f510 f4f0 f4f0 ecf0 f510 f510 f50f f50f f510 f510 ecef eccf ecef f4f0 fd11 fd11 fcf1 fcf1 fcd0 f4d0 f4f0 f510 f510 f4f0 f510 f510 f510 fd10 fd10 fcef f4ce f4ae f4ce fcef 
aaa9 aa89 aaa9 aac9 aac8 aac8 aae9 aae9 ab09 b309 b32a bb4a bb4b bb6b bb8c c3cd c40d c42e c44e cc8f d4af dcf0 dd10 e510 e510 ed10 ed10 ed10 ecef eccf eccf ecaf ecd0 ecd0 e4d0 e4d0 e4d0 e4f1 ecf0 ecd0 eccf eccf eccf eccf eccf eccf ecd0 f4f0 ecd0 ecd0 ecd0 ecd0 ecd0 ecd0 ecd0 ecd0 ecd0 ecd0 ecd0 ecf0 ecd0 ecd0 ecd0 f4d0 f4d0 f48f ecb0 f4d1 f4f2 f4f2 ecd2 e491 dcb1 e4f3 ed54 fdb6 ed75 c42f 8248 5123 5944 61c6 51c5 49a5 41a5 41a6 41a6 3985 4165 4165 4165 4165 4165 4165 4165 4165 4165 4165 4165 4165 4145 4145 4165 4165 4145 4165 4165 4165 4165 4165 4165 4165 41a6 4185 4165 49c6 5a28 6a8a 6a89 5a07 4165 3103 3944 49a6 4985 4145 4145 4165 4165 4165 4165 4165 4165 4165 4165 4165 4164 4184 4985 4144 3923 4165 4185 4145 3924 49a6 51e7 4986 4124 4986 6228 6228 5a07 6a68 7aea 72ea 5a47 49a5 4184 3103 3944 51a6 4945 38e3 3944 41a5 41c5 3984 3163 3143 4165 51a6 61e8 7a4a a30e b34f a28c 7967 7987 aaec b36d a32c ab8c ab8c ab8c abac abac ab8c ab8c ab6d ab6d b3ae d492 f5b7 fe38 ed96 d4f3 dd14 e554 e534 dd33 e532 e552 ed52 ed32 ed11 f4f0 f4f0 f510 f511 f551 ed31 ed31 ed31 f532 f532 f532 f532 f532 ed32 ed32 ed32 ed12 ed12 f512 f512 f511 f511 f511 f511 f511 f511 f511 f4f0 f4d0 fd31 fd31 f4f0 ecb0 f4d0 f532 f552 e511 dcf1 e532 ed73 dd12 bc0f c471 fe38 fe99 f5f7 ccb2 bbf0 b3cf bbf0 bbd0 c431 e556 f5f8 ed75 c450 cc70 ed33 f532 fd52 fd52 f4f0 f4cf f4f0 f4f0 f4f0 f510 f510 f511 f511 f510 f510 f510 f510 f4f0 f4f0 f510 f510 f4f0 f4f0 f510 f4f0 f510 f4f0 f4f0 fcf0 fcef fccf fccf fcce fccf fcef fd10 fd10 fd10 fcf0 fcf0 fcf0 f4f0 f4f0 f510 f530 f530 f510 f510 f4f0 f4ef f4ef fcf0 fcf0 fcf0 fcd0 fcd0 fcd0 
b289 aa89 aa89 aaa9 aac8 aaa8 a2c8 a2c8 aac7 aac8 aae8 b2e9 b309 bb0a b32a b36b b38c b3cc bc0d c44e cc8f d4cf dcf0 e510 e510 ed10 ed10 ecf0 eccf ecaf ecaf ecaf ecb0 ecd0 ecd0 e4d0 e4d0 ecf1 ecf1 ecd0 ecd0 eccf eccf f4cf eccf eccf ecd0 ecd0 f4d0 f4d0 ecd0 ecd0 ecd0 ecd0 ecf0 ecf0 ecf0 ecf0 ecf0 ecf0 ecd0 ecd0 ecd0 f4d0 fcd0 fcb0 f4b0 f4b0 ec90 ec91 ecb2 ecd2 ecf3 e4d3 dcb2 dc92 cc50 ab8d 8268 5944 5964 59a5 4984 4984 41c5 41c6 41a6 3985 4165 4165 4165 4165 4165 4165 4165 4165 4165 4165 4165 4165 4145 3944 4145 4145 4165 4165 4165 4165 4165 4165 4165 4165 4986 4986 4986 51e7 5a49 6269 5a28 49a6 3944 3924 4165 4185 4165 4165 4165 4165 4165 4165 4165 4145 4145 4145 4145 4165 4164 4164 4985 4164 3944 49a6 49a7 4166 3904 4145 4966 38e4 38c3 4125 5186 5186 5185 59e6 6a89 7b0a 7b4b 7b4b 6ae9 3984 28a1 38e3 4985 51c6 49a5 3943 3143 41c5 41e5 41c5 4185 5186 61c7 7a4a a30e ab2f 9a8c 8168 7967 9a8b b34d ab6d ab8c a38b abcc abcd abac ab6c ab8d ab6d ab6d b36e c410 e4f4 fdd7 fdf8 ed96 e535 dd34 e554 e574 ed74 ed53 e512 e4f0 ed10 f530 fd11 f4f0 f511 f532 f552 ed32 ed32 f532 f532 ed32 ed32 ed32 ed32 ed32 ed32 ed12 ed12 f532 f512 f511 f511 f511 f511 f512 f4f2 f4f1 fd11 fcf0 fd10 fcd0 f4af fcf0 fd11 f511 e4f1 e512 e532 e532 d4f2 ccb1 ccb2 e575 fe59 fe38 dd14 bc10 ab6e b38f c411 bbd0 c3f0 dd35 f5f8 ed76 c450 cc50 ed33 f532 fd52 fd31 f510 f4f0 f4f0 f510 f510 f510 f511 f511 f511 f510 f510 f510 f4f0 fd10 f50f f4f0 f510 ecf0 f510 f510 f510 f4f0 f4f0 f4ef fccf fcef fcef fccf fccf fccf fcef fcef fcef fcef fcef fcef fcf0 fcf0 fcf0 f50f f4ef f50f ecef f4ef f4ef f4ef f4ef f4f0 fcf0 fd10 fd11 fcf0 f4af 
aaa9 aa89 aaa8 b2c9 aae9 aae9 aae9 aae9 aae9 ab09 b309 b30a bb0a bb2a b32a ab2b ab6b b3ac bc0d c44e cc8f dcf0 dd10 e530 e530 ed10 ed10 ed10 ecf0 ecd0 ecaf ecb0 ecd0 ecd0 ecd0 e4d0 e4d0 ecf1 ecf1 ecd0 ecd0 eccf ecd0 f4d0 ecd0 ecd0 f4d0 f4d0 ecd0 ecd0 ecd0 ecd0 ecf0 ecf0 ecf0 ecf0 ecf0 ecf1 ecf0 ecd0 ecd0 e4b0 e4af f4d0 fcf0 fcf0 f4d1 ecd1 e490 dc70 dcb1 e4f3 e513 d491 bbae 92aa 79e7 7a07 71e7 6185 59a5 5185 4123 4144 49a6 49e7 41a6 3965 4165 4165 4165 4165 4165 4165 4165 4165 4165 4165 4165 4165 4165 4165 4165 4165 4165 4165 4165 4165 4165 4165 4185 4165 4165 4985 51e7 5a28 5a48 5a07 51e6 4985 4165 4145 4165 4185 4165 4165 4165 4165 4165 4165 4165 4165 4165 4165 4165 4165 4164 4164 4164 4164 49a5 49c6 49a6 4165 3924 3924 3924 4104 4103 4103 38e3 4123 4985 51c5 59e6 6247 7b2b 8bed 8bcd 6ac9 4164 30c2 4965 6208 49c6 3123 2902 41a5 5247 5a47 51e6 4965 5986 828b a32e a30e 9a6b 81a8 7967 89e8 ab2d bbcf a34b a36b b3ce b3ad ab8c ab8d b38d b38d ab6d ab4d b38e c410 dcd3 fdd7 fe59 edb6 dd34 e554 ed94 f594 ed53 e4f1 e4d0 ed11 fd72 fd72 f511 f511 f532 f532 f532 f532 f531 f532 f532 ed32 f512 f512 f532 f532 f532 f512 f532 f512 f511 f511 f511 f511 f511 f511 f4f1 fd11 fd31 fcf0 f4af f4f0 fd31 f532 ecf1 e4d0 ed52 f5b4 dcf1 c44f d4d1 edb5 fe79 fe38 e534 c431 b38e a32d ab6e c411 c3f0 bbf0 dd14 fe18 f5b6 c410 cc50 f553 f532 f531 fd32 f511 f4f0 f4f0 f4f0 f510 f510 f510 f510 f511 f510 f4f0 f4f0 f4f0 f510 f4f0 f4f0 f4f0 f510 f510 f510 f510 f4f0 f4f0 f4ef f4ef fcef fcef fcef fcef fccf fccf fccf f4cf f4cf f4ef f4f0 f4d0 fcf0 f4f0 eccf e48e e4ae e4ae e4ae ecae ecae f4cf f4ef fcf0 fcf0 fd10 fcd0 ec6e 
b2a9 aa89 aaa8 aaa9 aac9 aac9 aac8 aac8 aac8 aac8 aae9 b2e9 b2e9 bb0a b30a ab0a ab2a b36b bbec c44e d4af dcf0 dd31 e551 e550 e530 ed30 ed10 ed10 eccf e4af ecaf ecd0 ecd0 ecd0 ecd0 e4d0 ecf0 ecf0 ecd0 eccf ecd0 f4d0 ecd0 eccf eccf ecd0 f4f0 f4f0 f4f0 f4f0 f4f0 f4f0 f4f0 ecf0 ecf0 ecf0 ecf0 ecf0 ecd0 ecd0 ecd0 e4b0 ecf0 f511 ed11 ed12 ed12 e512 dcd2 d4b2 ccb2 c471 abae 8269 6165 5103 5965 5985 5144 59a6 5186 4124 4145 49a6 49c7 41a7 3965 4165 4165 4165 4165 4165 4165 4165 4165 4165 4165 4165 4165 4165 4165 4165 4165 4165 4165 4165 4165 4165 4165 4185 4185 4165 49a6 5a07 6248 5a28 51c6 4185 3944 4165 4165 4185 4165 4165 4165 4165 4165 4165 4165 4165 4165 4165 4165 4165 4165 49a5 49a5 4164 4164 4984 4184 4163 4164 4985 51a5 59e6 6a68 6227 4984 4122 4963 59e5 6226 5a26 59e5 5a46 6aa8 7b4a 8bed 836c 5a07 4965 4145 3944 3964 3984 3984 41c6 5227 5a28 5186 5986 8aac 9b2e a2ed 9a6c 89c9 7967 7967 a2cc bbef a32b a36c bbee b3ce abad b38d ab6d ab6d b36d ab4d ab2d ab6e c431 ed76 fe79 fe38 ed95 e574 ed74 ed94 ed73 e532 e4f1 ed31 fd72 fd72 f531 f531 f531 f532 f531 f531 f531 f531 f531 f532 f532 f532 f532 f511 f532 f512 f512 f512 f511 f511 fd11 fd11 fd11 fd11 f511 fd32 fd51 f4d0 f510 fd92 f511 e4d0 ed12 ed12 ed53 ed94 cc90 c44f dd74 fe99 feda edd6 c450 ab6d ab6e a32d ab4d c411 c411 bbf0 d4d3 fe18 fdf7 c40f c42f f554 f533 f511 f531 fd11 f4f0 f4f0 f510 f510 f510 f510 f511 f511 f510 f510 f4f0 f510 f4f0 f510 f510 f510 f510 f510 f510 f510 f4f0 f4f0 f4ef f4ef f4ef f4ef fcef fcef fcef f4ef f4ef f4ef f4ef f4cf f4cf eccf eccf ecaf e48e dc4d dc2d dc2d dc2d dc2d dc2d e46e ec6e ec8e ec8e f48f ec8e ec4e 
b2a9 aa89 aaa9 aaa8 aaa8 aaa8 a2a8 a2a8 aac8 aac8 aac8 b2c9 bae9 baea b30a b30a ab2a b36b bbcc cc2e d4af dd10 e551 e551 ed50 ed30 ed30 ed30 ed10 e4cf e4af ecaf ecd0 ecd0 ecd0 ecd0 ecf0 ecf1 ecf0 ecf0 eccf f4cf f4cf eccf eccf eccf ecd0 f4f0 ecf0 ecf0 f4f0 f4f0 f4f0 f4f0 ecd0 ecd0 ecd0 ecd0 ecd0 ecd0 ecd0 ecf1 ecf0 ed11 ecf0 e4b0 dcb0 e4f2 e512 dcd1 c42f b3ae a36d 8a8a 6186 5103 48e3 5124 5104 4903 5985 59a6 4945 4145 4186 49c7 41a7 4186 4165 4165 4165 4165 4165 4165 4165 4165 4165 4165 4165 4165 4165 4165 4165 4165 4165 4165 4165 4165 4185 4185 4185 4185 4185 49c6 5a28 6248 5a07 4986 3944 3944 4165 4165 4185 4165 4165 4165 4165 4165 4165 4165 4165 4165 4165 4165 4165 4164 49a5 49c5 4164 4163 4184 3923 3902 49a5 6268 72c9 7b0a 93cd 93ac 7ac9 6a46 6206 6246 6246 6a87 6a87 5a46 5205 5a67 940e b4d1 93ae 5a07 38e3 3103 41a5 49e6 3984 3964 49c6 5a28 59c7 61a7 8aac a32e a2ee 924b 89c9 7988 6905 928a bbcf a34c a36c bbee b3ee b3cd ab8d ab4c ab4c b36d b38e ab4d a32c b38e d4d3 f5f8 fe79 f5f7 ed75 dd33 dd32 e553 ed73 ed72 f552 f552 fd52 fd51 f551 f531 f551 f531 f531 f531 f531 f532 f532 f532 f532 f532 f511 f532 f532 f511 f511 f511 f511 f511 fd11 fd11 fd11 fd11 fd11 fd10 fcf0 fd51 fd92 f532 e4d0 e4d0 f594 ed93 d490 cc70 dd33 f637 fefa fe79 d4f3 a36d 9b0c b3ae ab6e a32d bbd0 bbd0 bbf0 cc92 f618 fe18 bbef c40f f574 f532 f4f1 f511 fd31 f510 f4cf f4f0 f510 f510 f510 f511 f511 f510 f510 f510 f510 f50f f510 f510 f510 f510 f510 f510 f510 f4ef f50f f4ef f50f fcef fcef f4ef f4ef f4ef fcef fd10 fcef f4ef f4cf ecae ec8e e46e dc4d dc2d d40c d40c d3ec cbcb cbcb d3cb d3cb d3ec dbec dbec dbec dbed e40d 
b2a9 b289 aa88 aa88 aa88 aa88 a2a8 a2a7 aaa8 aac8 aac8 b2c9 b2e9 baea b30a b30a b32a b36b bbac c42d d48e dcf0 e530 e551 ed50 ed50 ed50 ed30 ed10 e4cf e4af ecaf ecd0 ecd0 ecd0 ecf0 ecf0 ecf0 ecf0 ecd0 ecd0 f4d0 f4d0 f4d0 f4cf f4cf ecd0 f4f0 ecd0 f4f0 ecf0 ecf0 f4f0 f4f0 ecd0 ecd0 e4b0 ecd0 ecd0 ecd0 ecf0 ecf1 ed11 f552 f552 e4d0 d490 dcb1 d4b1 c42f 9b2c 8289 7228 69e7 5965 5145 5144 5124 40e3 40c2 5165 59c6 4965 4125 4145 4186 4186 4186 4165 4165 4165 4165 4165 4165 4165 4165 4164 4165 4165 4165 4165 4165 4165 4165 4165 4165 4165 4165 4165 4185 4186 4185 4986 49c6 5a07 5a07 51e7 4185 3944 3965 4165 4165 4165 4165 4165 4165 4165 4165 4145 4165 4165 4165 4165 4165 4165 4145 4985 4984 4143 4164 4164 3902 4123 5a27 834b 93cd 93cd a44f ac6f a40e 936b 7ae9 6a87 6225 6a87 834a 834a 6267 51e4 72e9 a44f ac71 832c 59e7 4185 4165 41a5 4184 3985 4185 51c6 59c7 69e8 826b a32e a30e 8a2b 89e9 81c8 6926 8a09 ab2d a36c ab8c b3ee b3ce b3ad ab8d a32c a30c ab4d bb8e bb8e ab2d ab4d c410 e514 fe38 fe59 f5d6 dd33 dcf2 e532 f594 fdb4 f572 ed11 ed11 fd72 fd52 f531 f532 f532 f532 f532 f531 f531 f531 f531 f531 f531 f511 f512 f512 fd11 fd11 f531 fd11 fd11 fd11 fd11 fd11 fd11 fd11 fd11 fd11 f510 f511 fd72 f552 ed11 f594 e4f1 bbed d512 fe78 feba fe79 e595 bc0f 92eb 9b0c b3af b3af ab2e ab4e bb8f bbf0 c451 f618 fe58 bc0f c40f f574 f532 f4f1 f511 fd31 fd10 f4d0 f4f0 fd11 f510 f510 f510 f510 f510 f510 f510 f510 f510 f510 f510 f510 f510 f510 f510 f510 f4f0 fd10 f4ef fcef fcef fcef f4ef f4ef fd0f fd10 fd10 fd10 f4ef eccf e48e e46d dc2d d42d d42d d40c d3ec cbcb cbab c38a c38a cb6a cb6a cb6a cb6a cb4a cb6b d3ac 
b2a9 b289 aa88 aa88 aa88 aa88 aa87 aa87 aaa8 aaa8 aaa8 b2c9 b2c9 bae9 b2e9 b2e9 b30a b32a bb6b c3ec cc4d d4af dd0f e530 ed71 ed51 ed50 ed30 ed0f e4ef e4af ecaf eccf f4d0 f4d0 f4d0 f4f0 ecf0 f4f0 f4cf f4d0 f4d0 f4d0 f4d0 f4d0 f4d0 eccf f4d0 f4f0 f4f0 f4d0 f4d0 f4f0 f4f0 ecd0 ecd0 ecd0 ecd0 ecf0 ecf0 ecf0 ecf0 ecf0 f572 f593 dcd1 c44f bc0e abad 930b 6a48 59a6 5186 51a6 5186 4986 5186 4985 4124 38e3 5186 51a7 4945 4105 4145 4166 4166 4146 4166 4165 4165 4165 4165 4165 4165 4164 4165 4165 4165 4165 4165 4165 4165 4165 4165 4165 4185 4165 4185 4185 4185 4985 51c7 51c7 51c7 51c7 49a6 4186 4185 4185 4165 4165 4145 4144 4165 4165 4165 4165 4165 4165 4165 4165 4165 4165 4165 4165 4164 4123 4123 4964 4983 4142 51a3 7ae8 a42e ac4e a3ec a40c a42d ac4d a42c 9beb 8349 6245 6246 834a 9c0d 8b8b 6246 51e5 6a89 938d a430 93af 6aa9 4185 3943 49c5 5207 49c5 4965 59a6 6a08 7a4a a34f ab4f 8a0b 89ca 89ea 7968 79a8 926b a34d ab8d abae b38d b38d b36d ab2c ab0c b32d bb6e bb8e b34e b32d b38e cc51 f596 fe59 fe38 edb5 dd33 dd12 ed73 f5d4 ed73 e510 e511 fd73 fd52 f531 fd32 fd32 fd32 f531 f531 f531 f531 f531 f511 f511 f511 f511 f511 fd11 fd11 fd11 fd11 fd31 f531 f511 f511 fd11 fd52 fd92 ed11 dcaf e4f0 ed52 f5b4 fdd5 dd12 c40f c471 ee17 fefb fe99 e575 c471 ab8e 92ab 92ab ab6e b3af ab2d a30c b34e bbd0 bc31 f5d7 fe59 bc50 c40f ed33 f532 f511 f511 fd31 fd10 f4cf f4f0 fd11 fd11 fd11 fd11 f511 f510 f510 f510 f510 fd10 fd10 f510 f510 f510 f510 f4f0 f4f0 f510 fd10 fcf0 fcf0 fcef fd0f f4ef f4ef fd30 fd30 f530 f510 ecef e4ae dc8e d44d d44d d42d dc4d dc4d d40c cbcc cb8b c36a c34a c34a c32a c329 c329 bb09 bb29 cb6b 
aaa8 aaa8 aaa8 aac8 aaa8 aaa8 aaa8 aaa8 aa87 aa88 aaa8 b2a8 b2a9 b2a9 b2c9 b2ea b2e9 ab09 b36a bbcb c42c cc8e dcef e550 e570 ed71 ed91 ed50 ed10 e4ef e4af eccf eccf eccf ecef f4f0 ecef ecf0 f4f0 f4d0 ecaf eccf f4cf f4d0 f4cf f4cf f4d0 f4f0 eccf ecef ecf0 ecf0 ecd0 ecd0 f4f1 f4f1 ecf0 ecf0 f511 ecf0 ecd0 ecf0 ecf0 d44e ab6a 9b09 8ac8 7a47 6a06 5985 4964 4945 4145 4965 4986 4966 4965 51a7 51a7 4966 51a6 4986 3924 3904 4146 4967 4167 4146 4165 4165 4165 4165 4165 4145 4165 4165 4165 4165 4165 4165 4165 4165 4165 4165 4165 4165 4185 4185 4185 4185 4185 4986 49c6 49c6 49a5 4185 4185 4185 49a6 4986 4165 3944 3944 4144 4145 4165 4165 4165 4164 4164 4164 4165 4165 4165 4165 4165 3923 3902 4143 4984 4963 4963 6226 938b ac8e acae 9c0b 93ca 9beb a40c ac2c ac6d 9beb 7ae7 6245 6a87 8b8b 9bec 7b29 5a05 4964 6227 93ae a451 8b8d 5a07 4184 49e6 5207 51e6 51a6 59c7 6a09 7a2a ab4f b370 820a 79c9 8a2a 81e9 7187 79e8 9b2d b3ae a34d a32c ab4c b36d ab4c ab2c b32d bb6e b34d ab4d ab4d b36d bbef d4b2 f5d7 fe99 fe78 e5b5 d512 dd12 ed73 ed73 e511 ed31 f572 f572 f551 f551 f551 f551 fd51 f531 f511 f511 f531 fd31 fd11 fd11 fd11 fd31 f510 f510 f511 fd31 f511 f511 fd11 fd11 f511 fd31 fd72 ed11 e4d0 e4f1 e4f1 f594 f5d4 c44e bc4f ee16 feda fe99 edd7 cc92 b3ae ab6e 92cb 8a6a a30d b38f b36f ab0d ab2d b3ae b410 edd7 fe58 cc71 c40f e512 f532 f511 f510 fd31 fd10 f4d0 f510 fd11 f510 f510 f510 f510 f510 f510 f510 fd10 f4ef f50f f510 f510 f510 f4f0 f510 f510 f50f f50f f50f f50f f50f f50f f50f fd30 f50f f50f f510 ecef e4ce dc8e dc6d d46d cc6c d46d dc8d dc6d d42c cbcc cb8b c36a bb29 bb29 bb29 c32a bb09 bae9 bae9 c30a 
b2a9 b289 aaa8 b2c9 b2c9 aaa9 aac8 aaa8 aaa8 aaa8 aaa8 b2a8 b2a8 b2a9 b2c9 b2e9 b309 b309 b349 b38a bbeb cc6d dcef e550 e571 ed91 f5b1 ed70 e52f e4ef e4ae e4ce eccf f4ef f4f0 f4cf f4cf f4cf f4cf f4cf f4cf f4cf f4cf f4cf f4cf f4d0 f4d0 f4f0 f4f0 f4f0 f4f0 ecd0 ecd0 f4f0 f4f0 f511 f511 f511 f511 ecf1 ecd0 ecd0 ecd0 c3ab 9267 8a67 8267 71e6 61a4 5985 59c6 59c6 51a6 4965 4144 3904 4124 51c6 5a07 59e7 59e7 5186 3904 4125 4987 51a7 4167 4125 4165 4165 4165 4165 4165 4165 4165 4165 4165 4165 4165 4165 4165 4165 4165 4165 4165 4165 4185 4165 4165 4185 4185 4185 49c6 49a6 4165 4144 4165 4185 49a6 4185 4165 4144 4144 4144 4145 4165 4165 4165 4165 4165 4165 4165 4165 4165 4165 4165 4164 4144 4984 4964 4143 5183 7287 9bcc b4ae ac6e 9beb 9baa a3ec a42c 9c0c a42d ac6d 9bec 72c7 5a05 6aa7 8bab 93cc 7ae9 51c5 4965 6228 832c 8b8d 7b2b 5a68 49e6 51e6 5a48 6a69 726a 7229 7a2a ab6f b370 8a0a 81a9 8a0a 8a0a 7167 7167 92cb ab6d a34d a30c a32b ab4c b34d b34d ab2c ab0c ab0d b32d b32d b38e bbcf bbef d513 fe79 fed9 f657 e573 dcf1 dd32 e552 ed31 ed52 f572 f552 f531 f531 fd52 f532 f531 f531 f531 f531 f531 f531 f511 fd31 f531 f531 fd31 fd31 fd31 fd31 f511 fd31 fd31 fd31 fd31 f511 ed11 f592 ed52 dcd0 e511 e512 dcf1 c470 dd74 ff1b feba e595 ccd2 b3cf ab6e ab6e 92ab 8249 9acc b36e b38f ab4e ab4d b38e b3ef ed96 fe58 d4b2 c42f dcb1 f532 fd32 f511 fd11 fd10 f4d0 f510 fd10 f510 f510 f511 f511 f510 f510 f510 fd10 fd0f fd10 f510 f4f0 f4f0 f510 fcf0 fcf0 f510 f50f f50f f50f fd0f fd0f fd2f fd30 f50f f50f ecef eccf e4ae dc8e dc6d d46d d48e d48e dc6e dc2d d3ec cbab c36a bb4a bb29 bb29 bb09 bb09 bb09 bae9 bae9 bae9 
b2a9 b289 b2a8 b2c9 b2c9 aac8 aaa8 aaa8 aaa8 aaa8 aaa8 b288 b2a9 b289 b2a9 b2e9 bae9 b2e8 b308 b349 bbaa cc4c d4ce dd0f e571 ed91 ed91 ed71 e530 e4ef e4ae e4af eccf f4ef f4f0 f4f0 f4cf f4cf f4cf f4cf f4cf f4d0 f4d0 f4d0 f4d0 f4d0 f4f0 f4d0 f4f0 f4f0 f4f0 f4f0 f4f0 f4f0 f4f0 f511 f511 f511 f4f1 ecf0 ecd0 ecd0 ecd0 dc6e cc2d d48f cc6f b3ee a3ac 9b8d 938d 7aeb 51e7 3924 30e3 30e3 3124 49c6 51e7 49c6 5207 51c6 4145 4145 4986 51a7 4166 4145 4165 4165 4165 4165 4165 4165 4165 4145 4165 4165 4165 4165 4165 4165 4165 4165 4165 4185 4185 4185 4185 4185 4185 4185 49a6 4985 4165 4144 4165 4165 4185 4185 4185 4185 4165 4165 4165 4165 4165 4165 4165 4165 4165 4165 4165 4165 4165 4165 4164 4965 4985 4143 4102 59c4 8308 a40c b46d ac2c a40b a3eb b46d b48d 93ca 93aa 9c2c ac6e 93ab 6a86 6246 8329 9bed 93ac 7ac9 59e7 4144 51a6 72ca 8b8d 7b2b 5206 49c5 6a89 8b4c 8b0c 7a6a 828b ab6f ab90 8a2b 7989 81ea 8a0b 7988 6947 824a a30d ab4d ab2d a30c ab0c b32d b34d b32d aaec aacc aaed b34d b36e b38e b38e c451 edb6 fe98 fe98 f5f6 e553 dd12 e532 e552 ed73 ed52 f552 f552 f551 fd52 fd52 fd31 fd31 f531 fd31 fd31 fd31 fd31 fd31 fd31 fd31 f510 f511 fd31 fd31 f531 f531 f531 f531 f552 e4d0 dcd0 fdf5 f5d4 ccb0 e532 d4f1 bbee dd54 fefa fefb edf7 cc92 b3cf a36e a34d 9aec 824a 8229 9acc b34e b36e b36e b34e b34e b3cf e555 fe38 e513 cc2f d470 f532 fd52 f511 f4f0 f4f0 f4f0 f510 f510 fd10 f510 f511 f511 f510 f510 f510 fd10 fd10 fd10 fd10 fcf0 fcf0 fcf0 fd10 fcf0 fd10 fcef fd0f fd0f fd0f fd0f fd30 fd30 f52f f50f ecef e4ce e4ae dcce dcae d48e d48e d46e d42d cbec cbab c36a bb2a bb09 bb09 bb09 bb09 bb09 bb09 bae9 bae9 bb09 
b2a9 b2a9 b2a8 b2a8 b2c9 aaa8 aaa8 aaa8 aaa8 b2a8 b2a8 b2a8 baa9 baa9 bac9 bac9 b2c8 b2c8 aae8 ab29 bb8a c40c cc8d d4ef dd30 e550 e570 ed71 ed50 e4ef e4ae e4cf eccf f4ef f4ef f4cf f4cf f4ef f4cf f4cf f4cf f4cf f4d0 f4d0 f4d0 f4d0 f4f0 f4f0 f4f0 f4f0 f4f0 f4f0 f4f0 f4f0 f4f0 ecd0 ecf0 ecd0 ecd0 ecd0 ecf0 f4f1 ecf1 ecf1 ed31 f5b3 ed73 dd32 d533 e5b5 d595 9c0f 5a08 3104 3945 4186 3944 3945 3924 3103 49c6 5207 4986 4145 4166 4966 4146 4125 4165 4165 4165 4165 4165 4165 4165 4165 4165 4165 4165 4165 4165 4165 4165 4165 4165 4185 4185 4185 4186 4186 4986 49a6 4165 4165 4185 4165 4145 3944 3944 4165 49a6 49a6 4185 4165 4165 4165 4165 4165 4165 4165 4165 4165 4165 4165 4165 4165 4144 4144 4964 3903 4102 6205 938b b46e ac2c 9baa 9bea ac4c ac4c 9bca 9389 9369 a42c bcf0 ac8e 7b09 5a05 7287 93ac 9bcd 938c 7aca 4965 38e3 5a07 7b2b 7b2b 6268 5a47 7aeb 9bce 9bae 932d 8acc a34f ab50 8a2b 7989 79a9 8a0b 81c9 7167 79c8 92cc b38e b38e ab2d a2eb aaec b32d b32d b30d aaec b2ec b34d b34d ab2c bbae c410 cc91 edd6 feb9 fe98 edd5 dd12 e512 ed73 f593 e532 ed52 f552 f551 f531 f531 fd31 f531 f531 fd31 fd31 fd31 fd31 fd31 fd10 fd31 fd11 fd10 f510 fd31 fd31 fd31 f531 f511 f551 ed31 e531 e572 edb3 e572 ccd0 c470 ccf2 fe99 ff1b ee18 d534 bc51 a38e a36e 9b0d 8209 7187 8229 ab4d b36e ab4e b36e ab2d ab2d b3cf e535 fe18 ed54 cc2f cc2e f532 fd73 f511 f4f0 f4f0 fcf0 fd10 f510 fd10 fd10 f511 f511 f510 fd10 fd10 fd10 fd10 fd10 fd10 fcf0 fcf0 fcf0 fcf0 fcf0 fd10 fcf0 fd0f fd0f fd0f f50f fd30 fd30 f50f ecef ecef e4ef e50f e50f e50f dccf cc8e cc4d cbec cbab c36b bb2a b2e9 b2c8 b2c8 bae9 bb09 bb0a bb0a bae9 bae9 bb0a 
b2a9 b2a9 aaa8 aaa8 aaa8 aaa8 aac8 aaa8 aaa8 aaa8 b2a8 b2a9 bac9 baa9 bac9 bac9 b2c8 b2c8 aac8 ab09 b369 bbeb cc4c d4ae d4ef dd0f e52f ed50 ed30 e4ef e4ae ecae eccf f4f0 f510 f4f0 f4ef f4cf f4cf f4cf f4f0 f4f0 f4ef f4ef f4f0 f4f0 f4ef f4f0 f4f0 f4f0 f4f0 f4f0 f511 f4f0 f4f0 ecd0 ecd0 ecd0 ecd0 ecd0 ecf0 f4f0 f511 f511 ed11 ed31 e552 e573 e594 dd94 bcf2 834c 49c6 3923 49a6 49e7 3964 3923 28c2 28a2 4165 51c7 4986 4145 4125 4125 4145 4145 4165 4165 4165 4165 4165 4165 4165 4165 4165 4165 4165 4165 4165 4165 4165 4165 4165 4185 4165 4185 4185 4185 4185 4185 4165 4165 4185 4185 4145 3924 3924 4165 4986 49a6 4185 4165 4165 4165 4145 4165 4165 4165 4165 4165 4165 4165 4165 4165 3924 4124 4965 38e2 3902 7287 a40c b48e a40c 9b8a 9bca a40b 9389 7aa6 7286 7ae7 938a b4af b4d0 93ab 6226 59e5 7ac9 938c 9bce 936d 6a69 5186 51e6 6268 6aa9 6a88 6aa9 834c 9bce 936d 8aec 930d ab90 ab70 8a2b 7989 79a9 8a0a 81ea 7188 7187 8a4a ab6e bbaf ab4d a2cb a2cb b32d b32d b30c aaec b32d bb4e ab0d a30c bbaf bc0f bc0f d513 fe37 fed9 fe78 e593 dd11 e552 ed73 ed52 ed52 f552 fd52 fd51 fd52 fd51 f531 fd31 fd31 fd31 fd30 fd10 fd10 fd31 fd31 fd31 fd31 fd31 fd11 f511 fd31 fd31 f531 f531 f572 f593 dd11 e532 ed93 c46f ccd1 feb9 fefb ee17 ccf3 c492 bc10 9b2d 9b0d 92ab 7187 6125 8209 ab4d b36e ab2d b34e ab2d ab2d b3af dd14 fdf7 ed75 cc50 cc0e f532 fd93 f4f1 f4f0 f4f0 fcf0 fd10 fd10 fd10 fd10 f510 f510 f510 fd10 fd10 fd10 fd10 fd10 fd10 fd10 fcf0 fcf0 fd10 fd10 fd0f fcef fcef fcef fcef f50f fd30 fd30 f50f ecef ecef ed10 ed30 e530 e510 d4ae cc6d c40c c3cc c38b c34a bb09 b2e9 b2c8 b2c8 b2e9 bae9 bb09 bb09 bb0a bae9 b2e9 
b2a9 b2a9 aaa8 aaa8 aaa8 b2c8 b2c8 b2c8 b2c8 b2a8 b2a8 b288 b2a9 baa9 baa9 baa8 bac8 bac8 b2e8 b309 b349 bbaa c40b cc6d d4ae dcef dd0f e510 e4ef e4cf e4ae e48e eccf f4f0 fd30 fd10 fcf0 f4af ec8e f4cf f4f0 f4f0 f4cf f4cf f4f0 f4f0 f4f0 f510 f510 f4f0 f4f0 fd11 fd11 f4f0 ecd0 ecd0 f4f0 f4f0 f4f0 ecd0 ecd0 f4f0 f511 fd11 f4d0 e46f ed11 fdb4 e532 a36c 61c6 4924 4144 4185 3964 3964 3964 3944 3944 3944 3964 4165 4164 4145 4145 4165 4145 4165 4165 4165 4165 4165 4165 4165 4165 4165 4165 4165 4165 4165 4165 4165 4165 4165 4165 4165 4165 4165 4165 4165 4165 4165 4165 4165 4165 4165 4165 4145 4165 4165 4165 4165 4165 4165 4165 4165 4165 4165 4165 4165 4165 4165 4165 4165 4165 4165 4145 4145 51a6 38e3 4103 830a ac2e ac0d a3cb abcb ac0c 9baa 7ac7 61e4 4962 4962 6226 8b6b ac6f ac4f 832b 61e5 59e5 82ea 9bce 938d 8b2c 72aa 6227 6227 6a47 6a68 72a8 8b4b 9bad 7aaa 7a49 a38f c453 b3b1 8a4c 79ca 81ea 81ea 79c9 7188 6967 79c8 9aac b36e ab0c 9aab ab2d b34e ab0c a2ab aaec bb4e b34d b30d ab2d b36d bbcf c430 cc91 dd74 fe78 fefa f657 d512 d4f1 e573 f594 ed53 f531 fd52 fd72 fd72 fd72 fd51 fd31 fd31 fd10 fd10 f4f0 fd10 fd51 fd51 fd71 fd71 fd51 f511 f511 fd51 fd72 fd72 f532 ed52 edb3 edd4 dd32 ccb0 ccf2 f658 ff5c f67a c493 abaf abaf ab6f 8a6b 79e9 79e9 79c9 7187 79a8 9acc b34e b34e ab0d b34d ab4d ab8e d4d3 fdf7 f575 cc50 cc2e f552 fd93 f4f0 fcf0 fd10 fcf0 fd10 fd11 fd10 fd10 fd10 f510 f510 fd10 fd10 fd10 fcef fd0f fd10 fd10 fd10 fd10 fcf0 fcf0 fcef f4ef f4ef f4ef f4ef f4ef f50f f530 ed0f ecef ecef ed10 ed30 e510 dccf d48e c44c c40c c3ab c34a bb2a bae9 b2e9 b2e9 bae9 bae9 b2e9 b2c8 b2c9 bae9 baea b2c9 
b2a9 b2a9 b2a8 aa88 aaa8 b2c8 b2c8 b2c8 b2a8 b2a8 b288 b288 b2a9 baa9 baa9 baa8 bac8 bac8 b2e8 b309 b349 bb8a bbeb c42c cc8d d4ce dcef dcef dccf dcae dc8e e48e ecae f4cf f4ef f4f0 f4f0 f4f0 f4f0 f4f0 f4f0 f4f0 f4d0 f4cf f4d0 f4f0 f510 fd10 f510 f4f0 f4f0 fd11 fd11 f4f0 f4f0 f4f0 f511 f511 f4f0 f4d0 ecd0 f4f0 f4f1 fd11 fd11 f4d0 f511 e4f1 b38c 69a4 38a1 38e2 51a5 49c5 3944 3123 3964 3984 3984 4184 4184 3964 4164 4165 4165 4165 4165 4165 4165 4165 4165 4165 4165 4165 4165 4165 4165 4165 4165 4165 4165 4165 4165 4165 4165 4165 4165 4165 4165 4165 4165 4165 4165 4165 4145 4165 4165 4165 4165 4165 4165 4145 4165 4165 4165 4165 4165 4165 4165 4165 4165 4165 4165 4165 4165 4165 4145 4946 51a7 38c3 4124 8b2b b42e abec a3cb ac0c b42c 9349 7245 5183 4921 4101 4983 6247 93ad b490 a40e 6a47 4943 7247 9bad a410 9bef 830b 6a48 72ca 832b 6a68 51a5 59a5 7248 8b0b a38e b411 cc94 bc12 926c 81ea 81ea 81ca 79a9 7188 6947 6967 8a2a ab2e ab0c 9a8b ab2d b34d aaec aaab aaec bb4e b32d b32d b34d ab4d b38e bc10 c450 d4f2 edf6 feda fe98 e594 d4f2 e533 f594 f573 f532 fd52 fd72 fd72 fd72 fd52 fd51 fd31 fd10 fd10 f4f0 fd30 fd71 fd71 fd51 f510 f4f0 f511 fd51 fd52 f552 f531 ed11 ed72 edb3 dd52 ccb0 d512 f678 fefb f639 dd55 bc52 a36e 9b2e 92cd 822a 71a8 71a8 820a 79a8 79a8 9aab b34e b36e ab0d b32d b36e ab6e ccb2 fdf7 f595 d470 cc2e f552 fd73 f4f0 fcf0 fd10 fcf0 fd10 fd11 fd10 fd10 fd10 f510 fd10 fd10 fd10 fd10 fcef fcef fd10 fd10 fd10 fd10 fcf0 fcf0 fcef fcef f4ef f4ef f4ef f4ef f52f f530 ed0f ecef ecef e50f e510 e4ef d4ae cc6d c44d bc0c bb8b bb2a bb09 b2e9 b2c8 b2e9 bae9 bae9 b2c9 b2c9 b2c9 bae9 bb0a b2ea 
b2a9 b2a9 b2a9 aa88 aa88 aaa8 aaa7 aaa7 b2a8 b2a8 b2a8 b2a8 b2a9 baa9 baa8 baa8 bac8 bac8 b2e8 b308 b329 b36a bbcb c40c cc6d cc8d d4ae dccf dcae d46d d44d e46e eccf f4cf f4cf f4af f4cf fd30 fd51 fd10 f4ef f4ef f4f0 f4d0 f4f0 f4f0 f4f0 f4f0 f510 f4f0 f4f0 f4f0 f4f0 f4f0 f4f0 f4f0 fd31 f511 f4f0 ecf0 ecd0 ecd0 f4f0 f511 fd31 fd52 f552 dc90 ab4b 8247 6a07 61e6 51a5 4144 4185 41a5 3964 4164 3964 4164 4185 4165 4165 4165 4185 4185 4185 4165 4165 4165 4165 4165 4165 4165 4165 4165 4165 4165 4165 4165 4165 4165 4165 4165 4165 4165 4165 4165 4165 4165 4165 4165 4165 4165 4165 4165 4165 4165 4165 4165 4165 4165 4165 4165 4165 4165 4165 4165 4165 4145 4145 4145 4165 4165 4165 4165 4145 4165 4985 38e3 4944 8b4b b42e abec a3cc abec b40c 9349 6a45 5162 4942 4983 51c4 51c5 72c9 a44f b4b1 832a 5163 59a5 8b2b a410 a410 830c 6a48 834b 9bed 7aea 6206 59a5 6a27 b430 d534 c472 c493 c432 92ad 79ca 81ca 81ca 81ca 7188 6947 6106 81e9 ab0d b34d a2ab a2cc ab0c b30c b2ed b30d b30d b30d b32d b34d b36d ab6d abae bc0f ccd1 e595 f637 fe98 fe57 e574 dd12 ed53 f573 f552 f531 f531 f531 fd51 fd72 fd72 fd31 fd10 fd10 fd31 fd51 fd71 fd72 fd31 eccf ecaf f531 fd92 fd72 ecf1 e4d0 f552 f5b4 e573 bc6f ccb1 fe78 ff3b f678 d4f3 cc92 c452 a36e 8a8b 822a 7a2a 79e9 71c8 79e9 71a8 79c8 a2cc b36e b34e ab0d b32d b34e ab6e d4b2 fdf7 f595 d470 cc2e f552 fd72 f4f0 fcf0 fd10 fcef fd10 fd10 fd10 fd10 fd10 f510 fd10 fd10 fd10 fcf0 fd0f fd0f fd10 fd10 fd10 fd10 fcf0 fcf0 fcef fcf0 fcef fd0f fd0f fd0f fd30 fd30 f530 ed0f ed0f ed10 ed10 e4ef d4ae cc4d c40c bbcc bb6b bb0a b2e9 b2c9 b2c8 b2c9 b2e9 b2e9 b2e9 b2c9 b2e9 b2e9 bb0a bb0a 
aaa8 aaa8 aac8 aac8 aaa7 aac8 aac8 aac8 aaa8 b2a8 b2c9 b2c9 baca baaa baa9 bac9 b2a7 b2c7 aae7 ab08 ab08 b329 bb8a bbcb c3cb cc0c d42d dc4e d42d cbcc d3ed e46e f4ef fd30 fd30 f4ef ecae f4ef fd30 fd10 f4ef f4ef f4ef f4ef f4f0 fcf0 fcf0 fd10 f4f0 f50f f510 f510 f4f0 f4f0 f510 fd31 f511 f4f0 f4f1 f4f0 ecd0 f4f0 f4f1 f4f0 ecae eccf f531 f552 e511 cc90 a3ad 6a28 30a1 2861 51a6 5a07 3965 3944 4165 4164 4164 3963 3964 4184 4164 4164 4185 4165 4165 4165 4165 4165 4165 4165 4165 4165 4165 4164 4165 4165 4165 4165 4165 4165 4165 4165 4165 4165 4165 4165 4166 4166 4145 4165 4165 4165 4165 4165 4165 4165 4165 4165 4165 4165 4165 4165 4165 4165 4164 4165 4165 4165 4165 4165 4165 4165 3945 4145 4166 38e4 5165 934c b44f ac0d a3ab abec ac2c 8b29 6225 4963 4122 4964 4985 3923 59e6 93ce c533 a42f 6a26 59a4 6a47 830b 9c0f 93cd 72c9 7ac9 8b6b a3ed b46f b48f b46f ccf2 d534 c492 d4d4 cc93 92cd 79c9 79c9 79ea 820b 79a9 6927 60c5 7147 9aac b34e a2ec a2ab aaac b30d bb2e b30c aacb ab0c b32d b34e b36e ab4d ab4d ab8e bc30 d4f3 e595 fe79 feda edd6 d513 dd12 ed73 f593 ed31 ed11 ed11 fd52 fd72 fd52 fd31 fd10 fd31 fd51 fd31 fd51 fd72 fd51 ed10 ed10 f551 f572 f552 e511 ed31 f593 ed73 d4d1 c4b1 e5d6 ff1b fe99 dd55 c472 b3d0 ab8f 9aed 79ea 7189 820b 79ca 7188 79a9 7988 81e9 a2ed b36f b36e ab2d ab0c ab2c a36d ccb2 f5d6 fdd5 dcb1 d44f f531 fd52 f4f0 fcf0 fd10 fd10 fd10 fd11 f510 fd10 fd10 fd10 fd10 fd10 fd10 fd10 fcef fcef fd0f fd10 fd10 fd10 fd10 fd10 fd0f fd0f fd0f fd2f fd0f fd0f fd30 fd30 f4ef ecef ecef ecf0 ecf0 e4cf d46e cc0d b3cb b38a b329 b2e9 b2c9 b2c8 b2c8 b2c8 b2c8 b2e9 b2e9 b2e9 b2e9 b2ea bb0a c32b 
aa88 aa88 aaa8 aac8 aac8 aac8 aac7 aac8 aac8 b2c9 b2e9 bac9 baca baaa baa9 baa8 baa7 b2a7 b2c7 aac8 aae8 ab09 b349 b36a bbab bbab c3cc cc0d c3cc c36b cbab dc2d f4f0 fd51 fd51 f510 eccf ecae ecaf f4ef f4f0 f4f0 f4f0 f4f0 f4f0 fcf0 fcf0 fcf0 f510 f4f0 f510 f4f0 f4f0 f4f0 f510 fd31 fd31 fd11 f4f0 f4f0 ecf0 f4f0 f510 f4f0 f4ef f4ef f531 f572 dcd0 b3cd 8ac9 59a5 38c2 30e2 51c6 51e6 3944 3944 3964 3964 3963 3963 3963 3963 3964 3964 3964 4164 4165 4165 4165 4165 4165 4165 4165 4165 4165 4165 4165 4165 4165 4165 4165 4165 4165 4165 4165 4165 4165 4165 4165 4165 4165 4165 4165 4165 4165 4165 4165 4165 4165 4165 4165 4165 4165 4165 4165 4165 4165 4165 4165 4165 4165 4165 4165 4165 4166 4146 3945 38e3 5185 936c b42e abed a3ac abed b40d 8ae9 6a06 5184 38c1 4143 51c6 4144 4984 7b0a bd13 c533 8b4b 61e5 59a4 6a68 93ad a42f 8b8c 72c8 8b6b cd32 f677 f697 ee36 dd54 c4b2 c492 d514 cc93 9b0e 79ea 79c9 81ea 822b 79ca 6947 58a5 6106 8a4a ab4d ab2d a2cc a2ab ab0d bb4e b30d aacc aaec b32d b34d b34d ab2d a32d ab8e b3ef c471 d513 f658 fefb f637 dd33 dcf2 ed53 f574 f532 ed11 f531 f552 fd72 fd72 fd51 fd30 fd30 fd31 fd10 f4f0 fd31 fd71 fd92 fd72 f552 f552 f552 f573 f573 f593 dcf1 ccb1 edf6 feda f658 dd54 c471 b410 abb0 9b0d 820a 6968 7189 79ea 79ca 7189 79a9 7188 81e9 a2ed b36f b36e ab2d ab2d ab2d a34d cc71 f5d6 fdd6 dcd1 d44f f531 fd52 f4f0 fcf0 fd30 fd10 fd10 fd10 fd10 fd10 fd10 fd10 fd10 fd10 fd10 fd10 fd0f fcef fd0f fd0f fd10 fd10 fd10 fd10 fd2f fd2f fd2f fd2f fd10 fd10 fd30 fd30 f50f ecef ecef ecf0 e4cf dcaf cc4d c3ec b38a b34a b309 b2c8 b2a8 b2a8 aaa8 b2c8 b2e9 b2e9 b309 bb09 b30a b30a bb2a bb4a 
aa68 aa88 aaa8 b2c8 aac8 aac8 aac7 aac8 b2e8 b2c9 b2e9 bac9 baca baaa b2a9 b2a8 b2a8 b2a7 aac7 aac7 aac8 aae8 ab09 ab29 b36a b36a bb8b c3ab bb8b b329 bb29 cbab e44d f4f0 fd31 fd31 f50f ecce ecae f4cf fd10 fcf0 f4f0 f4f0 fcf0 fd10 fd10 fd10 fd10 fd10 f510 f4f0 f4f0 f510 fd10 fd11 fd11 f511 f4f0 f4f0 f4f0 f4f0 f510 fd31 fd30 fd10 f531 e4d0 ab4a 69a4 48e2 4924 5185 4985 4165 3944 3944 3964 3964 3964 3944 4164 4164 4164 4164 4164 3964 4165 4165 4165 4165 4165 4165 4165 4165 4165 4165 4165 4165 4165 4165 4165 4165 4165 4165 4165 4165 4165 4165 4165 4165 4165 4165 4165 4165 4165 4165 4165 4165 4165 4165 4165 4165 4165 4165 4165 4165 4165 4165 4165 4165 4165 4165 4165 4165 4165 4186 4165 3925 38e3 51a5 934b ac2e abed a3ab b40d b40d 8b09 6a26 5184 30c1 4123 51e6 49a6 4964 6248 ac70 d594 bc90 7a88 59a5 6a68 8b4b a40e ac4f 8b4b 9bcc e615 feb8 fe77 fe98 e595 c4b2 bc71 d4f4 d4d4 a32e 79ea 71a9 79ea 8a2b 81ca 7168 60c5 60e5 79c8 9acc ab4d a2ec a2cb ab0c bb4e b30d aacc b30c b32d b32d ab2c ab2d ab6d ab8d abae bc0f ccd2 edd6 fe99 fe59 ed75 dcf2 e513 f573 f553 f552 f552 f552 fd52 fd51 fd51 fd51 fd31 fd30 fd10 fd10 fd30 fd71 fd92 fdb2 f572 ed51 f573 fdd4 f593 e4f1 d4b0 dd73 feda fe99 ccf3 bc51 b410 ab8f 9b0e 824b 6968 6988 79ca 81ca 79a9 7189 7188 7168 820a a30d b36e b34e ab2d b34d ab4d a32d c451 f5b5 fdf6 e4f2 d46f f531 fd52 f4f0 fd10 fd30 fd30 fd30 fd10 fd30 fd10 fd10 fd10 fd10 fd10 fd10 fd10 fd0f fd0f fd0f fd0f fd0f fd10 fd10 fd10 fd30 fd30 fd10 fd10 fd30 fd0f fd30 fd30 f4ef eccf eccf e4cf e4ae d46e cc2c bbab ab6a ab29 aae8 b2c8 b2a8 b2a8 b2a8 b2c9 b2e9 bb09 bb2a bb2a bb2a bb2a bb2a bb4a 
a268 aa88 aaa8 aac8 aac8 a2a7 a2c7 aac7 aac8 b2c8 b2e9 b2c9 b2ca baaa b2c9 b2a8 b2a8 b2a8 aaa8 aaa8 aaa8 aac8 aac8 aae9 ab09 b30a b32a bb2a bb2a b309 b2e9 bb2a cb8b dc0d ecaf f510 f530 f530 f510 f510 fd10 fcf0 fcf0 fcf0 fd10 fd10 fd10 fd10 fd10 fd10 fd10 f510 f510 fd10 fd11 fd10 fd11 f4f0 f4f0 f4d0 f4f0 f510 f511 fd51 f551 e4ef dccf c44e 92e9 6184 4102 4124 4986 4166 30e4 30e4 4145 4165 4145 4145 4165 4165 4165 4165 4165 4165 4165 4185 4165 4165 4165 4165 4165 4165 4165 4165 4165 4165 4165 4165 4165 4165 4165 4165 4165 4165 4165 4165 4165 4165 4165 4165 4165 4165 4165 4165 4165 4165 4165 4165 4165 4165 4165 4165 4165 4165 4165 4165 4165 4165 4165 4165 4165 4165 4165 4165 4185 4165 3924 3923 51c5 8b2a abed ac0d a3cb ac0c ac0d 8b29 6a26 4984 3902 4144 49a6 49c6 4984 59e6 93ac cd73 d572 9bab 6a46 7267 72a8 938c ac6f 9bcc ac2d ddd4 e5f4 e5d4 f656 f616 d533 c471 ccd3 d4f4 ab8f 7a0a 71a8 79ea 822b 79c9 7168 6906 58c5 6926 8a6a ab4e ab2d aaec ab0d b32d b30c aacc b32d b32d ab0c aaec ab2d b38e ab8e ab6d b3ae cc71 e554 f5f7 fe79 f5f8 e554 e4f2 ed33 f573 fd93 fd93 f552 f532 fd31 fd72 fd72 fd51 f510 fd51 fd72 fd31 f530 f531 f551 f572 f593 f5b4 f5b3 e552 cc8f dd33 fe98 f638 d514 bc31 ab6e ab8f a34f 79c9 6927 79ca 79ca 79aa 81cb 79aa 7169 7168 7168 820a ab0d b36e ab4d b34d b34d ab4d a34d c430 ed75 fdf6 ed33 d46f f511 fd51 fcf0 fd10 fd30 fd30 fd30 fd10 fd30 fd10 fd10 fd10 fd10 fd10 fd10 fd10 fd0f fd0f fd0f fd0f fd0f fd10 fd10 fd10 fd30 fd30 fd10 fd10 fd0f fd0f f50f f4ef f4cf ecae e4ae e48e dc6e d42d cbcc bb6a ab29 aae9 aac8 b2c8 b2c8 b2a8 b2c8 b2e9 bb09 bb2a c34a c34a bb4a bb4a bb2a bb2a 
aa88 aaa8 aac8 aaa8 a2a7 a2a7 a2a7 a2a7 aac8 aac8 b2c8 b2c9 b2a9 b2a9 b2a9 b2a8 b2a8 b2a8 aaa8 aaa8 aaa8 aaa8 a2c8 aac9 aae9 aae9 b2e9 b2e9 b2ea bb0a bb0a bb0a bb2a cb8b d40c e4af ed10 f551 f530 f510 fd10 fd10 fd10 fd10 fcf0 fcf0 fcf0 fcf0 fd10 fd10 fd10 fd10 fd10 fd11 fd11 fd10 f510 f4f0 f4f0 f510 f510 f510 f531 ed10 ed30 e50f d4cf b3ec 7a26 5102 40e2 5185 51c7 4986 4145 4125 4146 4166 4145 4145 4165 4165 4165 4165 4185 4185 4185 4185 4165 4165 4165 4165 4165 4165 4165 4165 4165 4165 4165 4165 4165 4165 4165 4165 4165 4165 4165 4165 4165 4165 4165 4165 4165 4165 4165 4165 4165 4165 4165 4165 4165 4165 4165 4165 4165 4165 4165 4165 4165 4165 4165 4165 4165 4165 4165 4165 4186 4185 3924 3923 51c5 7ac8 9bac ac0d abcc abec ac0d 934b 6a27 4944 4164 4985 4185 49a6 41a4 51e5 7b2a bcf0 d592 bc8e 8309 6a67 6246 7b09 9bec a3ed ac2d cd10 ddb3 ee35 fe97 fe77 dd74 bc70 ccd3 dd14 b3d0 822a 7188 79e9 820a 79a9 7168 6927 58e5 58c4 79e8 a32d ab2d ab0d ab0c b30d aaed b2ed b32d b30d aaec a2cb ab2d b38e ab8d a34d ab8e c430 d4d3 e534 fe38 fe79 ed96 e4f3 e512 f573 fdb4 fd94 f552 f511 f552 fd72 fd92 fd71 f510 f531 fd92 fd72 f531 ecf0 ed11 fd93 fdf4 ed93 dcf1 d4b0 d4f1 f616 fe99 dd54 bc30 b3cf ab8e 9aed 822a 6948 6948 81eb 81eb 81cb 81cb 79aa 7169 7148 7148 8a0a ab0d b34e ab2d b36e b36d ab4d a34d c430 ed54 fdf6 ed53 dc70 f511 fd52 fd11 fd10 fd30 fd30 fd10 fd10 fd30 fd30 fd10 fd10 fd10 fd10 fd0f fcef fd10 fd0f fd0f fd0f fd10 fd30 fd30 fd30 fd30 fd10 fd0f fcef fcef fcef f4cf f4ce ecae e46e e46d dc4d d42d cbec c38b b34a ab09 aae8 b2c8 b2c8 b2c8 bac8 b2c8 bae9 bb09 bb4a c36b c36b bb6a bb4a bb2a b309 
aae9 b309 aae9 aac8 a2c8 a2c8 a2c7 aac7 aac8 aac8 aac8 b2c9 b2a9 b2a9 b2a9 b2a8 b2a8 b2a7 aaa7 aaa7 aaa8 a2a8 a2c8 a2c8 a2c8 aac9 aac9 a288 aaa8 bb2a cb8b cb8b c36a c36a cbcb dc4d e4ae ecef ecef f510 fd10 fd10 fd10 fd10 fd10 fd10 fcf0 fcf0 fd10 fd10 fd10 fd31 fd11 fd11 fd11 fd10 f4f0 f4f0 f4f0 f510 fd11 fd31 f530 ed10 e50f dcce bc0d 8aa8 5922 3880 40e2 4985 4986 4166 49a7 49a7 4145 4145 4145 4145 4145 4145 4165 4165 4165 4165 4165 4165 4165 4165 4165 4165 4165 4165 4165 4165 4165 4165 4165 4165 4165 4165 4165 4165 4165 4165 4165 4165 4165 4165 4165 4165 4165 4165 4165 4165 4165 4165 4165 4165 4165 4165 4165 4165 4165 4165 4165 4165 4165 4165 4165 4165 4165 4165 4165 4165 4185 3985 3944 3943 51a4 6a67 936a ac0d abcc abcc ac0d 9bac 6a47 4123 51a5 51c6 3944 3964 4184 51e5 72e9 a44e cd31 c4f0 9bab 6a67 6226 7288 8b4a a40d ac4e b48f e5d4 fed8 feb8 fe57 dd94 c491 d4f3 dd35 b3f1 824b 6988 79c9 79c9 7188 7168 6927 58c5 50a4 6966 928b ab0d ab0d aaec aaec aaec b30d b32d b30d a2cc a2cb ab0c ab6d ab4d a34d ab8e bc10 cc71 d4b2 f5f8 fe9a fdf7 e513 e4d1 f553 fdb4 fd93 f552 f532 f552 fd72 fd92 fd92 fd51 fd30 fd30 fd72 fd51 ed11 f551 fdb3 fdd4 e511 cc6e d4b0 fdf6 fe58 e595 cc92 b40f abae a32d 7a09 5906 71a9 822b 79ca 79ca 81eb 81cb 79aa 7169 6927 7148 8a2a ab2e b34e ab2d b36e b36d ab4d a34d bc10 e554 fdf6 ed53 dc70 f511 fd52 fd31 fd11 fd30 fd30 fd30 fd10 fd30 fd30 fd31 fd31 fd10 fd10 fd10 fd0f fd10 fd0f fd0f fd0f fd0f fd30 fd30 fd30 fd30 fd10 fcef fcef f4ce f4ae f4ae ec8e e46d dc2d dc2c d40c cbec c3ab bb6a b329 ab09 aae8 b2c8 bae8 bae8 bac8 bae8 bae9 bb09 c34a c36a c36a c36a bb4a b309 b2e9 
b32a bb4a b34a b329 b329 b329 b328 b329 ab09 aae9 aae8 aac9 b2a9 b2a9 b2a9 b2c8 b2c8 b2a8 aaa8 aaa8 aaa8 aaa8 aaa8 aaa9 aaa9 b2c9 aaa9 a248 aa88 c30a d3ac d3cd d3cc d3cc d3ec d42d d46d dc8d e4ae ecef fd10 fd10 fd10 fd10 fd10 fd10 fd10 fd10 fd10 fd10 fd30 fd30 fd31 fd31 fd31 fd10 f4f0 f4f0 fd11 fd31 fd31 f511 ecf0 ed31 dd10 a38a 6a04 4901 38a0 40e2 4144 3924 2883 2883 4187 49a8 3926 3926 4126 4126 4145 4145 4145 4145 4145 4145 4165 4165 4165 4165 4165 4165 4165 4165 4165 4165 4165 4165 4165 4165 4165 4165 4165 4165 4165 4165 4165 4165 4165 4165 4165 4165 4165 4165 4165 4165 4165 4165 4165 4165 4165 4165 4165 4165 4165 4165 4165 4165 4165 4145 4165 4165 4165 4165 4165 4165 4185 4185 3964 3963 4983 6204 8b29 ac0c abec abec ac0d a40d 7aa8 4984 51c5 49c6 3964 3944 4183 5a05 72e8 9c2c c50f c50f a42c 8309 6a67 6a67 8329 ac4e bccf b46e dd92 f676 f635 f656 edd5 c4b1 d513 dd55 bc11 824b 6987 79c9 71c9 6948 6947 6927 60e5 50a4 5925 79e8 9acb ab0d ab0c aacc aaec b30d b32d ab0c aaec ab0c ab0c a32c a32d ab4d ab8e b3ae bbf0 cc72 ed96 fe39 fe18 ed54 e4f2 ed33 f573 f573 f553 f553 fd72 fd92 fd72 fd72 fd72 f510 f4f0 fd51 fd72 fd93 fd93 fd93 ed72 dcf0 cc8f dd32 fe77 f616 c450 b3cf bbf0 ab6e 7a09 6106 6947 81eb 8a2c 81cb 79cb 81cb 798a 798a 7149 6907 7148 8a2b ab4e b34e ab2d b36e b36d ab4c a34d bc10 dd34 fe17 ed74 dc90 f511 fd52 fd31 fd31 fd30 fd30 fd31 fd10 fd10 fd10 fd11 fd11 fd10 fd10 fd10 fd10 fd0f fd0f fd0f fd0f fd10 fd30 fd30 fd30 fd10 fd0f fcef f4ce f4ae f48e ec6d e44d dc2c dbec d3cb cbab cbab c36a bb2a b309 aae9 b2e9 b2e9 bae8 bae8 bae8 bae8 bae8 bb09 c34a c36a c38b bb6a bb29 b309 aae8 
c38c c38c c38c c3ac c3ab c3ab c38a bb6a bb4a b309 b2e9 aaa9 b289 b289 b2a9 b2c9 b2c9 b2c8 b2a8 aaa8 aaa8 aac9 aaa9 aaa9 aaa9 aaa9 aaa9 aa89 b2a9 bac9 c32a cb8b dbcd dc0d dc0d dc2d d46d d48d dc8e ecef fd30 fd10 fd10 fd10 fd10 fd10 fd10 fd10 fd10 fd11 fd11 fd11 fd11 fd31 fd31 fd10 f510 f510 fd31 fd51 fd51 fd51 f530 dcef abcb 6a04 4921 4963 51a4 4985 3923 30c4 28c4 30e5 3947 4167 3926 3926 4126 4126 4126 4126 4146 4146 4145 4145 3945 4165 4165 4165 4165 4165 4165 4165 4165 4165 4165 4165 4165 4165 4165 4165 4165 4165 4165 4165 4165 4165 4165 4165 4164 4164 4165 4165 4165 4165 4165 4165 4165 4165 4165 4165 4165 4165 4165 4165 4165 4165 4165 4145 4165 4165 4165 4165 4165 4165 41a5 39a4 3983 3962 4162 59c3 8b28 b42c ac0b abcb b40d ac2e 8b4b 5a06 4185 4185 41c6 41c5 3983 49e4 7308 a44c bcee bccd a42c 8b4a 6246 6205 7aa8 9bcb ac2d bc6e dd92 f635 edf4 fe56 f616 ccd1 d513 e555 bc31 824a 6967 79c9 79a9 6927 7147 6927 6106 58e5 50e4 6145 8a6a ab0d a30d aaec b2ed b30d aaec aacc ab0d b36e ab2d 9acb a32c ab6e b38e ab4d b3ae cc72 e514 f5b7 fe18 fdb6 e513 e4f2 e512 f533 fd73 fd93 fd93 fd72 fd51 fd31 fd72 fdb2 fd71 ecf0 ed31 fdd4 fdf4 ed52 d48f dcf1 edd4 fe36 edf5 ccd1 b3ce ab6d a32d 8a6a 6966 6967 81ea 820b 81eb 81cb 81cb 81ab 798a 798a 7149 6907 7148 924b b34f b36e ab2d b36e b36d ab2c ab4d bbef dd13 fe17 f574 dc90 f4f1 fd72 fd51 fd31 fd30 fd30 fd30 fd30 fd30 fd30 fd31 fd11 fd10 fd10 fd10 fd30 fd0f fd0f fd0f fd0f fd10 fd30 fd10 fd30 fd30 fcef fccf f4ae f48e ec6d ec4d e42c dc0b d3cb cbab c36a c36a bb2a b309 b2e9 b309 b309 bae9 bac8 bac8 bac8 b2c8 b2e8 bb09 bb4a c36a c38a bb6a b329 aae8 aae8 
c3cc c3ab c3ec d42d d42d cc2d cc0c cbec bb8b bb4a b30a b2ea b2ca b2a9 b2a9 b2c9 aaa7 aac8 aac8 aac8 aac8 aaa8 aac9 aac9 aa89 aa89 aaa9 b2ca bac9 b2a9 b2c9 c32a cbab d42c dc6e dc6e dc8e e4ae e4cf f4ef fcf0 fcf0 fd10 fd10 fd10 fd10 fd10 fcf0 fd10 fd30 fd30 fd30 fd30 fd10 fd11 fd10 f4f0 f510 fd31 fd51 fd31 fd11 f510 c42c 8ac6 7264 7ac7 8b29 72a8 4984 30c2 3904 49a7 49c8 3946 3905 4146 4146 4146 4146 4145 4165 4165 4165 4166 4166 4166 4165 3945 4165 4165 4165 4165 4145 4165 4165 4164 4164 4165 4165 4165 4165 4165 4165 4165 4165 4165 4165 4165 4165 4165 4165 4164 3964 4165 4165 4165 4165 4165 4165 3944 4145 4145 4145 4165 4145 4165 4165 3964 3964 4164 4165 4165 4165 4165 4165 3985 3984 4184 4184 4142 5162 82c8 b42c ac0b a3ca ac0c ac4d 9bcc 6a88 4164 4164 49c6 49e5 4184 49a3 7b29 ac8e c50f b4ad 9beb 8b6a 6a66 59e4 6a46 7aa7 8b29 ac2d d571 f635 fe76 fe98 edf6 ccd2 dd13 e575 b410 7a4a 6187 71c9 71a9 6947 7168 6947 6106 5905 50c4 58e4 8229 a2ec ab0d aaec a2cc b30c ab0c aaec ab2d bb8e ab2d 9aab 9aec ab6d b38e a32d ab6e cc72 dcd4 ed55 fdf7 fdf6 ed94 e532 e512 e512 f593 fdb4 fd93 f531 f531 fd51 fd72 fdd3 fdd3 e4f0 e4ef fdb2 fdd3 dcf0 c44e e532 feb8 fe98 c490 ab8d b3ce a32c 79e8 6125 71a8 8a4b 822b 79ca 7189 81cb 820c 81cb 798a 798a 7149 60e7 7148 926c b36f b36e ab2d b38e ab4c a32b a36d b40f dd13 fe16 f574 dc90 ecf0 fd51 fd51 fd31 fd30 fd30 fd30 fd30 fd30 fd30 fd30 fd30 fd30 fd30 fd10 fd10 fd0f fd0f fd0f fd10 fd10 fd30 fd30 fd10 fcef f4ee f4ce ecad ec6d ec6d e44d e40c d3cb cb8a cb8a c36a bb4a bb29 b309 b309 ab08 b329 b308 b2e8 b2e8 bae8 bae8 bae8 b2e8 bb29 c36a c36a bb4a b2e9 aac8 aac8 
bc0d bc0d bc2d c44e cc6e cc6f d46e cc2e cc0d c3cc c3ac bb8b ab4a a329 a2e8 a2c8 a2a7 aac8 aac8 aac8 aaa8 aa88 aa68 aa68 b2a8 b2a8 b2c9 b2e9 b2e9 aac8 aae8 b34a c3cb cc2d d46d d48e d4ce dcef e4ef e4cf e4cf eccf f510 f530 fd30 fd51 fd50 fd30 fd10 fd30 fd50 fd50 fd30 fd30 fd10 fcf0 fd10 fd31 fd71 fd71 fd10 e46e cbec c3ab c42c d4ef d531 abec 61a4 38a0 4122 4985 51e6 51c6 3924 3903 4165 4165 4144 4144 4144 4144 4164 4165 4165 4165 4166 4165 3945 4185 4185 3944 3944 4165 4185 4165 4165 4185 4165 4144 4165 4165 4165 4165 4164 4164 4164 4165 4164 4164 4965 4165 3943 3964 41a5 41a5 4185 3965 4165 4165 4165 4185 3944 30e3 3923 4164 4984 49a5 49a5 4184 3944 3943 3924 3944 3964 3965 3965 4165 4185 49a5 4163 38e1 6226 9bcc a40d a3cb a3cc ac0d a3ec 82c8 61c4 4942 4942 51a3 5183 59c4 93cc c531 bcf0 ac6e 9bcc 93ab 8b4a 7ac8 6a86 6a66 8308 a42c bcef de14 ff59 f6d8 d593 c4f1 d554 dd95 bc72 8acc 69a8 6987 69a8 6988 69a8 6147 5905 58e5 58c4 60e4 7987 a2ab bb6e a2ab a28a bb4d bb4c aaeb aaeb b32d ab2d a2ec a30c ab4d ab4d a32d ab4d bbcf cc51 e4f3 fdb6 fe37 fe37 f5d5 e532 dd12 ed53 f593 ed32 e4d0 ed52 fdd3 fdb3 f552 ed11 f553 fd94 f574 e4f2 d470 dcd2 f596 fdf8 e555 bbf0 a32d 9acc 8a2a 7187 6927 79a9 8a4b 8a2b 79ca 7189 71a9 820b 79eb 6948 7189 6948 58c5 7168 9aac b34d ab2d ab0c b36d b34d ab2c ab6d c410 e533 fdf6 ed53 dc90 f531 fd71 fd51 fd30 fd30 fd30 fd30 fd30 fd30 fd30 fd30 fd30 fd30 fd10 fd10 fd0f fd0f fd0f fd10 fd30 fd10 fd30 fd30 fd10 f4cf ec8e ec6e e42d dc2d dc2d dc0c d3cc cbab c36a c34a bb49 bb29 b309 b2e8 aae8 b308 b329 b308 b2c8 bae8 c329 c349 c34a c349 bb49 bb29 b309 b2e8 aac8 aaa8 aa87 
b42d bc2d b44d bc4e c46e cc8f d48f d48f d46e cc4e cc2d c3ec abcb a389 9b08 92a7 9a87 a2a8 aac8 aaa8 aaa8 aa88 aa67 aa67 b288 b2a8 b2c8 b2e8 b2e8 aac8 ab08 ab6a bbcb c42c cc6d d4ae d4ce dcef dcef dcaf dcae e4ae eccf f510 fd50 fd71 fd50 fd30 fd10 fd10 fd30 fd30 fd30 fd10 fd30 fd10 fd30 fd31 fd51 fd51 f4f0 e46e cbec cc0c e530 fe55 f614 b40d 7225 5963 59c4 5a06 51a4 3902 3943 4164 4164 4964 4964 4964 4964 4964 4164 4165 4165 4165 4166 4165 3965 41a6 4185 3944 3944 4185 4185 4144 4164 4985 4165 4144 4164 4164 4164 4164 4164 4164 4944 4964 4964 4964 4964 4164 3142 3983 41c4 41a5 3984 3965 3965 4165 4185 49a6 4185 3944 3943 4164 4184 4984 4184 4164 4163 4164 4164 4164 3944 3924 3944 4185 41a6 49a6 4144 38e2 51c5 832a a40e a3ed 9bab abec a3cb 9328 7a85 6182 4900 5121 4921 61c4 b46e ddf5 c553 ac4f 938c 936b 9bac a40d a40c 7b08 72c6 8bca a48d cdd2 ff58 f6f8 d593 c4f1 d574 e5b6 c492 930d 71e8 6166 6187 69c8 61c7 5946 5105 5905 6105 60c4 68e5 9229 b32d aacb aacb c34d bb2c b2eb aaeb aaeb a2cb a2cb a2ec a30c a32c ab4d ab4d b36d c40f dcd2 ed74 fe17 fe57 e594 d4d1 d4b0 e553 e552 dcf1 e511 f593 fdd4 f573 e4d1 e4f1 fdb4 fdd5 e4f2 cc2f d471 f5b6 fe19 e515 bbd0 b38f a30e 8a0a 7988 7988 7989 81ca 820b 820b 81cb 71a9 7189 79eb 79ca 6148 7189 6968 5084 7188 a2ed ab2d ab0c ab0c b32c b34c b32c ab6d c430 e553 fdd5 ed53 dcb0 f531 fd71 fd50 fd50 fd50 fd30 fd30 fd30 fd30 fd30 fd30 fd10 fd30 fd10 fd10 fcef fd0f fd10 fd10 fd30 fd30 fd30 fd10 f4f0 ecaf e48e e44d dc0d dbec dbec d3cc d3ac cb8b c34a bb49 bb29 bb29 bb29 b308 b2e8 b308 bb29 b328 b308 bb28 c369 c36a c36a c349 bb29 bae8 b2c8 b2c8 b2a8 aaa8 b2c8 
bc0d bc0d bc0d bc4e c46e cc8f d4af dcb0 dcb0 dcb0 dc8f cc4e bc0c abab a349 9ac8 a2a8 a2a8 a2a8 aaa8 aaa8 aaa8 b288 b2a8 b2a8 b2a8 aaa8 aac8 aac8 aac8 aae8 ab49 bbaa c40c cc6d d4ae d4cf dcef dcef dccf e4af e4af eccf ecf0 f530 fd51 fd50 fd30 fd30 fd30 fd30 fd0f fd0f fd30 fd50 fd51 fd51 fd30 f510 f510 f4f0 f510 f510 e4f0 ed31 f5d3 e572 bc4e a3cc 8b0a 6a67 6206 4163 30a1 4164 49c5 4164 4164 4964 4964 4964 4965 4165 4165 4165 4165 4166 4165 4165 49a6 41a6 4165 4165 4185 4165 3944 3944 4165 4144 4144 4164 4165 4164 4164 4164 4164 4164 4964 4164 4164 4964 4164 3963 3984 4184 3984 3964 4165 4165 4165 4165 4986 49a6 49a6 4985 4164 4164 4143 3943 3943 4164 4185 49c5 49a5 3944 3104 3944 41a5 49a5 4185 4164 4984 5184 6a46 9bcc ac2e a3cb a3ec a3cb 9b8a 8b08 7245 59a3 5162 4941 6a25 c510 f6b7 ddf4 a44f 8b4a 8b2a 934a b48f d5b2 ac8d 7b07 7b07 8bea bd50 eeb6 fef8 e635 c512 d574 e5d6 c492 9b0d 71e8 6146 6167 69c8 61a7 5945 5905 6146 6126 58a4 58a3 7146 9a8a b34d c36d bb2c aaca aaca ab0b a2cb a2ab 9acb a2ec a30c ab2d ab4d ab4d b36d bbcf d451 dcf2 ed54 e574 d4f2 cc90 d4d1 ed73 dcf1 d4b0 f593 fdb3 ed32 ed11 ed32 fd73 fd94 ed12 d490 d470 ed54 fe18 fdd8 cc72 a32d a32d 9aac 79a8 7988 79a9 79a9 81e9 820a 81eb 81eb 79ca 79aa 71aa 7189 6948 71a9 6948 5084 71a8 a2ed ab2d ab2d ab2d b32c b32c b32c ab6d c450 e553 fdd5 ed53 dcb0 f531 fd71 fd51 fd50 fd50 fd30 fd50 fd30 fd30 fd30 fd30 fd30 fd30 fd10 fd10 fd0f fd0f fd10 fd10 fd10 fd30 fd30 fd10 f4f0 ecaf ec8e ec6e e42d dbec d3cc d3ab cb8b cb6a c329 bb29 bb29 bb29 bb29 b308 b308 bb29 bb49 bb49 bb29 c349 c369 c36a c349 bb29 bb08 b2c8 b2c8 b2c8 b2c8 b2e9 bb09 
c40d bbed bc0d c44e cc6e cc8f dcaf e4d0 e4f1 e4f1 e4f1 dcd0 c46e bc2c b3cb ab49 ab09 aae9 a2c8 aaa8 aaa8 aaa8 b2a8 b2a8 b2a8 b288 aa87 b2a8 aaa8 aaa8 aae8 ab09 bb6a c3cc cc4d d4ae dcef dcef dcef e4ef e4ef e4cf eccf ed10 f530 fd51 fd70 fd50 fd50 fd50 fd50 fd30 fd0f fd50 fd71 fd91 fd71 fd30 f510 f510 f531 fd72 fdb2 fdb3 f5b3 ed93 dd52 c4b0 9bac 8b2a 7aca 51c6 3923 3923 4185 49a5 4164 4164 4164 4164 4164 4165 4165 4165 4165 4165 4165 4165 4165 49a5 41a5 4165 4185 4185 4165 3944 3924 4165 4145 4144 4165 4165 4165 4165 4165 4165 4165 4165 4165 4165 4164 4164 4185 4165 3944 3944 3924 3925 3925 38e4 38e4 3904 4125 4966 4965 4965 4965 4965 4164 4144 3944 3945 4165 4166 3966 3965 4186 41a6 4185 4164 4164 51a5 4143 5163 8b4a ac2d ac0c a3ec a3cb abeb 9baa 9349 7aa6 7265 6224 8348 ddf3 ff39 de14 93ec 8309 8b6a 934b a40d d592 eeb6 c550 72c7 6ac6 ac8e e675 ff39 f657 d533 dd95 edd7 ccb3 a34e 820a 6106 6947 71a8 6967 6105 5905 6946 6126 58c4 58a3 60c3 79a6 b34d cbcf b30c a289 a2aa ab0b b32c ab2c ab2d ab2d b36e b36e b36e ab4d ab2d ab4d b36d bbcf c410 cc91 e533 f5d6 f616 ed94 cc4f c40e ed32 ed53 ed32 f5b4 fdd5 fdd4 fdb4 dc91 cc2f e554 fe38 fdf8 d493 b3af ab4e 8a4a 7188 7988 81a9 81ea 8a0a 81ea 81ea 81eb 81eb 81eb 79ca 7189 6968 6948 79a9 6927 5084 79c9 ab0e ab2d ab2d b32d b32c b34c b34c ab6d c450 ed54 fdd5 ed53 e4d0 f531 fd71 fd51 fd50 fd30 fd30 fd50 fd50 fd30 fd30 fd30 fd30 fd30 fd30 fd10 fd10 fd0f fd0f fd0f fd30 fd30 fd30 f510 f4ef eccf ec8f ec6e e42d d3cc cb8b cb6a c36a c34a bb29 bb09 bb09 bb29 bb29 bb29 bb29 bb49 c34a c34a c34a c34a c34a c34a c329 bb09 b2e8 b2c8 b2c8 b2c8 b2e9 b309 bb4a 
c42d bc0d bc2d c44e cc6f d48f dcaf e4d0 e4f1 ed11 ed31 e531 d510 ccce c44d bbcc b38b b34a ab09 aac8 a2a8 aa88 aaa8 b2a8 b288 b288 b288 b288 aa87 aaa8 aae8 aae8 b349 bbab cc2d d4ae dcef dcef dcef e510 ed10 ecef ecef f510 f550 fd71 fd91 fd71 fd71 fd71 fd50 fd50 fd50 fd50 fd71 fd91 fd91 fd71 fd51 f531 fd51 fd92 fdb3 fdf4 f5d4 e572 d4f1 b42e 82c9 7247 6a68 51a5 4965 49a5 4185 4164 4164 4164 4164 4164 4164 4164 4164 4165 4165 4165 4165 3945 3944 4185 4185 4165 4185 41a6 4165 3924 3924 4165 4165 4165 4165 4165 4165 4165 4165 4165 4165 4165 4165 4165 4144 4144 4985 4165 3924 3924 3904 38e4 30a4 3083 2863 2842 2842 3083 38e4 4125 4965 4986 49a6 4185 3965 3124 3144 3945 3986 41a7 41a6 4185 3123 3944 49a5 4984 3902 4122 7287 a3cc ac2d ac0c abeb ac0c ac0c abeb 9baa 9389 9389 ac6d ee96 ff59 d5d3 8b8b 72e8 8b6a 938b 93ab b4cf ff38 ff38 acae 72e7 8b89 cd92 ff39 fed8 d574 e595 f5f8 d4d4 b38f 8a2a 6105 6926 79a8 6946 6106 6106 58c5 5905 6105 60e4 5062 60c3 aaeb c3ce b32c ab0b b30b bb6d bb8e bb8e b34d ab2c a30c a2ec a2ec 9aeb a2ec ab4d bbae c40f cc50 d4d2 edb5 fe58 edd5 c44f bc0e dcf1 f594 f573 ed52 fdd4 fdf5 f5b4 ed12 d491 e4f3 fe38 fe38 e514 bbaf ab4e a30d 7188 60e5 7988 81ea 8a2a 8a2b 81ea 79ca 79ca 820b 822b 79eb 7189 6948 6948 7189 6107 5084 81e9 ab4e ab2d b32d b34d b32c b34c b34c ab6d cc71 ed74 fdd5 ed53 e4d1 f531 fd51 fd51 fd51 fd50 fd50 fd50 fd50 fd30 fd30 fd30 fd30 fd30 fd30 fd30 fd30 fd0f fd0f fd0f fd30 fd30 fd30 f510 f4ef eccf ecaf e46e dc2d d3cb c36a c34a c329 bb09 bb09 bae8 bb09 bb29 bb29 bb49 c34a c36a c36a c36a c34a c34a c329 bb29 bb09 b2e8 b2c8 b2c8 b2c8 b2e9 b309 b309 b2e9 
c44e c42d c42e c44e cc6e d48f dcb0 dcb0 e4d0 e4f1 ed11 ed31 e551 dd30 d4f0 d48e cc4e c40d c38b bb2a b2e9 aaa8 aa88 aa88 b288 b2a8 b2a8 aa87 aa87 aaa8 aae8 aae8 ab09 bb6a c40c d48e dcef dcef dcef ed10 ed10 ecef eccf ed10 f531 fd71 fd92 fd92 fd91 fd71 fd51 fd71 fd71 fd50 fd50 fd71 fd71 fdb2 fdb2 fd92 fd72 fd72 fd92 fdd3 fdd4 dd11 b3ed 8ae9 7a67 61c5 5184 51a6 51c6 4985 4164 4144 4164 4164 4164 4164 4164 4164 4164 4165 4165 4165 4186 3965 3944 4165 4165 4165 4185 41a6 4165 3924 3103 4165 4185 4185 4165 4165 4165 4165 4165 4165 4165 4165 4165 4165 4144 4164 4985 4165 4145 4145 3925 30c4 2883 3083 3063 2842 2001 2001 2842 30a3 38e4 4145 4985 49a6 4186 4186 3966 3986 3987 4187 41a6 4165 28c2 4144 51c6 4143 38e1 4922 59e5 8b09 ac0c ac2d ac0c ac0c ac2c ac2c ac2c ac4d b46d c530 f6b6 ff18 cd92 8b8a 72a7 832a 9bcc a40d ac6e de34 ff9a ff38 acae 7b28 a44d ee97 ff19 dd94 e5b5 f5f7 dd14 bbf0 926b 6126 6927 79a8 6926 6126 6106 50a4 58e5 6946 6945 5062 5061 8a28 b34c b32c bb6d bb8d bb8d bb6d ab2c a2cb 928a 8a49 8a4a 926a 9aab ab0c bbcf d451 e4d3 ed34 ed74 e533 dd12 bbee 92a9 c42f fe36 fe36 f5b4 f573 f594 f594 e4f2 cc4f dd13 fe58 fe38 e514 c3f0 b38f a2ed 81e9 6947 7167 81c9 8a0a 8a2b 8a0a 81ea 79a9 79a9 81ea 820b 79ea 7189 6948 7168 7168 6106 58a4 8a2a b34e ab2d b32d b34d b32c b32c b34d ab6d cc91 f5b5 fdd5 ed53 ed11 f551 fd51 fd51 fd71 fd50 fd50 fd50 fd50 fd30 fd30 fd30 fd30 fd30 fd30 fd30 fd30 fd0f fd10 fd10 fd30 fd30 fd30 f510 f4cf ecaf ecaf e48e dc2d d3ab c349 bb09 bb09 b2e8 b2e8 b2e8 bae8 bb29 bb49 c34a c36a c36a cb8a c36a c329 bb09 bae8 b2e8 b2c8 bae9 b2c9 b2e9 b2e9 b2e9 b309 aae9 a2a8 
cc2e cc0e c40d c40e cc4e cc4f d44f dc6f dc8f e4b0 e4f0 e531 e571 e591 e571 dd30 dd10 dcd0 cc4e c3ed bb6b b309 aaa8 aa88 aa88 b2a8 b2a8 b288 aa87 b2a8 aac8 aac8 aae8 bb4a c3ac d44e dccf e4f0 e4ef e510 ed10 ecf0 e4cf ecef f530 fd71 fd91 fd91 fd71 fd51 fd50 fd71 fdb2 fd71 f550 fd51 fd91 fdb2 fdd3 fdb2 fd92 f571 f551 fdb3 f5b4 c46f 930a 7248 7248 6207 4965 49a6 49a6 3944 3944 3964 4165 4164 4164 4164 4165 4165 4165 4165 4165 4165 4186 3965 3944 4164 4165 4144 4165 4985 4165 3924 3904 4165 4986 4985 4165 4145 4165 4165 4165 4165 4165 4165 4165 4165 4165 4145 4166 4946 4946 4967 4126 30a4 3063 40a5 4906 40a5 3043 2802 2801 2801 2841 3062 38c4 4146 49a7 51c8 51e8 49c8 3987 3146 4166 4165 28c3 4165 51c6 3903 38c2 4123 5163 6a27 936a ac0d ac4d ac0c a3eb ac0c ac4c ac4c ac8d cd50 f6b5 f6b6 bd50 8369 6a87 7ac9 a42e ac6f a44e d5f4 ff9a ff79 eed7 b510 8b8a cd72 fed9 e5d6 e595 f5d7 ed56 cc32 9a8c 6927 6927 7988 6906 6106 6106 50a4 50e5 6987 6986 58e3 58a2 79a6 9a8a a2ca aaeb aacb 9a89 8a08 81e8 81e8 8a49 926a 9acc ab0d b36e bb8f c3cf cc10 d451 dc92 dc92 c3ef b38d a30b 9aa9 dcd2 fe57 e553 dcf1 f594 fe16 ed53 cc6f d491 f5d7 fe59 ed35 c3f0 b36f ab2e 8a0a 60e5 7988 8a0a 820a 8a0a 81e9 81c9 79a9 79a9 79a9 79ca 79aa 7189 6969 6948 6948 6948 6106 60e5 926b b36f ab2d ab2d b34d ab2c b34c b36d b38d d4b2 f5d5 f5d5 ed53 ed31 f551 fd51 fd51 fd71 fd50 fd30 fd30 fd50 fd51 fd51 fd31 fd31 fd31 fd31 fd30 fd10 fd30 fd30 fd30 fd30 fd50 fd30 f50f f4cf eccf ecaf e46e dc0c cb8b bb09 b2c8 b2c8 b2c8 b2c8 b2c8 b2e8 bb09 c329 c36a cb6a cb6a cb8b cb4a bae9 bac9 b2a8 b2a8 b2a8 b2e9 b2e9 b2e9 b2e9 b2e9 ab09 aae9 a2c8 
c3cc c3ed bbcc bbcc c3ed cc2e d44e d44e d44e d46e dcaf dcf0 dd51 e592 e592 e571 dd71 dd51 dd30 dccf cc4d bbab b32a b2c9 aa87 aa88 b2a8 b288 b288 b2a8 b2a8 aaa8 a2a7 ab28 bb8a cc2c d4ae dccf e4f0 ed30 e4ef e4cf e4cf e4cf ed10 f550 fd71 fd71 fd70 fd50 f550 fd91 fdb1 fd71 fd71 fd71 fd71 fd92 fd92 fd92 fd71 f571 f572 f5b3 dd32 abed 8ae9 7268 6a27 6207 51c6 4165 3924 3945 3945 3945 4165 4165 4165 4164 4164 3964 4164 4165 4165 4165 4185 4165 3924 4165 4185 4145 4165 4986 4165 3904 30e3 3944 4185 4185 4165 4165 4165 4166 4165 4165 4165 4165 4166 4166 4145 4166 4145 4145 4966 51a8 4926 3084 3844 5107 61a9 5968 50e6 48a5 3843 2802 2801 2001 2001 28a3 3945 49c8 49e8 49c8 41a8 3967 3945 3925 3904 4165 4985 4124 40e2 4102 4122 51a3 72a6 9bcb ac2c a40c ac2c ac4c a42b a40b ac6c cd71 f6d6 f6d6 bd30 8348 5a45 72e8 93ec a44e accf de55 ff59 f718 ff59 e676 b4af c511 ee16 edd6 edb6 f5b7 ed76 cc72 9acd 7167 7147 7968 6906 68e5 6926 6126 6166 6146 5925 50a3 58a3 6904 79a5 8a27 9268 9248 8a07 81e7 81e8 8a29 8a4a 9aac ab2d b36e bb6f bb6f bb6f bb6e b34d bb8e b38d a30b 9aaa a2eb bbce e534 ed54 cc50 d491 f595 fdd6 dcd2 d491 f5b6 fe17 e555 c431 b3af ab4e 924b 7147 6927 81c9 922b 820a 81e9 79a9 7989 79a9 79ca 79c9 79c9 71a9 7188 6948 6948 7168 6927 60e5 6926 9a8b b36e ab2d b32d b34d b34d ab4c ab6c ab8d d4d2 fdf6 f5b5 ed73 f552 f531 fd31 fd51 fd71 fd50 fd30 fd51 fd51 f550 fd50 f550 fd50 fd50 fd50 fd30 fd30 fd10 fd10 fd50 fd50 fd30 f510 f50f f4ef e4ae e4ae dc6d d40c c38a bb09 b2e8 b2e8 b2a8 b2a8 b2c8 bac8 bae8 c329 cb6a cb8a cb69 cb69 c329 bae9 b2a8 b288 b288 b2c8 b2c9 b309 b309 b2e9 aae9 aae9 ab0a b34b 
bbac bbac b38b b36b bbac c3ed cbed d40e cc2d d42e d46e dccf dd30 dd51 dd51 e571 e592 ed92 ed92 ed52 e4f0 d44e cbcc bb2a b2c9 b2a8 b288 b288 b288 b288 b2a8 aaa8 aaa8 b2e8 bb4a c3cc d46d dccf e4ef ed10 ed10 e4ef e4cf e4ef ed30 f550 fd71 fd71 fd71 fd70 fd50 fd70 fd71 fd71 fd91 fd91 fd71 fd71 f551 f530 f551 fd72 fdb3 f593 d4d0 abac 932b 7aa9 59a5 4964 4985 3904 3924 49a6 4185 3944 4165 4164 4164 4164 4164 4164 4184 4185 4165 4165 3965 4165 3944 4165 4185 4144 4185 49a6 4165 3904 30e3 3924 4165 4165 4165 4165 4165 4165 4165 4165 4165 4165 4165 4166 4165 4145 4166 4946 4966 5187 4106 2843 3043 5128 722b 720b 61a9 5948 4906 40a5 3863 2822 2001 2021 2062 28c4 3925 3967 41a8 41c8 4186 3945 4166 4186 4165 4964 4102 38c1 4922 4942 59a3 82e8 9bcb a40c ac4d b48d b48d ac4c b4ae de13 ff58 ff58 c590 7b28 6245 7ae9 832a 93ac b4f0 e676 ff59 ff39 f718 f6f8 ee96 ddd4 dd94 edf6 e5b5 e576 f597 d494 ab0e 81e9 7968 7147 68e6 68e5 6946 71a8 69a7 5904 4882 50a2 58e3 6924 7985 8a28 9a89 9a8a 9aaa a2ec ab0c a2cc a2cc a2ec a2ec a2ed aaed ab0d ab0d b30d ab2d b34d ab2c a2eb 9aaa b34d dcb2 dcf3 cc50 cc70 e533 ed74 dcd1 d4b1 edb5 fe58 ed96 c430 bbcf b38f 9aab 7147 6927 89ea 81ea 81c9 81e9 79c9 79a8 7988 79c9 820a 820b 81ea 79a9 7168 6948 6948 6947 6106 6106 7188 9aac b34e ab2d ab2d b34d b36d b36d ab4c ab8d dcf2 fe16 f594 ed53 f572 f551 fd51 fd71 fd71 fd50 fd30 fd50 fd51 fd50 fd51 fd51 fd51 fd51 fd31 fd30 fd30 fd30 fd30 fd71 fd71 f530 f50f ed0f ecef ecce e48e dc4d cbcb c36a bb09 b2e8 b2c8 b2c8 b2c8 b2c8 bae8 bb08 c329 cb6a cb6a cb6a cb49 c309 bac9 b2a8 b288 aa88 b2c9 b2e9 b2e9 b2e9 b2e9 ab09 ab2a bb6b c3ed 
b36b b36b b34a ab2a b36b bbac c3ac c3cc cbcc cc0d cc4d d48e d4ef cd0f d510 dd71 e592 e5b3 edd3 f5b3 ed72 e511 dc8f cbed c34a b2c9 aaa8 b2a8 b2a8 b288 b2a8 b2a8 b2a8 b2c8 b309 c38a cc0c dcae e4f0 ed30 ed10 e4ef e4cf e4ef ed10 f551 fd71 fd71 fd71 fd71 fd71 fd50 fd50 fd71 fd91 fdb2 fd91 f571 ed30 ed30 ed51 f592 fdd3 e511 bc0e abce 932b 6a28 4964 30a2 2882 3924 41a6 41a6 3985 3965 3985 4165 4165 4165 4184 4165 4165 4165 4165 4165 3965 4165 4165 4185 4165 3944 4165 49a5 4165 3903 30e3 3944 4165 4165 4165 4165 4165 4166 4165 4165 4165 4165 4166 4166 4146 4166 4966 4146 4126 4967 4105 2022 2823 5148 7a6c 7a4c 71ea 71ea 69c9 6188 5946 48e5 3883 2842 2001 2001 2042 30c4 4167 51e9 4187 3926 49a7 4987 4146 4986 3903 30a2 4944 4943 4102 6a26 8b2a 9bac a40d ac6e b4af ac6e bcef e675 ff99 ff79 cdd2 8bcb 6a87 6a67 8b8c 9c0e a44e de56 ffbb ff9a f738 f718 ff39 f6b8 ee77 ee57 dd95 dd35 f5d8 dcf5 ab4e 8a4b 79a9 6947 6105 6946 6946 50c4 48a3 50e4 5924 7a08 a30b ab2c b34c bb6d b34c ab0c ab0c ab0c ab0c ab0d ab0d ab0d ab0d ab0d ab0d ab0d ab0d b30d b30d aaec ab0c b34d b36d c3f0 e4f4 cc10 ab6d cc50 ed74 e534 c450 e534 fe99 edd6 cc92 c411 b3af 9acc 79a8 6927 79a9 922b 81aa 7989 81c9 79a9 79a9 79c9 81ea 8a2b 8a2b 820a 79a9 7168 6948 6948 6927 60e5 6106 820a a2cc ab2e ab2d ab0c ab2d bb8e b36d ab2c b38d dd13 fe37 f5b4 f573 fd73 fd72 fd51 fd71 fd71 fd70 fd30 fd50 fd70 fd71 fd71 fd51 fd51 fd51 fd51 fd50 fd50 fd30 fd50 fd91 fd91 f530 ed0f ecef ecef e4cf dc6e d40d c3ab c36a bb2a b309 b2e9 b2c9 b2e9 b2c9 b2c9 bb09 c329 cb6a cb6a cb49 c329 bae9 baa8 b2a8 b288 b2a8 b2c9 b2ea b2ea aac9 aae9 b32b b36b c40e d4b0 
b30a b32a ab0a b32a b34b bb6b bb6b bb6b bb8b c3cc cc0d cc6e cccf c4ef ccef dd71 dd92 dd92 e5b3 edd3 f5d3 f593 ed31 dc6f cbac bb0a b2c8 b2a8 baa8 ba88 b288 b2a8 b2a8 b2a8 b2c8 bb4a cbec dc8f ed10 ed11 e510 e4ef e4cf e4ef ed30 f551 fd71 fd51 fd71 fd71 fd91 fd71 f570 fd91 fdb2 fdb2 fd71 f551 f571 f571 f591 f5b2 f5b3 d4d0 abcd 9b8d 7a89 4945 4104 30a2 2882 4166 41c7 3966 3986 4186 3985 3965 4165 4185 4165 4165 4165 4165 4165 4165 3965 4165 3965 4165 4164 3924 4165 49a6 4985 3903 30e3 3944 4165 4165 4165 4165 4145 4166 4145 4145 4146 4146 4146 4146 4146 4146 4186 4146 3905 4146 38e5 2823 3043 5948 7a6c 7a4c 7a2b 8a6c 824b 7a0a 71c9 6188 5946 48e5 3883 2842 2001 2043 38e5 4147 4147 4147 4987 51a8 4987 4105 30c3 38e3 4965 4965 4123 4963 6205 72a8 82e8 8b6a a42c a42d b4ef de14 f6f7 eeb6 c591 a46d 7b09 6a67 8bad a44f 9c4e de56 ffbb ffbb ff7a f739 f719 ff3a ff1a f658 d534 d535 f5f8 dd15 ab6f 92ac 79e9 6946 5905 5905 5905 50c4 5946 7a49 9b2c bbef cc71 cc50 cc30 cc0f bb8d b34c ab2c a2ec a2eb a30c ab0d ab2e ab2e b32e ab2e b32e b32d b32d b30d b30d b30d b32d bb6e c3cf cc10 b34d a30c bbcf c450 c491 d4f3 f618 fe79 d4d3 c431 c411 ab2e 79c9 6106 7968 8a2b 8a0b 8189 7969 81c9 81c9 81ea 820a 820a 820a 81ea 81ea 79c9 7188 6927 6107 6926 58a5 6105 8a4a a2ed ab2d ab4d ab0c ab2c bbae b38d ab2c ab8d e533 fe37 f594 f573 fdb3 fd72 fd51 fd71 fd91 fd70 f530 fd50 fd71 fd71 fd51 fd51 fd51 fd51 fd51 fd51 fd51 fd30 fd50 fd91 fd91 f550 ed0f ecee ecef e4cf dc6e cbec bb8b bb4a bb4a b32a b2e9 b2e9 b2e9 b2e9 bac9 bae9 c329 cb4a cb4a cb29 c309 bac9 ba88 b288 b2a9 b2c9 b2ca b2ea b2c9 aac9 aaea b36c c3ed d490 e532 
ab09 ab09 ab0a b32a b34b b34b bb4b b34a b36a bb8b c3ec c44e c4ae c4ae ccef d551 dd71 dd51 e572 edb3 f5d3 f5d4 f593 e4f1 d42d c36b b2e9 bac9 baa8 b288 b288 b288 b2a8 b2a8 aaa8 bb09 c3cc dc8f ed10 ed10 e4f0 e4cf e4cf e4cf ed0f ed30 f550 f530 f550 fd50 fd71 fd71 fd70 fd71 fd91 fd91 f571 fd71 fd92 fdb2 f5b2 f592 ed72 d4b0 a38c 8289 5985 40e3 30a2 4124 49a7 4166 3945 3945 3986 41a6 3985 3965 4185 4165 4165 4164 4165 4165 4165 4165 3965 3965 3944 4165 3944 3924 4144 49a5 4185 3924 30e3 4144 4165 4165 4165 4165 4145 4145 4145 4145 4166 4145 4146 4146 4146 4146 4986 3945 30e4 4146 4105 3064 3884 5968 828d 826d 828d 92ee 8a8c 7a2a 7209 71e9 69e8 61c8 5987 4926 38c4 2884 2863 2063 38e5 4147 4146 51a8 51a8 38c4 30a3 4124 4945 5185 4964 4102 4102 4963 5162 6204 72c7 8328 93eb bcf0 cd91 c571 b50f b510 9c0d 72c9 7b0a 9c0e bd52 eeb8 ff7a ff5a ff7a ff9a ff7a ff5a ff1a f678 cd33 d4f4 fdf9 e516 ab8f 9aed 8209 6126 6125 5905 6166 8aab b3f0 ccb3 d4f3 d4d2 c450 b3ae b36d b36c ab2c ab0c b34c ab0c ab0c ab0d ab2d ab2e ab2d ab0d ab0d ab0d ab0d aaed aaec b30d b30d a2ab a2ec ab0c a2ec a30c a30c a30c 9aeb b3ef f617 fe79 e555 cc92 bbf0 ab4e 8a4a 6947 6906 7989 922b 920b 81a9 7168 79a9 81e9 820a 820a 81ea 79a9 79c9 79a9 79a9 7168 6107 6106 6106 5884 6906 9a8b a2ed a30d b34d ab0c ab0c c3ae bb8e ab2c ab8d e533 fe57 f594 f573 fdb3 fd72 fd51 fd71 fd91 fd70 f530 fd50 fd71 fd71 fd51 fd51 fd51 fd51 fd51 fd51 fd51 fd30 fd50 fdb1 fdb1 f530 ecef ecef ecef e4cf dc6e cbcc bb6a bb4a bb4a bb2a b309 b309 b2e9 b2e9 b2e9 bae9 c309 cb4a cb4a c329 c2e8 bac8 b288 b288 b2a9 b2c9 b2ea b2e9 aac9 a2a9 ab0a bbac cc4f e4f1 ed73 
aae9 ab09 ab2a ab4a ab4b b32b b32a b30a b34a bb8b c3ec cc4d c48e bc8d c48e cd10 d551 dd51 dd51 e592 edd3 f5d4 edb3 ed52 e4d0 cbcc b309 b2c8 b2c9 bac9 b2a8 b288 b2a8 b2c8 b2c9 b2e9 b34a cc0d e4cf e4f0 dccf e4cf e4cf e4cf ecef ecf0 ed0f ed0f ed0f ed0f ecef f530 f550 ed10 ed30 f571 fdb2 fdb2 fdb2 fdd3 fdb3 f592 e531 cc8f a36c 69e7 5144 4924 38c3 4124 4166 3104 3125 41a6 41a6 3985 3985 3965 4185 3964 4165 4164 4165 4185 4165 4165 4186 4165 4165 4165 4144 3944 4145 4165 4165 4145 4124 4145 4966 4965 4145 4145 4145 4145 4966 4966 4966 4966 4966 4966 4966 4965 49a6 4165 3944 49a6 4125 2862 3883 61a8 82ad 828c 824b 8a8c 8aac 8aac 8a8b 826a 7a69 7229 69e8 69e9 6a09 5167 3063 2002 2843 38e5 3906 5188 5a0a 5188 4105 38c4 4104 4925 4924 4924 4944 4943 38e2 4943 59e5 59e5 6a87 8bab a48e acae accf cdd3 b4f1 72e9 6a89 93ce cdd4 f73a ff9a f759 ff9a ffdb ff9a ff7a ff7b ff1a cd33 b491 e5d7 e596 bc31 9b4d 69c7 5104 69c7 930c bc31 d4f4 dd55 dd35 cc71 bbef bbef c3ee b36d aaeb ab0b b34c b32c ab0c aaec ab0d ab0d ab0d ab0d aaed aaed aaed aaec b2ec aaec b30d b32d aacc aaec aaec a2cb ab2d a32c 928a a32c dcf4 fe79 edb6 bc11 bbf0 ab6e 8a6b 7188 6947 79a8 89eb 8a0b 89eb 81ca 7989 79a8 79e9 81ea 79c9 7188 7188 79c9 79a9 7148 6907 6927 6947 6906 58a4 7987 ab2e ab0d 9aab b34d ab2d ab2c bbae b38d ab4c b3ad e533 fe36 f573 ed52 f592 fd92 f551 f550 fd91 fd91 fd50 fd71 fd71 fd71 fd71 fd71 fd71 fd71 fd51 fd51 fd51 fd30 fd50 fdd2 fdd2 ecef e4ce ed10 ed10 dc8e cc0d cc0d c3cc bb8b bb6b ab0a aac9 b30a bb2a bb0a b2e9 bae9 c32a cb6a cb6a c309 b2a7 b288 b2a9 b2a9 b2a9 b2ca b30a b30a aac9 a2c9 ab2a c3ed dcd1 ed73 f5b4 
aae9 ab09 ab2a ab4a ab4b b34b b34a b34a b34b b36b bbab bbec bc2c b44c b44d bc8e c4cf d531 d531 dd72 e5d3 edf4 edd3 edb3 ed52 cc2d b309 aaa8 b2c9 bac9 b2a8 b267 b287 bae9 bae9 b2c8 aae9 c38b dc6e e48f dcaf e4af e4cf e4cf e4cf e4cf e4cf e4af e4ae e4ae e4ae ed0f ed0f e4ae e4cf f551 fdb2 fd92 f592 fdb2 f5b3 ed72 dccf bc0d 8aea 5964 40e2 4103 4104 4145 3945 3104 3145 41c7 3986 3145 3965 3985 4185 4185 4164 4165 4165 4165 4185 4185 4186 4185 4185 4165 4165 4164 4145 3944 4145 4165 4165 4165 4966 4965 4145 4145 4945 4945 4946 4966 4966 4966 5166 5166 5166 4986 41a5 4185 4165 51e7 3945 2041 3083 59a8 82ac 828c 7a4b 826b 8a8b 8aab 8aab 8a8a 8a8a 8aab 824a 7a4a 826b 71e9 5126 40c5 3084 2844 2864 38e6 51a9 622b 5188 38c5 38e5 4105 4125 4945 5185 51a5 4143 4964 51c5 4983 51e5 7b2a 9c2d a46e acf0 de56 c573 72ca 6268 93ce cdf5 ff7b ffdc f77a ffba ffdb ff7a ff5a ffbc ff7b c533 ac50 ee38 ee18 b431 82cb 7228 82aa 9bce d554 edf7 dd55 ccd3 c472 ab6d 9aeb ab4c bbae b32c a2aa b32c bb4d ab0b aaec ab0c aaec aaed aaed aaed aaed aaed aaed b2ec b2ec b2cc b2ed b30d b30d b32e b32d ab0d ab0d a30c 9aec cc52 fdf8 fe18 ccb3 ab8e a34e 92cc 79c9 6947 7188 820a 8a0b 89eb 81ca 81cb 81ca 7189 79ea 81ea 7188 6947 7188 79c9 7988 6906 60c5 7147 7168 6906 60e5 8a09 bb8f ab2d 9aab ab4d ab4d ab2c b38e b36d ab4d bbce e533 fe16 f573 ed32 f572 fdb2 f551 f510 fd71 fd91 fd71 fd71 fd71 fd71 fd71 fd91 fd71 fd71 fd71 fd71 fd71 fd51 fd51 fdd2 fdb2 e4ce e4ce ed30 ed10 d44d bbac c3ed c3cd b36b b34b b32a b30a b30a b30b b30a b2c9 b2e9 bb0a c32a c309 bac8 b287 b2a8 baca b2c9 aaa9 b2ca b30a aaea a2c9 a2c9 ab2b c42e dd32 edb4 edd4 
aae9 ab0a ab2a ab0a ab2a b34b bb6b bb6b bb8b b36b ab4a ab6a abcb b44c b46d b44d bc8e ccf0 cd10 dd72 edd3 f614 f614 f5d3 ed52 d42e b32a aaa8 b2c8 b2c9 b2a8 b267 b288 bac9 bae9 b2c9 b309 bb8b d40d d42e d46e dc8e e4af e4af e4ae dc8e dc8e dc6d dc8e dc8e dc8e e4ae e4ae dc8d e4ce ecef ed50 f551 f571 f5b2 f5b2 e551 cc8e a36b 7227 48e3 3041 3082 4144 51c7 51e8 3946 3145 3986 3145 3145 3965 3965 3985 3965 4165 4165 4165 4165 4185 4165 3965 4165 4185 4165 4165 4164 4145 4165 4165 4145 4165 4165 4966 4966 4966 4965 4945 4945 4946 4946 4966 4966 4966 4966 4966 4966 49a6 4165 3924 49a6 4145 2862 3083 5987 7a8b 828c 828c 92ed 8acc 826a 8a8b 8a6a 92cc ab6e 9b0d 7a4a 71e9 7209 726a 724b 5168 2864 2023 2824 38e6 51a9 5188 4106 4926 5166 4945 40e3 4144 51a5 4964 4984 59e5 51c5 6246 836a 9c2d a48f bd51 eeb7 cdb4 7aea 6a69 a450 de77 ff9b ffbb ffbb fffc ffbb f739 f719 ff7b ff5b cd74 bcd2 fe79 e5b7 9b6e 7a8a abef ddb6 e5d6 ddb6 d554 b410 abef bc31 bbef ab6d a32b a2eb 9aaa 9a89 b30b b30c a2ca a2eb ab0c aaec ab0d aaed aaed aaed aaed aaec aaec b2ec b2ed b2cd aacc aacc b30d b32e ab0d 9a6a 9acb c431 e555 ed96 d4f4 bc11 ab8f 9aed 824a 71a8 7167 79a9 81ea 81ea 81ca 79aa 81cb 81ca 79a9 79ea 79ea 71a9 6967 6968 7188 7148 60e6 60c6 7147 6927 60e5 6926 924a b36f ab2d a2cc ab4d ab2d ab2c b36d b36e b36d bbcf e533 fdf6 f573 ed32 f572 fdb2 fd71 ed0f fd71 fd91 fd70 fd70 fd91 fd71 fd71 fd92 fd71 fd71 fd71 fd71 fd71 fd51 fd51 fdb1 f571 e50f ed30 f550 ed10 d44e c3cc c3ac b36b ab0a aae9 bb4c c38d b32b aac9 aaa9 aaa9 b2c8 b2c9 b2c8 b2a8 baa8 bac8 baea bb0b baea b2ca aaa9 aac9 aaea aac9 aaea b36c cc6f e553 f5d4 edd4 
a309 a329 ab6a ab6a a32a a309 ab09 b34a b36a bb8b bbab bbcc bc2c c48e cccf ccef ccef cd30 cd30 d591 e5d3 e5f3 e5f3 e5d3 dd51 cc6e ab6b a2e9 aac8 b2c9 b2a9 b288 aa87 b2c8 b2e9 b2e9 b309 b34a c3cc cc0c cbec d42d dc6e e48f dc6e dc4d d42d d42c d42c d44c dc8d dc8d dc8d dc8d e4ce e4ef e4cf e4ef ed51 f592 f592 e510 c44d 8aa7 5943 4943 4123 4103 51a5 59e7 49c7 3945 3124 3965 3145 3145 4165 4165 4165 4165 4164 4164 4164 4165 4165 4166 4166 4166 4165 4165 4165 4165 4145 4145 4145 4145 4164 4165 4965 4985 5186 5185 5165 5145 4924 4925 5145 5145 5145 5145 5145 5145 4184 3964 3943 4185 4144 3082 38a3 5166 724a 7a8b 8aec a36e 9b4d a36e b410 a36d 8aaa 8aea 82ca 7a69 7208 8aab 92ed 826b 5188 40e6 40e6 3065 2844 4106 4947 4967 4986 49a6 4165 38e3 4124 51a6 51a5 51a5 51c5 51e6 6aa8 838b 93ed ac90 cdb4 ff1a cdd4 72ea 6ae9 b4f2 f71a ffbc ffbb ffdc fffc ff9a ef18 f738 ff7b ff7b ee98 cd54 ac2f 938d a3ee cd33 f638 edf7 ccf3 c491 c491 c470 cc71 dcf3 e595 e575 dcf3 d470 bb8c ab0a ab0a ab0b aaca aaeb ab0c b30c aaec aaec aaec aaec aaed b2ed b2ed b2ec aaec aacb a2ab aaab b30d b32d a2ec 926a ab2d ed35 fdd8 dcf4 bbd0 ab8f ab8f 928b 71a8 6987 71a8 7a0a 820a 81ea 79ca 79ca 79ca 79aa 79c9 79ea 79ca 7189 7168 6947 6126 6105 60e5 6105 6946 6105 58c4 7987 9a8b b34e ab2d ab0d ab4d ab2d ab2d b38e ab6d ab8d bc0e e553 fdf5 f573 ed32 fd72 fd92 f551 f530 fd71 fd91 fd71 fd91 fd91 fd91 f591 fd91 fd71 fd71 fd71 fd72 fd51 fd31 fd51 fd92 f551 ed10 ecf0 e510 dccf d48e d48f d48f c3ed ab4b a2ea ab2b b34c ab0b aaea aaea aaea b2e9 b2c9 b2c8 b2c8 b2c8 b308 b309 b2e9 b2ea b2ea b30a b32b ab2b b34b b38c bc0e d4b0 e553 edb4 edd5 
ab2a a34a ab6a ab6a 9b4a 9b09 a309 b36b c40c d48e dcd0 e510 e571 e5b2 edd3 edf4 ee14 edf4 ddd3 ddd3 ddf3 ddf3 d5d2 ddb2 dd72 ccaf b3cb a309 a2e8 b309 b2a8 b288 aa87 b2a8 b2c9 b2e9 b309 b329 bb6a c38b c3cb cbec d42d dc4d dc4d d42c cbec cbeb cc0c d42d dc6d dc8d dc8d e4ae e4ce e4cf dccf dccf e510 ed71 ed51 d4af b3eb 7a45 5983 7268 72a9 5a06 5a07 49a6 3944 3124 3145 3986 3965 3144 3965 4165 4165 4165 4164 4165 4165 4165 4165 4166 4166 4166 4185 4185 4165 4165 4145 4145 4144 4144 4965 4965 4965 4985 59a6 59a6 5986 5965 5165 5965 5965 5965 5945 5945 5944 5144 4984 4163 3923 4164 4144 30a2 30a2 4945 7269 82cb 934d abcf ac0f bc50 c4b1 abce 930b 930b 8aca 826a 8aab a34e 92ec 5946 4926 726c 8b70 6a6c 30c5 2863 30a4 4947 5187 4967 4146 4125 4145 4986 49a6 49a5 49a5 5a06 72c9 838c 8bed a4b0 d635 ff7b cdb5 72c9 7b2b cdb5 ff9c ffdc ff9b ffdb fffb f79a f758 ff7a ffbb ff9b f6f9 c513 8b2b 934c d554 feda f678 cd13 b470 c4b1 e5b5 f637 fe38 fe38 fefa fefa fe78 f594 d44f bb2b a288 a289 b2eb b2eb aaeb aaec aaec aaec aaec aaec aaec b2ec b2ec b2ec b2ec aacc aacb aacc b32d ab0c 9aab a2ec d452 fdb8 ed76 c411 ab2e ab4e ab4e 822a 6967 6967 79c9 822a 820a 79ca 79c9 79c9 79ca 79ca 79c9 79c9 71a9 7188 7167 6126 60e6 60e5 6106 6906 6946 60e5 58a4 81c8 ab0d ab2d ab2d ab2d ab4d ab2d ab4c b36d b38e b38e c42f e533 fdd5 f573 f552 fd72 fd92 fd71 f550 fd71 fd91 fd71 fd91 fd71 fd91 fd92 fd92 fd72 fd71 fd71 fd51 fd51 fd51 fd51 fd92 fd71 e510 dccf d48e d46e e4f1 f594 f5b4 dd12 c42f bbce a32b 9aca a30b ab4c b34c b32b b32b b30a b309 b309 bb09 b309 aae9 aac9 aaea b34b bb8c c3cd c40e c42e cc4f cc90 d4f1 dd52 e593 e593 
ab4a ab4a ab6a ab6a a36a b38b c3ec d44f e511 f5b4 fe15 fe56 fe96 fe96 fe96 feb7 fed7 feb7 f696 f676 ee75 e634 ddf3 ddb3 dd72 cccf bbec ab4a ab29 b329 b2c9 b2a8 aa88 aaa8 b2c9 b2e9 b309 ab09 b309 b34a bb6b c3ab cbec cc0d d40c cbec cbcb cbcb cbeb d40c d44c dc6d e4ae e4ce dcce dcce dcae dcae e4ef e510 dcef c42d ab8a 8ac8 8ae9 abee 9bad 7289 6248 49a6 3103 28e4 3945 4186 3965 3945 3965 3965 4165 4164 4164 4165 4165 4145 4165 4146 4166 4166 4186 4185 4185 4165 4165 4145 4145 4145 4165 4985 4965 4965 51a6 59a6 59a6 61c7 61c7 61a7 61a7 61a6 5986 5965 5945 5144 4984 4164 4143 4164 4144 30c2 2861 4104 7269 8b0c 9b8e b410 bc51 b430 abef a34d abce cc71 b3cf 930c 9b0c a38e 826a 3042 40c5 9bf2 ee5b c516 51c9 1802 2022 4126 5187 4946 4125 4966 4966 4165 49a6 49a5 4985 5a27 7b2a 8bcd 8bed acd1 e697 ffbc c594 6aa9 93ee eed9 fffd ffdc ffba ffbb f79a f79a ff9a ffbb ffbb ff5a d5d5 bcd1 c513 ee17 f658 dd75 c4f2 d533 e5f6 fe99 fefa ff1b fefb feba feda fe98 f5b5 dc70 c3ad aaea 89c6 9207 b30b b32c aaeb aaec ab0c ab0d aaec aaec aaed aacd b2ec b2ec b2ec aaec aaec b30d b30d a2cb a2ab c3d0 f576 f577 cc52 ab2e a32e ab4e 9aed 79e9 6967 71a8 79ea 820a 79ea 79a9 79a9 79a9 79a9 79a9 71a9 7188 7188 6968 6967 6106 58c5 60c5 6906 6926 6926 60c4 60c4 924a b36e ab0d ab0d b34d ab4d ab2d ab4d ab6d b36d b3ae c44f e533 f5b4 f573 f572 fd92 fd92 fd71 f550 fd91 fd91 fd91 fd91 fd71 fd91 fd92 fd92 fd72 fd72 fd71 fd71 fd71 fd51 fd71 fd92 fd71 ed10 e4af cc4d c40d e511 fe36 fe57 f5d5 e554 e4f3 c3ef a30b a30b ab2c ab2b b34c bb4b bb4b bb2a bb2a bb09 bb09 b30a bb2b bb8c cbcd d42f d46f d4b0 dcb0 dcd1 dcf1 dd12 dd32 dd52 dd52 
a34a a36a 9b4a 9b4a b3ec ccaf e572 f5d4 fe35 fe76 fe77 fe97 feb6 fe96 fe96 fe97 fed7 ff18 ff18 ff39 ff38 f6f7 ee96 de34 ddf3 cd31 bc4d b3ec b38b bb6b b32a b2e9 aaa8 aaa8 b2c8 b2e9 b309 aae9 aae8 b329 bb4a bb6b c3ab cbcc cbcb cbcb cbcb cbcb cbeb d40b d40c dc6d e4ae dc8e dc8d dc8e dcae e4ae dccf dc8e cc6d bbcb a349 b3ec ccf1 c4f1 936c 6a27 6227 59e7 4165 3924 3124 3145 3965 3965 3965 4165 4165 4144 4144 4145 4145 4145 4145 4146 4146 4166 4186 4185 4165 4165 4165 4145 4145 4965 4965 4985 4965 5165 5985 59a6 61c6 69e7 7207 7207 71e7 69c6 6986 6185 6165 6165 5164 5164 5165 5165 4944 38a3 2821 40e4 726a 934d 9baf ac30 c4d3 cd14 c4b2 a3ce a3ce b450 abef a3ae a38e 930c 5945 2800 40c4 ac73 ff9f eebc 72cc 2001 1800 3925 4986 4145 3924 4985 4985 4165 51a6 49a5 49a4 6268 836b 940e 942e b532 eef8 ffbc c594 6ac9 acf2 ffbc fffd fffc ffdb ffbb f799 f79a ffdb ffdb f719 e636 d573 dd94 fe57 fe58 ed95 d4f3 dd74 fe58 fe99 f637 e595 f617 fe79 fe58 fe16 e512 c3cd b2ea bb4b c36c 9a06 91e6 b30a b30b aaeb b2eb ab0c aaec aaec aaec aaec b2ec b2ec b2ec aaec aaec b32d b36e ab0c 9aab ab2d e4d3 fd97 dcb4 ab2e 9acc b34e ab0e 8a2a 7188 6967 71a8 79c9 79c9 7188 6988 7189 71a9 6968 6968 7188 6967 6947 6947 6927 60e6 58c5 60c5 6926 6926 6905 60c4 7126 a2ac bb8e a2cc a2ec b34d ab2d ab4d ab6d ab6d b38d bbce cc90 e532 f573 f573 f572 fd92 fd92 fd71 fd50 fd91 fd91 fd91 fd91 fd91 fd91 fd92 fd92 fd92 fd72 fd72 fd72 fd72 fd72 fd71 f551 f531 ed30 e4f0 cc4d bbcc d4b0 fdd5 fe16 f5d6 f5b6 fdf7 ed96 d4b2 bbce a2eb 9aca a2ea b34b bb6c b34b b30a b32a bb4a c3ac d42e d46f dc90 e4f1 e4f1 dcf1 dcf1 dcf1 dd12 e552 e572 e552 dd31 
9b4a 9b4a 9b8a abec ccf0 edf4 feb7 fed8 fe97 fe36 fe15 fe15 f614 f5f3 edd3 f5d4 fe36 feb7 ff38 ff9a ffda ffba f758 eed6 ee95 ddf3 c510 c48e bc2d bbcc bb6b b32a b2e9 aac8 aac8 b2e9 b309 ab09 aae8 b329 bb6a c36b c38b c3ab cbab cbcb cbcb cbcb cbcb cbcb cbeb d40c dc4d d42c d42c d44d dc8e dcae dcae cc6d c42c b3ab ab8a d4f0 f635 c4f1 82e9 51a4 59e6 6247 51e6 4185 3103 28e3 3964 4185 3964 4144 4144 4144 4144 4145 4145 4145 4145 4146 4146 4166 4186 4186 4165 4165 4165 4165 4165 4145 4965 5165 5165 5165 5985 61a6 69e6 7a28 8248 8248 7a27 7a07 71c6 71a5 7185 6985 6165 5965 6186 6186 5145 40a3 2800 40a3 724a 936e a3ef a410 bcb2 ddd6 f679 d595 ac2f 9bae a3ce b431 a3ef 6a08 3021 2801 40e4 938f ee9b d5f8 72ab 2842 1821 3924 4986 4166 3924 4165 4165 4165 49c6 49c5 49c5 62a8 8bac 9c6f a48f c593 f759 ffbb c5b4 83ac ce16 fffe ffbc ffdb fffb ffdb f7ba ffda fffb f779 de35 cd31 e5f5 feb9 fe17 e513 dcd2 ed74 fdf7 fdd6 ed33 bb8c 9a88 b32b d430 dc91 d42f b30a 9206 89c5 bb0a d3cd a247 89a5 aa88 b2ea b2eb aaeb aaec aaec aaec aaec aaec b2ec aaeb b2eb aaec aaeb ab2d b36e a2cb a2cb cc31 ecf4 e4b4 c3d0 a2ed a2cc b34f 9aac 7988 7147 7168 7988 79a9 7188 6947 6967 6988 69a8 6167 6147 6988 6947 6127 6127 6106 6106 60e5 60e5 6905 6906 68e5 6905 81a8 ab0d b36e a2ab a2ec b34d ab4d ab6d b38d b36d b36d bbef d4b1 e532 ed53 f573 f593 fdb3 fdb2 fd91 fd71 fd91 fd91 fd91 fd91 fd91 fd92 fd92 fd92 fd72 fd72 fd72 fd72 fd72 fd92 fd72 f530 ed10 ed31 ed11 cc4e b34b c40e dcf3 e534 ed55 edb6 fe39 feba fe59 dd14 b3ae a30b 9aca a30b ab2b ab2a b34a bb6b c3ed d48f e512 ed52 ed53 ed73 e552 dd32 dd11 d511 dd31 dd52 e572 dd52 d4f0 
a36a a38b bc4d dd72 f635 fe97 feb7 fe76 fdf4 f593 ed52 ed52 e551 dd10 d510 dd31 ed93 f635 fed7 ff59 ffba ffba ff79 ff38 ff17 f696 e5f3 dd51 d4d0 cc4e c3cc c38c bb2a b2e9 b2c8 b2e9 b309 ab09 aae9 bb4a c36b c36b c36a c38b c38b c3ab cbab cbab c3ab c3aa c3aa cbcb cbeb cbeb cbeb cc0c d44d dcae dccf cc4d c40c bbec c42d e551 e5b3 b46e 7aa8 59c5 59c5 5a06 49c6 4185 3124 28e3 3144 3965 3964 3944 4144 4145 4144 4145 4145 4145 4145 4146 4146 4166 4186 4186 4165 4165 4165 4165 4165 4945 4965 4965 5165 5165 5965 61a6 69e7 7a28 8269 8269 8268 8248 8227 79e6 79e6 71c6 69c6 61a6 69c7 61a6 5965 4904 2821 3883 6a29 934d 9bcf a410 a40f cd54 ff3b ff1b ddb5 b471 b450 bc71 936d 4924 2000 2800 3062 59a7 9bd0 93af 59c8 38a4 3083 4125 4986 4986 4165 3944 3944 4164 49a5 49c6 51e6 6ac9 8bcd a48f acd0 cdf4 ff7a ff7a cdf5 a4f1 e6fa fffe f77b ffbb fffc fffc ffdb fffb ffba e6b6 cd72 cd52 f677 fe98 dd33 cc71 dcf2 ed54 cc50 9aca 8a27 6923 5080 60e2 79a5 89e7 89c5 7943 7102 7963 aac8 c36b 91e6 8143 9a27 aaca b30b b30b aaeb ab0c ab0c aaec aaec b2ec b2ec b2ec b2ec aacb a2ec ab2d 9a8a ab2d ecf4 dcb3 bb6f b34e b32e b32e aaed 8a0a 6926 7147 7188 7188 7188 6947 6127 6147 6988 6988 6147 6147 6968 6947 6126 6106 6106 6106 6105 60e5 60e5 60e5 60e4 7146 924a b32e b34e a2cb a2ec b34d ab2d b36e b38e b36e ab6d bbef dcd1 e532 e532 f572 f5b3 fdb3 fdb2 fd91 fd91 fd91 fd91 fd91 fd91 fd91 fd92 fd92 fd92 fd92 fd72 fd72 fd72 fd72 fd71 fd71 f551 ed10 e4f0 e4d0 c3ed 9ac9 ab4b cc50 cc91 d4d2 e554 f5f8 fe79 fe7a fe18 e555 cc71 b38d a30a a2ea b34b c3cd d42e dc8f e4f1 ed52 f573 f593 f5b3 ed93 e573 dd32 dd31 dd31 d532 dd52 d531 ccd0 
abcc bc2d dd92 fef8 ff18 fe97 f615 ed73 e511 dcf0 e4f0 dcf0 d4f0 ccaf cc8e ccb0 dd31 edb3 ee35 f6d7 ff59 ff79 ff78 ff78 ff99 ff38 f6b6 ee14 dd72 d4d0 cc2e cbed c38b bb0a b2c9 b2e9 b309 b329 b309 bb4a c38b c36b c36b c36b c38a c38b c38a c38a c38a c369 bb6a c38a c3aa cbcb cbeb cbeb d44d dc8e dcaf d46e cc4d cc6e d4af dd31 ccef a3cc 82e9 7288 59e5 4984 3944 3964 3944 3103 3103 3944 3944 4144 4144 4144 4144 4145 4145 4145 4145 4146 4146 4146 4186 4186 4166 4165 4165 4165 4165 4965 4965 5165 5165 5165 5985 61a6 69c6 7a07 8248 8a68 8a68 8a68 8a47 8a27 8a27 8207 79e7 79e7 79e7 6987 6186 5946 3042 3042 61c8 82ec 9baf a410 a430 ac91 cd95 f6ba ff1b ee58 c513 8b2c 5185 3882 40c3 5166 30a3 2021 4125 4945 38e3 38e4 3924 4145 49a6 49a6 4165 3944 3943 4164 49c5 49e5 5a47 7309 8bec a48f b511 de55 ff9a f739 de76 d657 f79c fffe f79b ffbb fffc fffc ffdb ffba f738 d5f4 cd93 ee77 fe77 e594 d491 c3ee c3ae bb4c a269 7904 5820 6061 7123 6903 60c2 5881 5860 6080 68c1 8163 a246 aa67 91a4 91e5 b2ea bb0b b2ea b2eb aaeb aaeb ab0c ab0c aaec b2ec b2ec b2ec b2ec aaeb a2cb a2cb 9aaa bbaf ed35 cc11 a28b ab0d bb8f b34e 9a6b 7967 6906 7147 7988 7188 6947 6127 6147 6167 6988 6187 6167 6147 6147 6147 6127 5906 58e6 6106 6106 60e5 60c4 60c4 6905 81c8 a2cc b32d ab0c a2ec ab0c b34d ab4d b38e b38e b36d ab6d bc0f dcf2 e532 e511 f572 fdb3 fdd3 fdb2 fd91 fd91 fd91 fd91 fd91 fd91 fd91 fd92 fd92 fd92 fd92 fd92 fd92 fd92 fd72 fd72 fd72 f551 ed11 dcaf d46f bb8b 9267 a30a bbee bbef c450 d4b3 dd35 dd35 e596 fe59 fe9a f5f7 d4d2 b3ad b36c bbcd dc90 ed11 ed32 ed32 e532 ed52 ed73 edb3 edb3 ed93 e572 dd31 d511 cd10 ccf0 cccf ccaf 
bc8f dd93 f6d7 ff59 fef7 e5f4 d531 cc8f cc8f cc8f d48f d48f ccae c48e c48e cc8e d4d0 dd32 ddb3 ee76 ff18 ff58 f779 f779 ffda ff59 f6d6 f696 edf3 dd10 d48f d44e d40d c36b b2e9 b2e9 bb2a b34a b309 bb2a c36b c36b c36a c36a c36a c38a c36a c36a c36a c36a bb49 bb29 c36a cbcb cbeb c3cb cbeb d44d dc8e d48e d46e d48e d4ef dd30 c4af 9349 8b09 8309 6205 4122 3102 3944 3964 3123 30e3 3924 3964 4144 4144 4124 4945 4925 4945 4926 4126 4126 4126 4146 4186 4186 4186 3966 4185 4165 4165 4965 4965 5165 5145 5965 61a6 69a6 69a6 71c6 7a06 8227 8a47 9268 9267 9247 9247 9248 8a29 89e9 79c8 7167 71a8 71a8 4063 3001 5967 7a8b 938f a431 ac92 9c30 93ce bd13 f6da ff3c de18 832d 2841 2021 5187 61e9 38e4 1800 2020 2860 2881 3903 4164 4965 51a5 4965 4144 4164 4184 3963 41c4 5226 62a8 7b4a 8bec a4af b551 de96 ff9a ef39 e6d8 f75b ffdd ffdd f7dc f7db fffb fffb f7ba ef38 e695 de14 e656 fed8 e5b4 c44f c3ae c32d a249 8104 78c3 78a3 6000 80e3 a268 9a27 7103 5020 5860 68a1 70e1 8963 9184 9184 91a4 b288 cb6c bb2b b2ca b2eb b30b aaeb aaeb aaeb aaec aaec b2eb b2eb aaeb ab0c 9aca 8a49 a2ec cc30 dc92 bb8f a2ab aacc bb6f b32e 89c9 7106 7126 7947 7988 7168 6907 6927 6147 6147 5946 5926 6167 6147 5926 6127 6127 58e6 58e5 58e5 6906 60c5 5884 60a4 7146 922a b30d ab0c a2cb ab0c b34d b36d ab4d b38e b3ae ab6d ab6d c410 dd12 e512 e4f1 ed52 fdb3 fdd3 fdb2 fd91 fd91 fd91 fd90 fd91 fd91 fd91 fd92 fd92 fd92 fd92 fd92 fd92 fd72 fd72 fd72 fd72 fd52 ed11 dc8f dc8f bbac 9288 9b0b ab8e ab6d ab8f bc31 cc93 c492 ccd3 edd7 fe79 fe79 f5f7 dd13 cc90 cc70 dcd1 ed32 fd94 f594 e553 e552 e552 e572 e572 dd72 dd51 d510 ccd0 c4ae bc6e bc6e c46e 
cd50 f6b6 ff79 eeb6 d5d2 c510 bc6e bc4d bc2d c42d bbec b3cc b3cc bc0c bc2d c42d c44e ccef d592 e675 ff38 ff99 ffb9 ffba ffb9 f737 eeb6 fed7 f655 e532 dcd0 e48f d42d bb8b b329 b309 b34a b34a b32a bb4a bb2a bb2a c34a c36a c36a c36a c36a c36a bb49 bb48 bb69 b328 b348 cbeb cc0c c3cb bb8a c3cb d46e d48e d46e d46e d48f ed92 d550 8328 72c7 8329 5a05 4143 4143 3964 3123 28c2 28e3 3124 4165 4145 4145 4144 4124 4144 4145 4125 4126 4146 4146 4147 4166 4186 4185 4166 4166 4145 4946 4965 4944 4964 4964 5985 61c6 69c6 69a5 71a5 71a5 81e6 8a47 9288 9aa9 9aa9 9a88 9a89 9249 8229 79c7 6946 79c8 7a09 4084 3001 48e5 6a0a 8b4e ac51 ac92 a430 93ef a450 b512 cdd5 f73b cd95 4966 2001 3083 2842 2041 2881 30a2 3082 30a2 3903 4965 4985 49a5 3922 3102 41a4 49e5 4184 49c5 5a67 6ae9 7b6a 8c0c a4cf bd92 e6d7 ffbb f759 ef39 fffc f7bb ef9b fffd ffdb ffda fffa ef78 d695 ce13 ee96 fed7 e5b4 cc90 ab6c 9268 9a48 91e6 6040 5800 7061 7061 8903 91c6 91c6 60c2 4800 68a1 7903 78e2 8143 7901 78e0 91c4 aa88 b2c9 b2ea b2ea b30b aaeb aaeb aaec aaeb b2ec b2ec b2ec b30c aaeb b34c 9aca 79c7 ab4d d472 bbaf bb6e b34e a2ac b30d aacd 7947 68c5 7127 7968 7167 6105 5905 6126 6147 5926 50e5 50e5 5126 5926 5106 6127 6127 58c6 58c5 60e6 6105 58c4 5083 58a4 7987 a2ab b36e aaec 9a8b b32d bb8e b36e ab4d b38e b3af ab6d a34c bc0f e532 e532 dcd1 ed53 fdd4 fdf4 fd92 fd71 fd91 fd91 fd91 fd91 fd91 fd92 f591 f591 fd91 f591 fd92 fd72 fd72 fd72 fd71 fd51 f531 e4d0 dc8f e4d1 cc2f 9ac9 92e9 9b0a 8aaa 92eb abaf bc31 ccb3 ccd3 ccb3 d514 edf7 fe99 fe99 f5d6 dcd2 d470 dcd0 f5d3 fe35 f5f4 edb3 e552 dd32 d511 ccd0 ccaf c48f bc6e bc4e b42d bc2d bc4e 
ee75 ff38 fed7 d551 bc8e bc0d bb8b bb6b bb8c c38c bb6b b34a ab6a ab8b b3ab b3cb bc0c c48e d531 edf4 feb7 ff18 ff59 ff79 ffb9 ff78 f717 ff37 f6d6 e5f4 dd31 dcd0 d44e c3cc bb4a b309 b309 bb49 bb4a bb4a bb29 bb4a c34a c34a bb4a bb29 bb49 bb4a bb49 bb69 c38a bb6a bb6a c3aa c3ab bb8a bb6a c3ab cbec d42d d44e d44e dc8e ed51 e531 a38a 82a8 7a88 59e6 4985 4185 3944 28c2 20a1 3103 3924 3902 3923 4165 4185 3945 3925 3945 4187 4966 4145 4145 4166 4166 4166 4186 4166 4165 4165 4185 4165 4165 4965 4964 5184 59a5 61a5 6185 61a5 69a5 71c6 7a06 8247 8a68 8a68 8a67 9268 9249 9a6a 926a 81c8 79c7 79c8 5905 3821 3862 69e8 934d a3cf a3cf ac10 bcb1 a3ee 8b2b 9bad e5b6 edf7 932c 48c3 2800 2800 2820 3082 38c3 38e3 3903 3924 4144 4165 4185 3944 3923 4185 49a5 4984 5206 6268 730a 8bcc 942d a4af cdf4 f759 ffdb f79a f79a fffc f7dc f79b ffdc fffc ffbb f739 eeb7 e676 ee77 ee56 edd4 dcf1 c42e b32b 8a06 8164 70e3 5800 5800 6881 70c2 78e2 70e2 70c2 5861 5820 70c2 7903 70e2 7923 7923 8144 9a27 aaa9 aaa9 b2ca b30b b30b aaeb aaeb ab0c b30c b30c aaec aacb aaec b32c b34c 9acb 8a28 b34d cc10 b32d a2ec b32e bb6f ab0e 8a2a 6926 60e6 6906 6927 6107 60e6 6106 6126 6147 6126 5905 50e5 5905 5926 5926 6147 6126 58e5 58c5 6105 6946 60c4 5882 60e4 8a08 aaec ab2c a2cb a2cb b34d b36d b34d b36d b3ae b38e ab4d b38e cc50 e532 e532 e531 f572 fdd3 fdf3 fdd2 fdb2 fdb1 fdb1 fdb1 fdb1 fdb1 fdb1 fdb1 fdb2 fdb2 fdb2 fdb2 fdb3 fd93 fd92 fd72 fd72 f571 ed10 dccf e4d0 d46e ab4b 9aa9 9289 9269 a2eb ab2d a32d bbf0 cc52 c411 c431 e535 fe38 feba fe78 edb5 d4f2 d4f1 dd32 edb4 fdf5 f5b5 e512 d490 c42f c44f cc6f c42e b3cc b3ec c44e c46e c42e 
ff39 fed7 e5b3 c46e bbec bb8b bb0a baca baea c30b c30b bb2b b34b ab4a ab6a ab6a b3cb c44d dcd0 ed92 fe15 feb7 fef8 ff39 ff99 ffb9 ff99 ff79 f737 eeb6 e5d3 dcf0 d46e cc0d c38b bb09 b2e8 bb09 c36a c349 bb29 c349 bb49 bb49 bb29 bb29 b329 bb29 bb6a bb6a bb6a c3ab c3ab bb6a bb4a bb6a c38b c38b c3ab cbcc d3ed dc2e dc6e ecd0 e4cf c3ec 92ea 7228 59c7 51c7 41a7 3125 28a2 2881 3923 3923 30c1 30e2 3964 41a6 3965 3145 3986 49c7 49a6 4144 4144 4985 4165 3966 4166 4166 4165 4185 4185 4185 4185 4185 4184 4164 4984 5184 5184 59a5 61c5 69c5 69e5 7206 7a06 7a26 8226 8a27 9207 a2aa ab0c 9a69 81a6 7986 7186 50a3 3000 6145 930c a38e 9b6d abef ccd2 b3ef 92cb 92aa 9b0c b3cf b3ce 71a6 4000 4020 3821 3021 3882 4104 4125 4145 3945 3944 3945 4165 4165 4145 4124 4965 6a68 7aea 7b0a 93ed 942e a4af de96 ffdb fffb f7da f7ba f7db fffc ffdc f79b ffdc ff9c f6b9 ee37 fe99 feda ed95 cc50 cbee c3ad aae9 91e5 70c1 6040 6040 6881 70c2 70c2 6861 5800 5800 5800 6040 6881 6881 70c2 7903 8985 9a08 a289 aaca b2eb b2eb b30c b30c aaec aaec ab0c b32d ab2d a2ec a2cb ab0c b34d aaec 928a 9aab b36d bbaf b34e 9a8b a2cc c3f1 a30d 6947 60e6 6106 6106 60e6 58e6 58e6 6106 6126 6146 6146 6146 6126 5905 6126 6147 6126 58e5 58c5 5905 6926 6946 60e4 60c3 7145 9a8a ab2c a2ca a2ca a30b b34d ab2c ab2c b38e bbcf b36e ab2c bbaf d4b2 e512 ed51 ed71 f5b2 fdd3 fdf3 fe13 fdf2 fdd2 f5b2 fdd1 fdd1 f5d1 f5b1 fdd2 fdd2 fdd2 fdd3 fdd3 fdd3 fdb3 f592 f572 f572 f592 f551 dcae dc8e d44d bbac 9aa8 8a27 9a69 ab0b aaec 9a6a a2ab bb2e c38f cbf1 dc93 ed35 f5d7 fe58 f658 ee37 d594 bcf2 ccd2 dd13 e513 dcb2 cc70 c42f c42f c42f c3ee bbad bbcd cc2e d46f cc0e 
feb7 ee35 d531 bc0d b3ab b34b baea baca baea c2ea bb0b bb0b b34a ab6a ab6a a36a abcb bc0c cc8e e531 f5d3 fe96 fef8 ff39 ff99 ffba ffb9 f758 ef37 f6d6 edf3 e511 d48e cc0d cb8b c329 b2e8 bb08 c349 c34a c329 c349 bb49 bb29 bb49 bb49 bb49 bb4a bb6a bb4a bb4a c38a c38b bb6a bb4a bb6a bb6b c38b c38b c3ab cbcc d40d dc4e ecd0 e4cf bbcc 930a 7a8a 61e7 5187 4187 3945 30e3 2881 30e2 3923 3902 3102 3123 3965 3966 3986 41a7 41c7 4165 3903 4144 4985 4165 3966 4165 4166 4165 4185 4185 4165 4165 4965 4164 4964 4984 5184 5184 59a4 61a4 69c5 69c5 71e5 7a05 7a06 7a26 8227 8a07 9a49 9a69 9228 81c7 81c7 79c7 58e3 3000 4082 7a49 abcf b410 abef b410 bc31 b410 9b2c 6145 6144 9acb 79c7 4820 4000 3821 3862 40c3 4124 4945 4165 4145 3945 3965 4165 4165 4165 4144 51a6 7aea 8b6c 8b4c 8b8b 940d b551 ef39 fffc fffb ffdb f7da f7ba fffc fffd ffbc ff9b ff3b f6d9 f678 fe79 fe37 e554 c3ee 9a88 9226 9206 8163 70e1 6880 70a1 78c1 78c2 70a2 6020 5800 5800 6020 6040 6060 6881 70e2 8144 91e7 a269 aaca b2eb b2eb b2eb b30c aaec aaec aaec b30c b30c ab0c aaec a2cc ab0d b34d 926a 8a08 a2eb bbaf c3cf ab4d 9aac a2ed b36f 8a4b 58e5 58a5 60e6 6107 6107 6106 58e6 58e5 58e5 5905 6105 6125 5905 58e5 5905 6106 58e5 58e5 58e5 6105 6105 6105 60e4 6925 81e7 a2cb ab2c a2eb a2ca ab0c b34d ab4c ab2c b38d bbae b36d ab2c bbcf dcd2 e511 ed51 f572 fdb3 fdd3 fdf3 fdf3 fdf3 fdd2 f5d2 fdd2 fdd2 f5b1 f5b1 fdd2 fdd2 fdd2 fdd3 fdd3 fdd3 fd93 f573 f572 f552 f551 e4ef d46e d46e d46e c3ed a2ea 9228 9248 a2aa aacc a2ab 9a4a 9a6b b30d c390 cbf1 cc52 dcf3 edb6 fe58 f699 e637 d594 c4b1 c42f c3ef d470 dcd2 dcf2 cc4f bbcd bbcd cc2f cc4f bbcc b3ab c3ed 
e5f4 d572 c48e b3cc ab8b ab2a b2c9 bac9 baea c30a bb0a bb0a b34a ab4a ab6a ab6a ab8a b3cb cc2d dcaf ed72 fe55 fed7 ff18 ff99 ffb9 ff99 ff58 f737 f6d6 f614 ed51 dcaf d42d cbab c34a b329 b329 b329 bb49 bb49 bb49 bb49 bb49 c36a c38a c3ab c3ab c38b c36a bb6a bb6a bb6a bb6a bb6a bb6a bb6a c38b c38b c38b cbac cbec d40d e4d0 e4d0 b3ac 9b2b 8b0b 6208 4965 4145 3945 3903 30c2 30c1 38e2 4122 38e2 30e2 3944 3965 4186 41a7 41a7 3945 30e3 4144 4985 4165 4165 4165 4165 4165 4165 4165 4165 4185 4965 4964 4964 4984 5164 5184 5984 59a5 61a5 69c5 71e5 71e6 7206 7a06 7a07 8228 8208 79c7 79e7 8208 7a08 7a08 5965 3861 3000 5966 abcf bc71 abcf a38e b410 bc51 930c 5924 6125 92cb 71a6 3800 3000 3861 40c3 4104 4944 4965 4165 3965 3944 3965 3985 4185 4185 4985 6228 832b 8b8c 8b6c 832a a46e de56 ff7a ffdb fffb ffdb f7bb f79a ffdc fffd ffdc ef1a eeb9 feda feda f638 e554 dcd2 bbce 9248 81c6 89c5 7923 70a1 6060 5820 5820 5820 5800 5800 6020 6881 70a1 6881 6881 70c2 7923 89a6 9a28 aa8a b2cb b2eb b2eb b30c b30c aacb aaec b30c b30c aaec aaec ab0c ab0d b32d ab0d 8a08 89e8 b32c c3ef bbaf a2ec a2cc ab2d a2cc 79a8 58c5 60c5 6906 6906 6106 6106 60e6 58e5 58c5 58e5 5905 5905 5905 58e5 58e5 58e5 50a4 58c4 6105 6125 60e5 58a3 60c4 7986 926a a2ec ab2c ab0b a2eb ab0c b36d b34d ab4d ab6d b38e ab4d ab4d c410 dcf3 e511 ed51 f592 fdd3 fdd3 fdd3 fdd2 fdd2 fdd2 fdd2 fdd2 fdb2 fdb1 fdb1 fdb2 fdd2 fdd2 fdb2 fdb2 fdb2 fd92 f572 f552 f552 ed10 dc8e cc0c cc0c d44e cc0d b34b 9a88 9227 9269 a2ab a2cb 9a6a 9a6a a2cc ab0d b34d bb8e c410 d4d3 edb6 f637 f658 f637 e595 d4d2 c430 c3ef cc50 d490 c44f bbce b3ad c40e cc4f c40e bbcc c3ed 
cd51 c4cf b42c ab8a a34a ab09 b2c9 bac9 bae9 bae9 baea baea ab29 ab29 ab4a ab4a ab6a b38a c3cc d44e e4f0 f5d4 fe76 fef8 ff79 ff99 ff99 ff58 ff58 ff17 f655 e551 d4af cc0d cbcb c36a b349 b329 b349 bb49 bb49 bb29 bb49 c36a c3aa cbcb d40c d40c cbec cbcc cbab c38b bb6a bb4a bb4a bb6a bb6a bb6a c36a c36a c38b cbac cbcc dc8f e4cf b3ab a36b 9b6c 6a48 4965 3924 3104 4124 4984 4943 4102 40e1 30c1 3102 3944 3944 3945 3986 41a7 4166 3924 4144 4165 4165 4165 4165 4165 4165 4165 4165 4165 4165 4165 4164 4164 4964 4964 4984 5184 59a5 59a5 61a5 61c5 69c5 69e6 69e6 71e6 7a27 71c6 69a6 71e7 7207 69c7 69e7 69c7 5125 2800 38a2 8b0c ac10 abef a3ae abf0 a38e 826a 7a28 9b0c ab8e 6986 3800 3820 40a2 40e4 4925 4945 4965 4165 4165 3965 3965 41a6 41a6 4185 5207 72ca 7b2b 834c 834b 836b bd52 ff9b ffdc f79a f7ba fffb ffdb f79a ffdb fffc ffbc e698 e637 feda feba edd6 cc92 c430 bb8e 9248 89e6 89e6 8144 70c1 5840 5020 5020 5820 6041 70a2 7903 8144 8124 78e3 70e2 7924 89a5 9a28 aaaa b2cb b2eb b2cb b2eb b30c b30c aacb aaec ab0c ab0c aaec a2cb ab0d b34d b32d a2ab 89e8 9249 bb8e c3cf ab2d 926a a2cc ab2d 924a 7146 60c5 6106 6906 58e5 6106 6106 6106 58e5 58c5 58e5 5905 6105 6105 58e5 58e5 58c5 50a4 58c4 6105 6125 58c4 5083 6104 8208 a2eb ab2c ab0c ab0c a2eb ab0c b34d b34d ab4c b36d b36d ab4d b38e cc71 e533 e511 ed31 f5b3 fdf3 fdf3 fdd2 fdb2 fdb2 fdd2 fdd2 fdd2 fdb2 fdb1 fdb1 fdb1 fdd2 fdd2 fdd2 fdb2 fd92 fd92 f571 f551 f531 ecef dc6d cbeb c3ab cc0c d42d c3ac aac9 9268 9a48 9a69 9a69 a28b aaab a28b 9a6a a2ab b30d bbae c410 cc71 dd14 edf6 fe99 fe79 fe17 ed55 cc71 bbce b36d bbce c40f bc0e bbcd bbed cc4f cc6f c3ed 
c4ef bc8e abec a34a a329 ab09 b2c9 bac9 baea baea bac9 bae9 ab09 ab29 ab2a ab4a ab4a ab6a bb8b c3ec d48f e552 f614 feb7 ff38 ff79 ff79 ff58 ff78 ff18 f655 e551 d48e c3ec c3ab c38b bb6a bb49 bb49 bb4a c34a c34a c36a c38b cbec d42d dc4d dc4d dc2d d42d d40d cbab c36a c36a bb6a bb6a bb4a bb6a bb6a c36b c3ab c3ab c3ab dc4e dc8f bbac a36c 936c 7289 51a6 3104 28c3 49a6 72ca 7aa9 59a5 38a0 3080 3902 3944 3124 28e3 3124 41a7 49c7 4985 4144 4144 4165 4165 4165 4165 4165 4165 4165 4165 4185 4165 4164 4164 4964 4964 4964 5164 5184 5984 5984 61a5 61c5 69a5 69c5 71a5 71e7 71a6 6986 71c6 69c7 6165 6165 69e7 69e7 3882 2820 61c7 9b8e ac10 abcf b410 a38e 7a08 92aa b3cf ab8e 8228 6904 6124 5124 4104 4925 4965 4965 4165 4165 4165 4185 41a6 49c6 49c6 6268 7b2b 834c 834c 8b8c 93ed cdd5 fffd fffc f79a f7ba fffb fffc ffbb ffdc ffdc f75b de77 e637 feba f679 dd54 bc0f bbce ab4c 81e6 7984 81c5 89a5 8985 8985 89a5 89a5 89a6 9a08 aa8a b2aa 91e7 8964 8164 8164 89a6 9a27 aa89 b2cb b2eb b2eb b2cb b2eb bb0c b30c a2ab aaec b32d ab0c a2cb a2cb ab2d bb6e b32d 9a8a 9229 9aaa bb8e bb8e a2cb 9249 ab0d ab2d 81e9 60e5 60e5 6906 60e6 58a5 60e6 6106 6106 6106 58e5 5905 6126 6126 6125 58e5 58c5 50a4 50a4 58c5 6105 60e5 58a4 58c4 7186 928a ab2c ab2c ab0c ab0c ab0c ab2c b34d b36d b34d ab4d ab2c ab4c bbaf d4b2 ed54 e511 ed51 fdd3 fdf4 fdf3 fdd3 f5b2 fdb2 fdd2 fdf2 fdd2 fdb2 fdb1 fdd1 fdd2 fdd2 fdd2 fdb2 fdb2 fd92 f571 f551 ed31 ed10 ecef e46d cbcb c38a c3cb cc0d c3cd b34b aaca a2a9 9a69 9229 a28b aaac 9a4a 9a2a a28b ab0d b36e ab8d ab8d b3ef d513 f657 fe78 fe17 fe58 f5d6 d491 ab6d ab6c c42f cc70 c42f bbcd bbcd bbed c3ed 
ccef bc6e abcb a349 9b08 ab09 b2e9 bae9 c30a c2ea c2c9 bae9 ab09 ab29 ab29 ab4a b34a b34a bb4b c3ac cc2e dcd0 ed72 f635 fed7 ff38 ff79 ff58 ff58 ff18 fe55 e531 cc6e c3ed c3cc c3ab bb8a bb69 b369 bb6a c38a c38a c38b cbcc d40d dc4d dc6e dc6e dc4e dc4e dc4e d40d cbcc c3ab c38b bb6a bb6a bb6a bb6a c38b c3ab c3ab c3ab cc0d d44e bbcd a36c 932c 7aaa 59c7 3904 2061 6227 ac70 bcb1 7aa8 3880 3060 4123 4144 3104 28a2 28c4 4186 51e7 49a6 4144 3924 4165 4166 4165 4165 4165 4165 4165 4165 4185 4165 4165 4165 4164 4944 4964 4964 5164 5184 5184 5985 5985 6185 6185 6185 69c6 69c7 61a6 61a6 5986 5145 4904 61a7 7249 5165 2841 38c3 7aab ac30 abf0 b451 9b2d 6166 92cb d4b3 cc92 b38e 8a49 6965 5104 4925 4945 4965 4165 4165 4165 3985 41a6 49c6 49e6 51e7 5a68 72eb 834c 8bad 93ee 9c0e c594 ff7b fffc fffc ffdb f7ba ffbb ffdc ffdc ff7b eeb9 e658 f699 fe9a e5d7 ccb2 bbef b3ae ab2b 8a07 7985 8185 8985 99e7 a248 b2a9 b2a9 aa89 a249 9a28 9a08 91a6 8985 8985 91c6 9a07 a269 b2ca b2eb b2eb b2eb b2cb b2eb bb2c b30c aaab aaeb b32d b30c a2ab a2ab b32d bb8e ab2d 9a6a 9a4a a2ec b34d ab0c 9aab 9a8b b34e ab0d 7146 5883 58a4 58a4 60c5 60e5 6106 6926 6926 6106 60e6 5905 6125 6125 6125 5905 58c4 50c4 58e5 6105 58e4 50a3 58a4 7146 8a09 a2cb ab2d ab0c ab0c ab0c ab0c ab2c b34d b36d b36d ab4d ab2c b36d c410 dcf3 ed55 ed32 ed52 fdd4 fdf4 fdf4 fdb3 f5b2 fdb2 fdd2 fdf2 fdd2 fdb1 fdb1 fdb1 fdd2 fdd3 fdd2 fdb2 fd91 f591 f571 f551 ed30 ed10 eccf e44d cbca c369 bb6a c3ab c3ac bb8c b34b b30b a2ca 9a8a 9a49 9229 9229 9a4a a2ab aaec ab2c ab2c a32c ab8d c470 dd13 ed75 f5b6 fe38 fe79 f5d6 d4b2 bbef bbae c40f cc50 c40e b38c b36b bbed 
c52f b48d a3ca 9b49 9b28 ab08 b2e9 c2e9 c2e9 c2e9 c2e9 bae9 b309 b309 b329 b34a b329 b34a bb4a c36b cbcc d44e e4f1 ed93 f655 f6f7 ff38 ff38 ff59 ff18 fe35 e551 cc6e c42c c40c c3eb bbcb b3aa b38a bb8a bb8a c36a c38b cbcb d40d dc2e dc4e dc4e d44d dc6d dc6e dc6e d42d cbec cbcb c38b bb49 bb6a c38a c3ab c3ab c3ab c3ac cbec cc2c bc0c 9b6b 82ea 7aa9 6208 38e3 2861 7288 ddb4 f656 abed 5102 3860 38c2 38e2 30e2 20a1 20e3 3965 49c6 49a6 4985 4145 4144 4145 4145 4165 4145 4145 4165 4165 3964 3984 4185 4165 4164 4164 4165 4965 4965 4965 4965 5185 5185 5986 5986 5986 51a5 51c6 51c6 51a5 5185 51a6 4144 4985 5a08 51c7 38e4 2882 51a7 8b0d a3f0 bc92 8b0c 5125 8acb dd14 e555 bc10 8229 58e4 48c3 5165 4965 4165 4185 4165 4186 4185 3985 39a5 41e6 4a06 5227 6268 72eb 8b8d 8bad 8bcd a4b0 d657 f79b fffd fffd f77a ef59 ffdb ffdc ef19 de16 ee99 fefb f659 d514 bc11 b3cf b36e ab2c a2aa 9228 89c6 8184 89c5 9a47 a289 a269 9a08 8966 70c3 6882 8145 89a6 91c6 9a07 a269 b2ca b2eb aaea aaca aaca aaeb b30c b32c b30c aacb aaeb b30c b30c a2cb a2ab b30d bb6e aaec 9249 9a8a ab0c ab0c a2eb aaec b32d bb6e 926a 58a3 5042 58a4 5884 60e5 7167 7147 6946 6126 6105 58e5 5905 6106 6125 6125 58e4 50a4 58c4 6105 6105 58a4 5083 60e5 79e8 9acb ab2c ab4c a30b ab0c ab4c b34c ab2c ab4c b36d b36d ab4c a32c b38e cc51 dd13 e553 ed52 f572 fdd4 fdf4 fdf4 fdb3 f592 fdb2 fdd2 fdd3 fdd2 fdb2 fdb2 fdd2 fdd1 fdd1 fdd1 fdb1 f591 f571 f571 f550 ecef e4ce e46d dc0b d3aa cb69 c349 bb49 b36a b38a bbcc bbcd c3ee bbad a2aa 8a08 9229 9a6a 9a8a a28a a2ab aaec b34d bbae bbce bbce cc91 e554 ed76 fdf8 fe79 fe38 dcf3 b3ad ab4c b3ae c3ee bbad b38c bbcd 
d550 b46d a38a 9b29 a308 ab09 b2e9 bac9 c2ea c2ea c2e9 bae9 b309 b329 b329 b32a b34a b34a bb4a c34b c38c cbed d46f dd31 e614 f6d6 ff38 ff38 ff58 fef7 f634 e531 d48e cc4e d44d cc2c c40c bbaa b36a bb8a bb6a bb4a bb6a c38b cbcc d40d d42d d42d d42d dc6e e48e e48e dc6e d42d cbec c3ab c38a c38a c3ab c3cb c3cc c3ac c3ab c3cc cc0d c42e 9b6b 7a89 7289 59e7 30a3 30a2 8b2b f677 fef8 c511 7a46 48e1 30a0 28a1 30e2 3103 2904 3125 3944 3944 4985 4985 4145 4145 4165 4165 4165 4165 4165 4165 4165 4165 4165 4165 4164 4144 4144 4144 4964 4964 4965 5165 5165 5165 5165 5185 5165 5185 4985 4944 5186 59e7 4965 3904 4965 51c7 4986 38c3 2841 4904 8b0c bc72 a3af 71e8 8249 b3cf bc10 8a6a 58c3 58e4 5145 5186 4965 4965 4185 4185 4185 3985 3985 3985 41c6 49e6 49c6 49c6 5a27 6aa9 730a 836b 93ed b511 e6f8 fffc fffc f7ba f79a ffdc ffbc e6b8 d5d5 f699 ff3b ee18 bc92 b3cf b3cf ab6d ab2c b34d ab0b a269 9207 91e6 91e6 91e7 91e7 89a6 8966 8145 8145 8986 91e7 9a28 aa89 b2ca b2eb b30b aacb aaca aaca aaeb b30c b30c b30c aacb aaec b30d ab0c aacb a2cb ab0d b34e aacc 9229 a2cb b34d ab0c aaec b32d b34d aaec 79a7 5042 5063 6926 7146 7988 81e9 79a9 7167 6926 6105 58e5 58e5 58e5 58e5 58e4 58c5 50a4 50c4 6105 60e5 58a4 58a3 7166 928b ab4d b36d ab2c ab2c ab2c ab2c ab4c ab4c b34c b38d b38d ab4c ab4c bbce d4b2 e554 ed54 ed52 f593 fdd4 fdf4 fdf4 fdd3 fdb2 fdb3 fdd2 fdd3 fdd2 fdb1 fdb1 fdd1 fdf2 fdf2 fdd1 fd91 f570 f551 f550 ed2f ed0f e4ae d40b d3aa d3ca cbaa c349 b308 b329 bb8b cc0d dc70 dcd1 e4d2 cbcf aacb a2aa 9a69 9209 9229 926a a2cb ab2c b36d b38d ab6d c430 dd13 d4d3 dcf3 f5f7 fe79 fe17 d4d2 b38d a32b ab6c bbcd bbed b38c 
d550 bc6d a3aa a349 9b29 a308 b2c9 bac9 bae9 c309 c309 bae9 b329 b32a b32a b329 b32a bb4a bb2a bb2a bb4b c3ac cc2e dcf0 e5d3 f696 fef8 ff38 ff38 fed7 f614 e531 d4af d48e dc8e d48e cc4c c40b bbeb bbaa bb6a b349 b329 b34a bb8b c3cc cbec d40d d42d dc6e e4af e4af e48e dc6e d42d cbec c3ab c38b c3ab c3cb c3cc c3cb c3ab c3cc cc0d cc4e 9b4b 7228 7248 5186 30a2 4945 a3ee f677 feb8 e5b3 abec 61c4 3080 2860 30e2 3924 3124 2904 28e3 3103 4165 49a6 4144 4145 4145 4145 4145 4145 4165 4165 4165 4165 4165 4165 4165 4165 4144 4165 4165 4945 4965 4965 4965 4965 4965 4965 4965 4964 4944 4144 5186 5a07 4986 3904 38e3 4986 51c7 4145 30a3 30a3 51a6 82ec 936e 7a8a 6186 61a7 7a29 6145 4862 5104 5165 4965 4965 4165 4165 4185 4185 3985 3985 3985 41a6 41a6 49a6 41a6 41a5 49c5 5a27 730a 8bac a46f d615 f75a ffdb fffc ffdb ff7b ff3a ee78 d5d6 f699 fefb e5b6 bc31 ab8e b3af b36e ab0c ab0c aaeb aaca a289 a269 9a08 89a6 8986 8166 89a7 9a09 a249 9a28 9a49 aaaa b2eb bb2c bb2c b30c b2eb aaaa aaca aaeb aaeb b30b aaec aaec b30c b30c aaec aacc aaec b30c b32d a2cb 9249 aaec bb6e b32d ab0c b32d ab0c 9249 7125 5883 6905 8a09 924a 924a 8a0a 79c8 7167 6906 60e5 58c5 58c4 58c4 58c4 50c4 58a4 58c4 58c4 6105 60e4 60e4 6925 8209 a2ec b36e ab4d ab2c ab2c ab2d ab4c b34d b36c ab4c b36d b38d ab6c ab6c c42f dd13 e554 ed53 f573 fdb3 fdd3 fdd4 fdd4 fdd3 fdb3 fdd3 fdd3 fdd3 fdd2 fdb2 fdb1 fdd2 fdf2 fdd2 fdd2 fd91 f550 f550 f530 ed0f ed0f dcad cbca cb69 d3ca cbca bb69 b329 b36a c3ec d48f e532 f594 f5b5 ed54 d471 b36d 9a69 89e8 8a08 9a69 a2aa a2cb a2eb ab2c b38e bbcf bbef cc71 dcd3 ed75 fe17 fe79 fe38 dd13 bbce a32b ab4b b38c b34c 
cd2f c4ad b40b a369 9b28 a308 aac8 b2c8 bae9 bae9 c2e9 bae9 b309 b309 b309 bb09 b32a bb0a bb0a c30a bb2b c38c cc0d dcd0 e5b3 f675 fed7 ff18 ff18 fe96 edd3 dcf0 d4ae d4af e4cf dcef d4ce ccae ccae c42d bbcb b36a ab29 ab29 b36a bb8b c3cc cbec d40d dc4e e48e e48f e48f e48e dc6e d42d cbec c3ab c3ab c3ab c3cb c3cb c3cb c3cc cc0d c42e 9b4b 7228 6a07 4924 38c2 7289 ccf2 fe57 fe56 f615 e572 8ae8 40e1 2860 30a1 3103 3104 28e3 28c3 30e3 3924 4165 4144 4144 4144 4144 4144 4145 4165 4165 4165 4165 4165 4165 4165 4165 4165 4165 4165 4165 4165 4165 4165 4165 4165 4165 4985 4165 4144 4144 4985 51c6 49c6 3945 30e4 4165 49a7 4186 51e8 4966 30a3 4125 6249 6a49 4924 3061 40e3 5145 5125 4904 4124 4985 4165 4164 4165 4185 4185 3985 3965 3985 3985 4185 49c6 49c6 4185 3944 49c5 6ac9 7b6b 940e bd52 e697 ff5a ff9b ff7b f6d9 f698 f658 ee17 fe79 fe79 e576 bc31 ab6e ab6e b34e ab0c 9a8a a2aa aacb aaeb b2eb a28a 9a28 91c7 91c7 99e9 a26a aaab a28a aaaa b2eb bb2c bb4c bb2c b30c b2eb b2eb aaeb aaeb aaeb aaeb aaec b30c b30c b2ec aaec aaec ab0c ab0c aaec 9a8a 9249 aaec bb6d b34d ab0c aaeb a2ab 81c7 6905 7146 81e8 9a8b 9a8b 926b 8a09 7987 6926 60e5 60e5 60e5 60e5 58c4 58a4 50a4 58c4 58c4 58e4 58c3 58c4 6925 81e8 9aab ab2d ab4d ab2c ab0c ab2c ab2c ab2c b34d b36d ab4c b36d b36d ab6c b38d c450 e554 e554 e532 f5b3 fdd3 fdb3 fdd3 fdd3 fdb3 fdd3 fdd3 fdd3 fdd3 fdb2 fdb2 fdb2 fdb2 fdf2 fdf3 fdd2 fd91 f550 f550 f52f ed0f e4ee dc8d d3ea cb89 d3ca cbaa bb69 bb69 c3eb d4af e551 edb3 f5d4 fdf5 fe16 f595 cc70 a30b 9269 9249 9a69 9a69 9249 9a69 a2cb bb8e ab2c 9aeb c410 dcf3 e534 ed75 f618 feba fe99 e575 bbef 9aea 9aea ab2b 
cd2f cd2f bc6d a389 9b28 a308 aac8 b2c8 bac8 bac8 bac8 bae8 b2e8 aae8 b2e9 b309 bb09 b2e9 bac9 bac9 bb0a c36b cbed dcb0 e5b3 ee55 fed7 ff38 ff18 f675 e592 d4cf cc8e d4af e4f0 e530 e530 e571 e551 dccf cc2d bbab b34a b329 b34a bb8a c3ab c3cb cbec cc0d d42d dc6e e48e e48f e48e dc4d d40c c3ab c3ab c3ab c3cb c3cb c3cb c3cb c3ec bbed 9b4b 7a48 69e7 40e3 4103 9bee ee36 fe97 f635 fe97 fe76 abec 5183 38a1 2881 30c2 28c3 28e3 30e3 30e3 30c2 38e3 4145 4945 4144 4144 4144 4144 4164 4165 4165 4165 4165 4165 4165 4165 4165 4165 4165 4165 4165 4165 4165 4165 4165 4165 4986 4985 4165 4185 4165 3924 49a6 49a6 3945 4166 49a7 4186 4166 4146 4125 4105 4145 5186 5986 4904 3061 5104 61a6 40e3 4104 4165 3944 3944 3964 4185 4185 3985 3965 3965 3985 41a5 41a5 41a5 41a5 4185 49a5 5a47 62a8 7b2a a48f cdd4 e6b7 e697 e657 ee57 e637 f678 feba fe79 edd7 dd35 c451 ab6e a32d ab0d ab2d aaec aaeb aaeb aaeb aacb aaaa aaaa aaaa aaab b2ab b2cc b2cb aaaa aaaa b30b bb2c bb2c b30c b2eb b30c b30c b30c b2ec aacb aacb aaec b32c b30d aaec aaec ab0c b32d aaec a2ab 9a6a 9a6a a2ab b30c b34d b30c a2cb a28a 81a7 7966 9249 9aab 926a 8a09 81e9 79a8 7146 60e5 60c4 6105 6926 6926 6105 58c4 58a4 50a4 6105 6925 50a3 5083 6966 928a ab2d ab4d a2ec a2eb a2ec ab2c ab2c ab4c b36d b38d ab2c ab4c b38d ab8c b38d c450 ed95 ed74 dcf2 f5b4 fdd4 fdb3 fdb3 fdb3 fdd3 fdf3 fdf3 fdf3 fdd2 fdb2 fdb2 fdb1 fdb1 fdf3 fdf2 fdd2 f591 f550 ed2f ed2f ed0f e4ee dc8d d40b d3aa d3aa c369 bb48 c3aa d48e f572 fdf4 fdf4 f5b4 f5b4 f5b4 f594 e4f2 cc0f b36d a2ca 9a69 9228 9228 9249 9a8a a2eb a2eb a30c ab8e c431 d4b2 dd13 e555 f5f7 fe59 fe38 e534 bbce a30b ab2b 
cd30 e5b2 d550 b40b a389 ab49 aae8 b2c8 b2c8 bac8 bac8 b2c8 aae8 aae9 ab09 b309 b309 bb0a bb0a bae9 bb0a bb4b cbcd dc8f e5b3 f655 feb7 fef8 fef7 f655 dd31 cc6e c40d d46e e510 ed51 ed91 edb2 edb2 e551 dcaf cc2d bbab b36a b36a bb6a bb8b c3ab c3ab cbcc cbec d42d dc6e e48e e48e dc6e d40d cbcb c38a bb8a bb8a c3aa bbaa c3cb c3ec b3cc 9b2a 7227 5985 4904 6208 c4d3 fe99 fe98 f635 feb7 fed8 ac0d 5984 38c2 30a1 2882 28a2 28e3 3103 30c2 30c2 38e3 4124 4124 4124 4124 4144 4144 4144 4165 4185 4185 4185 4185 4185 4165 4165 4165 4165 4165 4145 4145 4145 4145 4145 4145 4985 4985 4165 4985 4145 3904 4186 49a6 4166 4166 4186 4166 3925 4145 51a7 4966 3904 4125 51a7 51a6 38c3 4925 5986 4104 4124 4144 4144 3944 3944 4165 4185 4165 3985 3965 3965 4185 41a5 4185 4185 49c6 49e6 49a5 49e5 6ae9 9c4f bd32 c573 d5d4 e637 f698 ee58 f638 fe79 f638 edd7 dd35 c452 ab4e a2ec ab0d b34d b32d b30c b30b aacb aaca aacb b30c bb0c bb2d bb2d bb0d b2ec aacb aaca b2eb b30b b2eb b2eb b2cb b30c b30c b30c b2ec aaec aacb aaec b30c aaec aaec aaec ab0c ab0c aaec a2ab a2ab a2ab a2ab aaeb b30c ab0c a2ab 9a8a 9229 9229 a2ab 9aab 8a09 7987 7146 7125 60e4 5883 58a3 60c4 6905 6926 6105 58e5 58c4 58c4 58e4 58c3 58c3 6945 8a29 a30c ab2d ab0c a2ec a2eb ab0c ab2c ab2c ab4c ab4c b34c b36d b36c ab4c ab4c c40f dd12 ed74 e553 e553 fdd4 fdf4 fdb3 fdb3 fdd4 fdf4 fdb3 fdb3 fdb2 fdb2 fdb2 fdb3 fdd2 fdd3 fdd3 fdd3 fdb2 f571 f550 ed30 ed2f ed0f e4ce dc6d d40b d3eb cbaa c369 bb89 cc4c e530 f5d3 fe14 fe15 f5f4 edb4 dd11 d4f1 dd12 dcf2 cc50 b34c 9269 8a07 8a28 9269 9a89 9269 9acb ab2d a34d ab8e bc0f cc71 d492 dd14 f5d7 fe58 fe38 e554 c40f ab6c 
dd91 f654 ee13 ccef b42c abaa ab29 aae8 b2e8 b2e8 b2c8 b2c8 b2e9 b329 b32a b309 b329 bb4a c34b bb0a bae9 bb2a cbac dc6f ed93 f655 fe97 feb7 f696 edf4 d4cf bbcc b3ab cc4d e4f0 ed51 e591 e591 edb1 e571 e531 d4af c42d bbcc bb8b b36a bb6a bb6a c38b c3ac cbcc d40d dc4d dc6e e48e dc6e d42d cbcb bbaa bb8a bb8a bb8a bb8a bbcb c40c bbec 92e9 6185 4903 59a6 938d cd34 edf6 f616 f615 feb8 fe76 9b6b 4922 38c2 38c2 30a2 28a2 28e3 30e2 2881 30c2 3903 38e3 40e3 3904 4104 4124 4124 4145 4165 4186 4186 41a6 41a6 4186 3965 3965 3965 3965 3965 3945 3945 3945 3925 3925 3925 4145 4145 4165 4165 4145 4145 4165 4145 4166 4166 4166 4166 4166 4166 4166 4166 4186 4165 4165 4165 4165 4165 4165 4165 4164 4165 4165 4165 4164 4165 4165 4165 4165 4165 4165 3965 4185 4185 3944 41a5 51e7 4164 4184 72a9 9c0e a44f ac4f ddb5 feda feda fe58 edb6 ed96 f5b7 f5b7 e535 c411 ab2e a2cc ab2d b34e ab0c aaec aaeb b30b b30b b2ec b30c b30c b30d b30d b30d b30d b2ec aaeb aaeb aaeb aaeb aaec aaec aaec b30c aaec aaec aaec aaec aaec aaec aaec aaec aaec aaec aaec aacc aacc aaec aaec aaec aaeb aaeb aacb a2aa a2aa a2ab a2ab a28a 9249 89e8 8187 7145 6905 6905 6105 60e4 60c4 60e5 60e5 60e5 60e5 60e5 6105 5083 4841 6945 9269 a30c ab4d ab0c a2ec ab0c ab0c ab2c ab0c ab0c ab2c ab0c ab2c b38d b38d a32b a34b dcf2 f5f5 d4f2 e553 fe16 fdf5 fdd4 fdb3 fdd3 fdf4 fdf4 f592 f572 f593 fdb3 fdd4 fdf4 fdf4 fdf4 fdd3 fd92 f551 f530 ed30 ed10 ed0f e4ce dc6d d42c cbeb cbcb c3ca bb8a c3eb dd0f edd2 edf3 edf3 f635 f675 e5d4 ccf0 c48f d4f1 d512 cc90 bbce a30a 9268 8a27 8a48 9248 9269 9aaa 9aeb a30c ab4d ab6d b3ae c410 d4d3 f596 fdf8 fe18 fe18 ed34 cc30 
e5f3 fe95 fe75 dd50 c4ae bc0c b36a b309 bb09 bb09 bae8 b2c8 b2e8 b329 bb49 bb2a bb4a bb2a c30a baea baea c34b cbcd dcb0 edb3 f655 fe97 feb7 f675 dd92 c46e b38b b38b c40d dcaf e510 e550 e591 edb2 ed92 ed51 dcd0 cc6e c40c bbcb bb8b bb6a bb4a bb8b c38b c3ab cbcc d40d dc4e dc6e dc6e d42d cbec c3cb c3aa bbaa bbaa bbaa bbcb cc2d cc4f 92c9 50e3 4923 7aaa b471 cd33 ccf2 d4f2 edf5 fe97 e572 8aa7 40e1 38c1 38e2 30c2 28a2 30e3 28c2 2061 30c2 3903 38e3 38e3 3903 3903 4124 4124 4144 4145 4986 4986 4186 4186 3965 3945 3965 3965 3965 3965 3945 3945 3966 3966 3945 4145 4145 4945 4145 4145 4945 4945 4145 4145 4166 4166 4166 4166 4166 4166 3965 4166 4186 4166 4165 4145 4185 4165 4145 4165 4165 4165 4165 4165 4165 4165 3965 4165 4165 4165 4165 4165 3944 3124 3964 41a5 49c5 49a5 49a5 6227 834b 8b6c 93ac ddf6 fefa e5d6 d513 ccb2 ccb3 dd14 e556 dcf4 c431 ab4e a30d ab0d b32d aaec aaeb ab0b b2ec b2ec b2ec aacb b2cb b2cc b2cc b2cc b2ec b2ec b2ec b2ec aaec aaeb aaeb aaec b30c b30c aaec aaec aaec aaec aaec aaeb aaec aaec aaec aaec aaeb aaeb aaeb aaec aaec aacc aacb aaec aaec aacb a2aa 9a6a 9a49 9229 9229 8a29 8a28 81e8 81e8 8a29 924a 8a09 7987 6905 60e5 58c4 58a4 58a4 60e5 58c4 58c3 79a7 9aab ab4d ab4d a30c a2ec aaec ab0c ab0c ab0c a2ec ab0b b34d b38d b34c ab4c ab6c bbed e553 f5d5 d4d1 e574 fe37 fdb4 f593 f593 fdb3 fdf4 fdf4 fdd4 fdd4 fe14 fe14 fe14 fe14 fe14 fdd3 fd92 f531 ecf0 e4ef e4ef e50f e50f dcce d46d cc0b cbcb c3aa c3aa bb8a cc2c ed50 f5f3 f614 edf3 ee14 ee14 dd72 cd10 ccd0 c490 c46f c42f c40f bbce ab4c 9aa9 9248 8a28 9228 9269 928a 9aeb a30c a32d ab4d b3cf c451 dcd3 ed75 f5b6 fdf7 fdb6 f575 
ee74 fed5 feb5 ee13 d550 cc8e bbcb bb6a b329 b309 bb09 b2e9 b309 ab09 b32a bb6a b349 ab08 b2e8 bae9 bb4a cbac d42e e4d1 ed93 f615 fe97 fed7 f655 d510 bbec b36a ab6a bbeb cc4d d4ae d50f e591 f5f3 f5d3 e552 dcf1 d4af cc4d c40c bbab bb8b bb6a b34a bb6a bbaa c3cb cbec d42d dc4d dc6e d42c d40c cc0c cbeb c3eb c3cb c3cb c3cb c3eb bc0c 7a26 40a1 69e6 a3cf bcd3 c4f3 b450 c4b1 f636 fe36 bc2e 71e5 40c1 38e2 38c2 30c2 28a2 28e3 28c2 2861 30a1 38e3 38c2 38c3 38e3 38e3 4104 4124 4124 4145 3944 3964 4185 4185 3965 3945 3965 3965 3945 3945 4166 4166 4166 4166 4166 4186 4145 4144 4165 4165 4145 4145 4165 4166 4145 4145 4166 4166 4165 4165 4166 4166 3985 3985 3985 4185 4165 4165 4165 4165 4164 4164 4164 4165 4165 4165 4165 4165 3964 3964 3985 4185 3144 3124 49a6 49c6 4165 49a5 49a5 4964 59e6 59e6 7248 cd13 edd6 c490 b3ee b3ce bbef cc52 dcb3 dcb3 c411 b34e ab0d aaed ab0d ab0c b30c b30c aaeb aaeb aaeb aaeb aacb aacb aaac aaac a2ab aaec b30c aaec aaec aaec b2ec b30c aaeb ab0b ab0c ab0c aaeb aaeb aaec aaec aaec aaec aaec aaec aaec aaec aaec aaec a2cb a2aa aacb b30c b32c aaec a2aa 9a49 89c7 89e7 8a08 9a69 a2ab 9a8a a2ab a2ec 9aab 8a08 7186 6925 6905 60c4 58a4 5883 5042 60c4 79c7 9249 9acb ab2d b34d ab2c a2eb a2eb a30b ab0c ab0c ab0b ab2c b38d b38d ab4c a30a b3ad dd12 ed74 dd32 e552 edb4 f635 f5f3 f5d3 fdf4 fdf4 fe14 fe14 fdd4 fdf4 fe14 fdf4 f5b3 f573 f593 f573 e531 dcf0 dccf dccf e4ef e510 e510 dcae cc2c c3cb c3cb c3aa bb8a c3cb d48e ed71 edf3 f634 ee34 ee13 d591 cd10 d531 d511 bc6e b3ed bbee c42f cc50 c40f b36d a2ca 8a27 81e6 8207 8a48 92aa 9aeb a32c ab4d ab6d b3af c410 d4b3 ed35 f5b6 fe18 fe58 
fed6 fef6 ff17 fed6 ee34 d550 cc6d bbec bb8a b34a b329 ab09 ab09 a329 ab49 b36a ab4a ab29 b309 bb2a c38b cbed dc6f e4f1 ed93 f635 fe97 fe96 e5b3 bc6e ab8a ab4a b38a bbab c3eb cc2c d4ce e571 edd2 f5d3 ed92 e552 dcf0 d4af cc4d c3ec bbab b36a b34a b34a bb6a c38b c3ab cbec d42c dc4d d44d d42d d44d d44c cc4c cc2c c3eb cbeb c3cb ab29 6983 50e3 8b0b bcb2 b4b3 ac72 b451 cd13 e5d5 d512 8ae9 5122 38a1 38e2 3903 30e3 20c2 28c3 28a2 2861 3081 38c2 38c2 38c2 38c3 38e3 38e3 3904 3924 3924 3944 3944 3965 4165 3965 3965 3965 3965 4165 4165 4166 4166 4166 4186 4186 4986 4145 4144 4144 4965 4144 4145 4145 4165 4145 4145 4166 4166 4165 4165 4165 4165 3985 3985 3985 3985 3985 3985 3985 3985 3984 3964 4164 4165 4165 4165 4165 4165 4165 4165 4165 4185 3965 4185 49e7 49e7 4185 4985 4985 4103 3061 3020 48e3 a34c cc91 bbee ab8d ab4d b36d bbcf cc31 cc31 c3f1 bb6f ab0d aacc aaec ab0c b30c b30c b32c b30c aaeb aaeb aacb aacc aaac aaac aacc aaec ab0c ab0c aaec aaec aaec aaec aaec aaec ab0c ab0c aaec aaec aaec aaec aaec aaec aaec aaec aaec aaec aaeb aaeb aaeb aacb aacb b2ec b30c b2ec a28a 9a29 89e7 9207 9228 9a69 a2aa a2aa 9aaa 9a6a 81e8 6925 58a3 60c4 6905 6905 58a4 5063 5063 7146 928a a2cb a2eb ab2c ab2d ab0c a2eb a2eb a2ec ab0c ab0c b32c ab4c ab2c b36c bbad a32b bbee f5f5 e573 d4d1 f5d5 fe35 f615 fe55 fe55 fe55 fe55 fe35 fe15 fdf4 fdb4 f593 ed52 dcf1 d4d0 dcf1 e511 dcf1 dcd0 dcb0 dcb0 dcd0 e4f0 dcd0 d48e c42d bbcb bbcc bbab b38b c40d dcf0 ed92 ee14 f634 ee34 ddb3 cd31 c4d0 c4d0 ccd0 c48f c44e c40e c40e cc2f cc4f c40e b38c 9ac9 8207 81e6 8a27 9249 9aaa a30c ab4d ab4d ab4d b38e c410 d4b3 ed55 fdf7 fe18 
ff17 fef7 ff17 ff18 f6b6 e5d2 d4ef cc2d c3cc bb6b b32a b309 ab09 ab09 ab29 b34a ab4a ab2a bb2a bb4a c38b d3ed dc6f ed11 f5d4 fe76 fe96 edf4 ccf0 b3ec a349 b36a bbab bbab bb8a c3eb ccad dd30 e571 ed92 ed92 e552 e531 dcf0 d48f cc2d bbcb b36a b34a bb4a bb6a bb6a c38b cbcb cc0c d42c d44d d44d dc6d dc8e d48e d46d cc4c cc2c c3cb a308 71e5 7207 abce bc72 9bcf 936e a3ce b42f abee 92ea 69c5 40a1 3060 38c2 3903 30e3 28a2 28c2 28a2 2861 2881 30a1 30a2 38a2 30c2 38c2 38c3 38e3 3903 3904 3924 3924 3924 3944 3965 4165 4165 4165 4165 4165 4165 4165 4166 4186 4186 4166 4945 4924 4144 4945 4144 4145 4145 4145 4165 4145 4165 4165 4165 4165 3965 3965 3985 3985 3985 3985 3985 3985 3985 3985 3984 4164 4185 4165 4165 4165 4165 4145 4165 4165 4165 4165 4165 4186 41a6 41a6 4185 4165 5185 4965 2820 2800 5965 92eb b3ce b3ce b36d ab4c ab4d b36e bbaf c3d0 c3b0 b36e ab0d a2cc a2cc ab0c b32c b32c b32c b32c b30c aaec aaec aacc b2cc b2cd b30d aaec aaec aaec aaec aaec aaec aaec aaec aaec aaec aaec aaec aaec aaec aaec aaec aaec aaec aaec aaec aaec aaeb aaeb aaeb b2ec b30c b2ec b2ec aacb a28a 9a69 9a69 9a69 9a69 9a69 9a69 9249 8a28 81c7 7145 58a3 5082 58c4 60e5 60c4 58a4 60e5 79a7 926a a2ec ab0c ab0c ab2c ab2c ab0c aaeb aaec ab0c ab0c ab2c b34d b36d ab2c a32b b36c bbee d4b1 e573 dd32 e573 fe56 fe36 f5f4 fe14 fe34 fe34 fe35 fe14 fe15 fe14 f5b3 ed52 e511 e511 dcf1 d48f d48f dcd0 dcd0 dcd0 d4af d46e cc4e cc4d cc2d cc2d c42d c3ec bb8b b38b cc4d dd31 edb3 edf3 ee14 ee14 dd92 c510 c4f0 bc8f bc6e c48f ccb0 c44f c40e c40e cc2f cc4f c40e b36c 9aa9 8a27 8207 8a28 9269 9acb ab0c ab4d ab2d ab4d b38e cc31 dcf4 ed55 ed75 
fef7 fed7 ff17 ff37 fed6 ee14 e551 d4af cc2d bbab b34a b329 ab29 ab29 ab49 ab6a ab8a ab6a b34a b32a bb6b cbed e4b0 f593 fe35 feb7 fe76 d531 b42d abab ab4a bb8b bbab bb8b bb6a bbab cc6d d4ce d50f e571 ed92 e572 e551 dd10 d4af cc4e c3cc bb6a b34a bb4a bb6a bb6a c38a c3ab cbeb cbec d42c d44d dc8e dcae dcce dcae d48d d44c cc0b bb8b 9b4a 9b6c a3ce 9b8e 830d 7acc 7aaa 7a69 61c6 5964 5943 3881 3060 30c2 38e3 30c3 28a2 28c2 28a2 2881 2881 30a1 3082 30a2 30a2 30a2 30a3 38c3 38e3 38e3 3903 3903 3103 3923 4165 4165 4165 4165 4165 4165 4165 4165 4165 4165 4165 4165 4165 4144 4144 4144 4144 4145 4165 4145 4145 4145 4145 4145 4165 4165 4165 4165 4165 4165 4185 4185 4165 4165 4185 4185 4165 4165 4184 4165 4164 4165 4145 4145 4165 4165 4165 4165 4185 4165 3104 3944 49a6 4144 51a6 59e7 3061 40a2 828a a34d ab6d b38e b36d ab2c ab2c ab2d b34d b34e b34e b34e b30d aaec aacc aaec b30c b30c b32c b32c b30c b30c b2ec aacc aacd b2ed b30d aaec aaec aaec aaec aaec aaec aaec aaec aaec aaec aaec aaec aaec aaec aaec aaec aaec aaec aaec aaec aaec aaec aaec aaec b30c b30c b2ec aacb aaab a2aa a2aa aacb aacb a2aa 9a69 9228 89e7 8a08 81c7 7165 60e4 58a3 60c3 60c4 58a4 58a4 7987 a2ed b36e ab0c ab0c ab0c ab0c ab0c ab0c ab0c ab0c ab0c ab2c b32d b34d b36d ab2c a30b b36c d4b1 e533 cc90 dd11 fe36 fe77 fe35 f5f4 fdf4 fdf3 fdd3 fe14 fe34 fe35 fe35 f5b3 dd11 dcf1 ed52 f594 e532 dcf1 dcf1 d490 cc4f c40e c3ed c3ed c40d c40d c40d c3ec bbcc bb8b b38b cc6e e552 ed93 edd3 edf4 edf4 d551 c4d0 ccf0 c4af c46e c48f cc8f cc4f c42e c40e c40e c40e c3ee bbad bb6c a2ca 8a07 89e7 8a08 9248 9acb ab0c ab4d ab4d b34d bbaf cc31 d4b2 e4f4 
fed6 fed6 ff17 ff37 fef7 f695 edf3 e572 d4cf c42d b3ab ab4a a34a a349 a38a a3ab a3cb abcb ab8a ab4a bb8b cc4e ed32 fe15 fe76 fe97 edf4 c46e a3ab ab8b b36a bb8b c3ab bb4a bb49 c3ab cc4d cc8d ccae dd31 e592 dd52 dd51 dd31 d4d0 cc6e c3ec bb8b b34a b34a bb4a bb6a c36a c38b c3cb cbcb cc0c d44d dc8e e4ce e4ef dcef dcce d46d cc2c cc0c cc6f bc50 934c 82cb 7aec 728b 59c7 4904 40e3 48e3 48e3 3881 3062 30a3 30c4 28c3 20a3 28c3 30c2 30a1 3080 3081 3082 3082 30a2 30a2 30a2 30a2 30c2 30e3 30e3 30e3 30e3 3903 3944 3944 3944 3944 4144 4144 4144 4144 4144 4144 4165 4165 4164 3944 3944 4164 4164 4164 4165 4165 4145 4165 4165 4165 4145 4145 4145 4165 4165 4165 4165 4165 4165 4165 4164 4164 4165 4165 4164 4165 4165 4145 4145 4945 4945 4145 4165 4165 4185 4165 3103 3924 4985 4165 5185 5986 40a2 6165 ab6d b36e ab2c b32c b30b b30b aaeb aaec aaec b30d b30d b30d ab0d ab0c aaec aaeb ab0b b30c b30b b30c b30b aaec aaec aaec aaec aaed b30d aaed ab0c ab0c ab0c ab0c ab0c aaec aaec aaec aaec aaec ab0c ab0c aaec aaec aaec aaec aaec aaec aaec aaec aaeb aaec aaec b2ec b2ec b2cc b2cb aaab aacb aacb b30b b2eb aaca 9a89 9228 9228 9a89 9a69 8a08 7986 68e4 60a3 60c4 68e5 7146 8a2a b34e bb8f ab2c ab0b a30b a2eb a2eb ab0c ab0c ab0c ab0c ab0c b32d b34d b36d ab0c ab4c c40f dcf1 dcf2 ccb0 e573 fe56 fe76 fe35 f615 fe34 fe14 f5f3 fe34 fe35 fe35 fe56 ed93 cc8f cc8f e552 f5f5 fdf6 f5b5 e533 d490 bc0e bbcd bbcd bbee c40e bc0e b3cc ab8c bbac b38c b36c cc70 e573 edb4 edb4 edb4 e5b3 d531 ccd0 ccd0 d4d0 cc8f c44e c40d c40e cc2e d44f cc0e bbcc b36b bbcd cc0e bb6c 9a68 89e7 89c6 81e6 9248 a2cb ab0c ab2c ab2d ab6e b36e c411 dcd4 
ee54 f695 fef6 ff37 ff17 fed7 f676 f5f4 e551 d48f bbec b38b ab6a a36a a38a a3aa a3ca abcb b3ab bbcc cc2e e532 fe15 fe77 fe76 e5b3 c4cf abcc a38a ab8b bbab bb8b bb6a b309 b329 c3ab cc4d cc6d c46d d510 dd52 dd51 dd31 dd11 d4d0 cc6e c3ec bb8b b349 b34a bb6a bb6a c38b c38b c3ab c3cb cbeb d42c dc8d e4ef e50f e50f e4ef dcae d42c c3ec ccb0 ccd1 934c 728a 72cb 6a8b 59c7 4104 4924 5145 40e3 3882 30a2 30a2 28a3 28a3 28a3 28c3 30c2 30a1 3080 3080 3081 3082 3082 3082 3082 30a2 30c2 30c2 30c3 30c3 30e3 30e3 3103 3923 3923 3924 3924 3924 4144 4144 4144 4144 4144 4165 4144 3944 3944 4164 4164 4164 4144 4165 4145 4165 4165 4165 4145 4145 4145 4945 4165 4165 4165 4165 4165 4165 4164 4164 4165 4165 4164 4164 4165 4965 4945 4945 4945 4145 4145 4165 4165 4165 4145 3945 4185 49a6 5165 40c3 40a2 71e8 ab6d ab4d a2eb aaeb aaeb aaeb aaeb aaec aaec aaec aaed b30d ab0c ab0c ab0c ab0c ab0b ab0c ab0b ab0b ab0b ab0c aaeb aaec aaec aaec ab0c ab0c ab0c ab0c ab0c ab0c ab0c aaec ab0c ab0c ab0c ab0c ab0c ab0c ab0c ab0c aaec aaec aaec aaec aaec aaec aaec aaec aaec aacc aacb b2cc b2ec b2eb b2eb b2eb b2eb b2eb aaeb a2aa 9a69 a2aa ab0b aaeb 9a8a 89e7 6904 60a3 60c4 7967 8a2a a2cc ab2d ab2d ab2c ab0b a30b a30b aaeb ab0b aaec aaec ab0c ab0c ab2c ab2c ab4c a30b bbcd dcf2 cc70 c44f ed94 f5f4 f5f4 fe56 fe56 fe55 fe96 fe95 fe55 fe75 fe55 fe35 fe35 dcf1 abac b3ac cc90 e553 ed74 ed74 f5b5 f595 ed54 d4d1 c42f b3ad ab8c b38c b3cc bbcd bbcd b38c b3ad cc70 e553 edb4 edb4 e593 dd73 d511 ccd0 ccd0 d4d0 d4b0 cc4f c3ed c3ed cc0e cc2e cc0e c3cc bb8b bbac c3ed c3ad aaea 9a68 89e6 81c6 89e7 9a69 a2eb ab2c ab2d ab4d a32d b3af cc92 
d592 e634 f6b6 ff17 ff37 ff17 fed7 fe56 f5d3 dd11 cc6e bbec b3cc abab abcb a3ab abeb b42c c44d d4af ed31 fdf4 fe77 fe76 e5d3 c48f a3ab a36b a38b abab bb8b bb6a b32a b309 b34a c3ab c42c c44d c46d d4cf d531 d511 dd11 d4f0 d4af cc6e c3ec bb8b b36a bb6a bb6a c38b c38a c38b c3ab c3cb cbeb cc2c dc8d dcce e50f e50f e4ef ed0f e4ae bb8a c44e ccf2 a3ce 7aaa 6a6a 6229 51a7 5166 5166 5145 40e3 38c2 30a3 28a3 2883 28a3 28c3 28c3 30c2 30a1 30a0 3081 3082 3082 3082 3082 3082 30a2 30a2 30c2 30c2 30c3 28c2 28c2 30e2 30e3 30e3 30e3 3103 3903 3923 3924 4124 4144 4144 4144 3944 3964 3944 3944 3964 4144 4164 4145 4165 4165 4145 4145 4145 4145 4945 4945 4965 4965 4165 4165 4964 4964 4964 4964 4164 4165 4164 4164 4165 4965 4945 4945 4945 4945 4165 4165 4145 4165 4986 4165 3924 5186 4924 3862 5124 826a a32d ab4d a2eb aacb aaeb b30b b30c b30c aaec aaec aaec b30d b30c aaec aaec ab0c ab0c aaeb ab0b ab0b ab0b ab0c ab0c ab0c b2ec b2ed aaec b2ed aaec aaec ab0c ab0c ab0c ab0c ab0c ab0c aaec aaec ab0c ab0c ab0c ab0c aaec aaec aaec aaec aaec aaec aaec aaec aaec aacb aacb b2ec b30c b30c b2eb aacb aaca aaeb aaeb aaeb aaeb aaeb aaeb b30c ab0c 9a8a 79a7 60e4 60e4 7987 9a8b ab0d ab0d a2ec ab0c ab0b ab0b ab0b aaeb ab0b ab0c ab0c aaeb ab0b ab0c ab0c ab0c b34d cc50 e513 c44f c46f fe36 fe56 edd4 f5f5 fe56 fe96 fe96 fe75 fe75 fe75 f614 edd3 f5f4 ccb0 a32a 9b0a bbed cc90 d4b1 e513 ed94 fdf6 fe16 f595 e512 cc90 c40e bbed bbcd bbcd c3ee bbce bbce cc50 e512 ed94 ed94 e573 dd32 d511 ccd0 ccaf ccaf cc8f cc6f cc2e c3ed c3cd c3cd c3cd cbee cbee bbac b36b bb6c bb6c aaea 9a48 89e7 89e7 8a28 9a8a a2eb ab0d ab4d ab2d ab6e bbcf 
c4d0 d592 e634 eeb6 f6f7 fef7 fef7 feb7 fe56 edb4 dd31 d4d0 c48f c48f bc8e b46d bcae c4f0 dd31 ed93 fdf4 fe35 fe15 ed93 cccf abcb 9349 9b6a abab abab b36a b329 b309 bb2a c36a c3ab c40b c42c c44d cc8e ccf0 ccf0 ccf0 d4cf ccaf cc6e c40c bbab bb8b bb8b c38b c38b c38a c3ab c3ab c3ab cbeb cc0c d46d dcae e50e e50e dcee ed50 f50f c3cb c42e ccf2 ac0f 82ec 624a 49a8 4987 4967 4125 40e4 38c3 38e4 30c3 2883 28a3 28a4 28c4 28c3 30a2 30a1 30a0 3080 3082 3082 3082 3082 3082 30a2 30a2 30c2 30c2 30a2 30c2 30a2 28a2 28c2 30c2 30c2 30e2 30e2 3902 3903 4123 4123 4123 3923 3964 3964 3964 3964 3964 3964 3964 3964 4165 4165 4145 4145 4945 4945 4945 4945 4945 4945 4945 4945 5144 5144 4944 4944 4164 4165 4164 4164 4965 4945 4945 4945 4945 4945 4945 4945 3924 3924 4186 4145 30e3 4945 4924 5104 7a08 9b0c ab2d bb6e bb2d b2eb b2eb bb0c bb0c b2ec b2ec b2ec b30c b30d b30c ab0c aaeb aaeb aaeb a2cb a2ca a2eb aaeb ab0c b30c b30c b30d aaed b30d b30d ab0c ab0c ab0c ab0c ab0c ab0c aaec aaec aaec aaec aaec aaec ab0c ab0c b30c ab0c aaec aaec aaec aaec aaeb aaeb b30c b2cc b2cb b2ec b30c b2ec b2eb aacb aaca b2eb aaeb b30b b32b aaeb a2ca a2ea b32d b32d a2ab 8187 6905 7146 8a2a aaed ab0d aaec a2eb ab0b ab2b ab2b ab0b aaeb aaeb aaec aaeb aaec ab0c a2ec a30b c40f d4b1 cc50 ccb0 e573 fe56 fe77 f635 edd4 fe35 fe96 f634 edf3 f613 f634 e5b2 dd72 edd4 ccd0 a34b 9b2a abac bc2f cc91 d4b2 d4d2 dcf3 e534 ed75 f5d6 fdf6 f5b5 dd13 c450 b3ce c3ef cc50 cc30 cc30 d4b1 e534 ed74 e533 d4f1 d4d1 d4d0 cc8f cc2e d44f d46f d44f cbed c38c bb6b c3ac cc0d d40e c3ac b30a b32a c38c bb2b aac9 9a48 89e7 89e7 9228 9a8a a2ec ab2d ab4d ab4d a34d 
9c0b b4ef cdd2 d653 de95 eed6 fef7 fef7 fe96 fe35 f5f4 edb3 e573 e572 dd72 d571 cd91 ddf2 f634 fe75 fe35 f5b3 dcf0 c42e a3ab a3ab a3cb a3ab abab b3ac b34a b309 ab08 bb6a cbcb cbec bbeb bc0c c46d c48e c48e c48f c4af cc8f cc6e c42e c3ec bbab bb6a bb8a c3ab c38a c36a c36a c3aa cbcb cbcb cc0b d46d dcce dcef e50f e4ef e4ee e4cd dc8d ccaf c4b0 a3ce 8b4d 72ec 5a09 4146 4125 4945 4105 38a3 38c4 38c4 2883 2082 20c3 2903 28e2 28a1 30a1 38a0 3080 3081 3082 3082 3082 3082 30a2 30a2 30a2 28a2 28c2 30e2 28c2 28a1 28a1 30c2 30c2 30c1 30c2 38e2 38e2 38e2 3902 4103 4123 3983 3983 39a4 3984 3984 3964 3964 4164 4144 4145 4145 4945 4945 4945 4945 4965 4124 4944 4944 4944 4944 4944 5124 4944 4144 4144 4164 4144 4945 4945 5145 4945 4944 4144 4144 4165 3944 3945 49c7 49a6 30c3 30c3 4924 69e7 8acc a32d a2ed b30d ab0b aaeb b30b b2eb b2eb b2ec b2cc b2ec b2ec b30d b32d b32d b30c a28a a289 aaca 9aa9 9aa9 9aa9 ab0b ab0c ab0c b30d aaec a2cc aaec ab0c aaec aaec aaed ab0c ab0c a30c a30c ab0c ab0c ab0c ab0c b30c b30c aaec aaec aaec aaec aaec aaec aaec aaec aaeb aaeb b30c b30c b30c b2eb b2cb b2cb aaeb b30b b30b b30b aacb b32c b32c a2aa 9a89 ab0b ab4c 9269 7166 7146 81e9 926b 924a 926a ab0b ab2b b32c b34c ab2c a2eb 9aca a2ca ab0b ab2c ab0c aaeb ab2d d451 cc70 b38d d4d2 fe57 fe57 fe36 fe35 fe35 fe55 f654 edf2 e5d1 ee13 f634 e571 d510 e593 ccd1 ab8c a34b a36c a36d b3ae bbef bc0f c470 d4d2 e554 f5d6 fe17 fe37 f5d6 e574 dcf3 dcb2 dc72 d451 cbf0 cc30 e513 e553 d532 ccd1 dd11 dcf1 cc4f cc2e d42e cc0e cbed cbed cbad c38c c38c c3ad c3ac b36b ab4a b34a bb6c bb6c bb2b a2a9 9207 8186 8187 8a08 9a8b a30d ab2e ab4e ab2e 
a3ab b44d c4ef cd51 d5b2 e5f4 f655 fe97 feb7 fe97 fe76 fe56 f656 f635 f655 f655 ee74 f654 f634 f5f3 ed72 d4af bbcc ab4a a349 abcb b3ec abab ab8b b38b b34a b2e9 b329 c38b cbcc c3ab bbaa bbeb c42c c42d bc2d bc4e c46e c46e c46e c44d c40c c3cc c3cb c3ec cc0c cbcb c3ab c3cb c3eb c3cb c3cb c40b cc2c d48d dccf e50f e510 dcae dc8e e4f0 d4d1 b42f a3ae 9baf 8b6f 6a6b 4967 4105 4946 4125 30a3 38c4 30c3 2883 20a3 28c3 28e3 28c3 28a1 30a1 30a1 3081 3082 3082 3082 3082 3082 3082 30a2 30a2 30a2 28a2 28a2 28a2 28a2 30a2 30a2 30a2 30a2 30c2 30c2 38c2 38e2 38e2 38c2 30e2 3143 3163 3143 3143 3143 3964 3964 3964 3944 3924 3924 4145 4965 4965 4965 4945 4944 4945 4944 4944 4944 4944 4944 4964 4965 4965 4165 4145 4965 4144 4125 4124 4945 4945 4965 4165 4986 4986 4165 3904 30c2 3882 5145 828a a32d a32d a2ec a2cb aaeb ab0b b30b aaeb b2eb aacb b2cc aaec b2ec b30c b32d b32d b32c a2aa 9a49 8a08 89e7 9a69 aacb a2ab aacc aaed aaec aaed b30d aaed ab0c ab0d ab0d ab0c ab0c aaec aaec aaec aaec ab0c aaec aaec ab0c aaec aaec aaec aaec aaec aaec aaec aaec aaec aaeb b30c b32c b30c b2ec aacb aacb aaeb b30b b32c b32c aaeb a2ca b34c bb6d a28a 9228 a2aa b32d aaec 89e8 7146 7966 81c8 81c8 8a09 9a8a aaeb ab0c b32c ab0c ab0c ab0c ab0c ab0c ab0c ab2c b34d b38d cc50 cc70 bc0e e573 feb8 feb7 fe56 f635 fe55 fe75 f634 edd2 edd2 f5f3 f5f3 dd30 d4f0 ed93 d4f1 ab8b 9b09 a32b a36c a32b a34c b3ce c430 cc91 d4b2 dcf3 e534 ed95 f5d6 fe17 fe17 f595 e513 e4f3 cc51 cc50 d491 d4d1 cc91 c470 d4b1 dcf1 cc70 d46f d44f c3ed bb8c c3ac cbcd cbcd cb8c bb4a bb0a bb2a c38b c36b bb4a bb4b bb2b aaea 9a68 89c6 8186 81c7 9249 a2cb a2ed ab2d ab4e 
bb8b bbcb c40d cc4e cc8f d4d0 e532 f5b4 fe15 fe77 fe77 fe97 ee97 ee76 f676 fe95 fe74 edd2 dd30 cc8d bc0b b3aa ab89 b38a b369 b349 b349 b329 b329 b32a b32a bb2a bb4a bb4a bb6a c36a bb6a bb6b bb8b bb8b b3cc bc0d c44d c44e cc6d c44d c42c c42c c42c cc6c d48d d48d cc6c cc6d cc6c c42c bbeb b3cb b3eb c44d ccaf dd10 e552 dd11 dcf0 dcf1 c490 b40f b40f abf0 936f 726b 51a8 4126 3906 3905 30e4 30e3 28c2 28c2 2081 2081 2881 2881 28a2 30a2 30c2 30a3 2882 2882 2882 2882 2882 2882 2882 2882 2882 2882 2882 2882 30a2 30a2 30a2 30a2 3082 30a2 30a2 30c2 38c2 30a2 3082 2881 28e1 2101 20e1 20c1 20e1 3122 3964 3964 3103 28e2 30e2 3924 4165 4985 4965 4965 4164 4144 4164 4164 4164 4164 4184 4984 4965 4966 4966 4946 4146 4125 4104 3904 4125 4145 4165 4965 51a6 5185 38a2 3040 40a2 5103 71c6 9acb ab4d ab0c aaeb aaec ab0c ab0c ab0b ab0b ab0b aaeb ab0c ab0c ab0c ab0c ab0c aaec ab2d b34d 924a 68e5 6083 922a bb4f a26b 9a4b aacd aaed b30e bb4e b30d b30d bb2d b32d b30c b30c aaeb aaeb aacb aaea aaeb aaeb aaeb aaeb ab0b ab0b ab0b b2eb b2eb b2eb b2eb b2ec b2ec b2ec b2ec ab0c ab0c ab0c aaeb ab0c ab0c ab0c ab0c aaec b30c aaeb b30c b30c aaeb a28a 9a8a b30c b32d 9a6a 7945 7104 8186 89e8 89c8 91e9 9a4b a28c aaac aaec b32e bb8e b34e ab0c a30c ab4c b38d b3cd c46f dd11 e593 f655 fed7 fef7 feb6 f654 f613 f633 f613 edd2 f5b2 ed92 dd10 dccf e531 ed72 d4b0 ab4a 9267 a2e9 bbad ab4c ab2b b38d bbce bbee bbef c410 cc71 dcd2 e534 ed75 ed96 f5d6 fdf6 f5d5 ed74 dd13 cc70 bc2f b40e b40e c44f cc90 ccb0 ccb0 cc6f c3ed bb6c bb6b c36b c36b cb6b c34a c309 cb09 d32a cb4a c349 bb09 bb29 bb4a bb2a a288 89c6 8185 91e7 9a69 a28b aacb aaed 
bb8b bb8b bbab bbcc c3ed c40d d46f dcd1 e532 ed94 e5d4 e5f5 d615 d614 ddf4 e5f3 e591 dd0f c46c b3ea a389 a348 a348 b369 b369 b349 b329 b328 b308 b308 b329 b329 b309 b309 b309 bb09 bb29 b32a b329 ab2a ab6a b3cc bc0c c42d c44d c44d c42c c44c cc6c cc8d d4ce d4ce d4ce d4ae cc8d c46c c44c c42c c46d ccaf d4cf d4f0 d511 d4f0 d4f1 dd11 cc90 bc0f bc51 b3f0 932d 7a8c 620a 4967 2884 2883 30e4 28e3 28c2 28c2 20a1 2081 2060 2061 2882 28a3 30c3 30a3 2882 2882 2882 2882 2882 2862 2882 2862 2862 2882 2882 2882 3082 3082 2882 2882 2882 30a2 30a3 38c3 38c3 30a3 3082 2881 28e1 2121 2922 2901 20e1 28e1 2902 3102 30e2 28e2 28e2 3102 3943 4144 4144 4144 4143 4143 3943 3943 3963 4163 4182 4164 4145 4126 4106 4106 4126 4967 4986 4986 4966 4125 3904 30c2 2861 3082 5145 5986 5965 71e7 8269 9aca a2eb 9aca a2aa b32c b34d ab0c ab0b ab0b ab0b ab0c ab0c ab0c ab0c ab0c aaec aaec ab0c aaec 9a8b 7126 4801 7967 b34e a2cd 9a6b a2ac b32f b32e aacd aacc aacb aacb b2eb b2eb b32c bb2c b34c b32c b30b aaea aaea aaea ab0b ab0b aaeb aaeb b2eb b2eb b2eb b2ec b2ec b2ec b2ec aaec aaeb aaeb ab0c ab0c ab0c ab0c aaec ab0c aaec aaec aaec b30c b30c b30c 9a8a 9249 a2cb b34d aaeb 8a08 7985 8186 7966 8187 89a9 89a9 91c9 9a2b a28c a26b 9a6b a2cc ab2d b36d a30b 9aca ab6b cc8f edd4 fe97 fe96 fe55 f655 f655 f654 edd2 e5d1 e5b1 e571 ed72 ed51 dcf0 d4cf dcf0 e510 d48f b3ac 9aa8 8a47 9aa9 ab2b b36c ab4c ab4c ab4c ab6d b3ae bbef c431 d492 d4d3 dd14 edb5 fe17 fe37 fe37 f5f6 e574 d4f2 ccb1 c470 bc2f b40e b3ee b3ad b3ac b38c bb8c bb6b bb2a c32a cb2a cb4a d34a db2a d309 cb09 c329 b2e8 b2e8 c34a c36b bb2a a248 89c5 8185 89e7 9a4a a2ab a2ac 
bb6b b36b bb8b bbac bbcc bbed c40d c42e cc6f ccd0 d4f1 cd31 cd72 cd72 cd71 cd30 d50f ccae c44c b3eb ab89 ab49 ab49 ab69 b369 b369 b349 b329 b329 b329 b329 b309 b309 b2e9 b2e9 b2e9 b2e9 b2e9 aae9 ab0a ab4a ab8b b3cc bbec c40c c40c c42c cc4c cc4d d48d d4ad dcce dcee dcce d4ae d4ad cc8d d4ae d4ce dcf0 dd10 dd11 dd31 dd11 e532 ed73 d4f2 bc50 c492 ac10 82ed 72ac 728c 59c9 28a4 2043 30c4 28e3 28c3 28c2 28a1 2081 2081 2061 2882 28a2 30c3 30a3 2882 2882 2882 2882 2882 2882 2882 2882 2882 2882 2882 2882 2882 2882 2882 2882 3082 30a2 30a2 30c3 38c3 30a2 3082 30a2 28e2 2923 3123 3143 3143 2902 28c2 28c2 3103 3924 3103 30c2 30e3 3903 3903 3903 3903 3903 3923 3924 3923 3923 3923 3924 3904 4104 4105 4945 4966 4966 4165 4145 3904 30e4 28a2 2881 3082 59e6 a40f a3ce 6a07 71e7 8269 8a89 9aaa 9a89 9a8a b30c b34d ab0b ab0b ab0b ab0c ab0c ab0c ab0c ab0c ab0c ab0c ab0c aaec a2ab ab0d 9229 4821 5883 922a a2ac 9a8b a28c bb4f b32e a28b a2ac aaab aaab aacb aaeb b30c b32c b34c b34c b32c aaeb aaeb aaeb ab0b ab0b ab0b ab0b aaeb aaeb b2ec b2ec b2ec b2ec b2ec b2ec ab0c ab0c aaec aaec aaec aaec ab0c ab0c ab0c aaec aaeb ab0c b32c ab0c 9a6a 9208 9a8a b32c bb4d aacb 9249 81c7 7125 7946 89a8 8988 81a8 920a 924a 8a09 81c7 8a08 9aaa 9aca 8a48 8a68 b3ed e573 fe97 fed8 fe96 f614 edd2 edf2 f613 edf2 e591 dd2f dd10 dd10 dd10 dcf0 d4ae cc6d c44d cc6e c44e b3ac 8a67 71a4 9aa9 ab2b a2ca a2eb ab2c b36d b38e b3ae b3ae bbef c430 cc71 dcf3 ed54 f5b5 fdf6 fe37 fe37 fe17 f5b5 e553 d4b1 bc4f b3cd abac b38c b36b ab2b ab0a b30a bb2a c34b cb6b cb6b cb4a cb2a bb09 b2e8 b2e8 b308 bb29 bb4b c38c bb2b 9a68 81a6 8186 9229 9a8b 9a8b 
b34a b32a b34a bbac bbcc bbac c3cc c3ed cc0e cc4f d4b0 d4f1 cd31 cd51 d551 d530 d50f cccf c48d bc0c b3ab ab6a ab49 b34a b34a b34a b34a b32a b32a bb2a b32a b309 b309 b309 b309 b2e9 b2e9 b2e9 aae9 aaea ab2a ab4b b36b bbac c3cc c3ec cc0d cc2d d46d dc8d dcae e4ce e4ce e4ee e4ef dcee dcce d4ad cc8d d4ae dcf0 ed72 f5f4 fe15 f615 edf6 c4d2 abef bc92 ac31 82ed 72ac 72cc 626b 4146 28a4 28c3 28c3 28c2 28c2 28a2 2881 2081 2861 2861 2882 3083 3083 2882 2882 2882 2882 2882 2882 2882 2882 2882 2882 2882 2882 2882 2882 2881 2881 3082 3082 3082 3082 3082 3081 2861 2861 28a2 28a2 30c3 30e3 30e3 30c3 30c3 38e3 4104 4125 38e4 30a3 30a3 38c4 38c4 38c4 38e4 38e5 38e5 38e5 40e5 38e5 38e5 38e4 3904 4124 4985 51a6 49a5 4984 3102 28c1 28c1 3943 49c5 5a46 8bac d5f6 ff7c c553 61e5 6163 71e6 8247 9ac9 aaea aaeb b2eb aaeb ab0b ab0b ab0b ab0c aaeb ab0c ab0c ab0c ab0c ab0c ab0c ab0c b32d bb6e a28b 60e4 5062 6905 8a09 9a8b a2cc aaed aaed aaed b30d b30d b30d ab0c aaec a2cb a2ab a2aa a2ab a2cb aaeb ab0c ab0c ab0c ab0c ab0c ab0c ab0c ab0c ab0c aaec aaec aaec aaec aaec aaec ab0c ab0c ab0c aaec aaec ab0c aaec ab0c ab0c ab0c ab0c b30c b32c a2aa 8a08 9228 aaeb bb6e b34d a2cb 8a08 7965 7125 81a7 89e8 89e8 81c7 81e7 8a28 9269 8207 71a5 6985 7a06 abcc edd4 feb7 fed7 fed7 fe75 f613 f5f2 f5d2 f5d2 edb1 e570 dd2f dd0f d4ae cc8e cc8e cc6d bbec b38b c3ed d48f d46f ab4b 8a27 8a27 9268 9268 9aa9 ab0b b32c b34c ab2c ab0c ab2c b36e c3cf c3ef cc30 d492 e4f4 ed75 f5b6 fdf7 fdf7 f5d7 ed96 e554 dd13 e533 d4f2 bbee a30b 9ac9 ab0b bb8c c3ad bb8c bb4b bb4b c36b b34a aae9 b32a b34a b32a bb4b c3ad cbce b34b 9a69 89e7 8a08 9249 9269 
bb4a b32a b34a bb8b bbab bbab c3cc cbed cc0e cc4f d490 d4f1 d531 d572 dd71 dd51 dd30 dd10 d4cf c44d bbec b38a ab49 ab49 ab49 ab29 b329 b32a b32a b32a b329 b329 b2e9 b2e9 b309 b2e9 b2e9 b2ea aae9 aaea a30a ab2a ab4b b36b bb8b bbab c3ec cc0c cc4d d48d dc8d dcae dccd e50f ed2f ed30 dcef d4ae c44c c46d d4ef edd3 fe95 fe97 f636 e574 abce 8aeb abf0 ac31 8b2e 726c 6a6b 6a6b 51e9 3926 28c3 28a3 28c3 28c2 28c2 28a2 28a1 2881 2881 2862 2862 2862 2882 2882 2882 2882 2882 2882 2882 2882 2882 2882 2882 2882 2882 2882 2881 2881 2881 2861 2861 2861 2861 2861 2881 2882 2062 2042 2062 2062 2062 2862 30a3 30c4 38e4 38c4 30a4 3084 3084 3084 38a4 38a4 38a5 38c5 38c6 38e6 38e6 38c6 38e6 38e5 38e4 3903 4144 4144 4144 4144 3963 49a5 6267 838c acd1 cdd5 e6d9 ffdd fffe cdd5 6206 6164 79e6 8a48 9aa9 b32c bb6c aaea a2aa ab0b ab0b ab0b ab0b ab0b ab0c ab0c ab0c ab0c ab0c ab0c aaec a2cc bb6e b34e 89e9 68e5 7146 924a 9a8b 9a8b a2ed ab2d aaed a2ac a2ac aaec ab0c ab0c ab0c a2ec a2ab a2ab a2eb ab0c ab2c ab0c ab0c ab0c aaec aaec aaec ab0c ab0c ab0c ab0c aaed aaec aaec ab0c ab0c ab0b ab0c ab0c ab0c ab0c aaec ab0c aaec b30c aaeb aaeb b32c aaeb 9229 89e7 9a8a b32d b34d ab0c 9a8a 8a08 81a6 7966 7966 7986 7986 81c7 8207 79c6 6944 6143 8247 b3ed edb4 fed7 fed7 fe75 f5f3 edb2 edb2 edd2 edb1 e54f dd0e d4ee dd0f dd0f cc8e c42d cc4d cc4d c40c b38a bbcc d48f e511 dcb0 bb8c 8a07 81a6 9248 9a89 a2aa 9aaa 9aaa a2ca a2eb ab0c ab2d ab2d b36d bbae c3cf cc30 d471 dcd2 dd14 ed75 f5b6 fdf7 fe38 fe18 f5f7 ed95 e534 d4b2 c40f b38d ab4b b34b b34b bb6c bb8c bb6b b32a b32a c38a bb6b b329 b30a bb8c d40e d42f c38d a2aa 8a08 8a07 8a28 
bb6a bb4a b34a b36a b36b bb8b c3ac cbcd cc2e d46f d4b0 d4f0 d551 d571 dd71 dd71 e551 e551 dcf0 cc8e c40c b38a ab49 ab29 ab29 b329 b329 b329 b329 b329 b309 b309 bb0a baea b2ea b2ea b2e9 b2e9 ab0a ab0a ab0a ab0a ab2a ab2a b36a bb8a bbab c3eb cc2c d44d dc6d dc8e dcce e4ef ed2f ed50 e530 dcef d48d cc8e d4ef e572 f614 f615 e573 bc50 7a69 6186 8b0c ac31 9bd0 728c 5a0a 622a 5a0a 4167 28e4 28c3 28e3 28c2 28c2 28a2 28a2 28a2 2882 2882 2861 2861 2882 2882 2882 2882 2882 2882 2882 2882 2882 2882 2882 2882 2882 2882 2861 2861 2881 2881 2881 2861 2881 30a2 38c3 3903 3904 4145 4145 3904 2882 2861 30c2 30c3 3082 2841 2841 3082 38a2 38a2 38a3 38a3 40e4 4105 4105 4926 4946 4967 4967 4987 51a6 51c6 59e6 5a06 6268 72ea 838c 9c6f bd73 de57 f73a ffdd fffc ffbc ff9c cd73 82c9 7227 8268 8a88 92a9 ab2b c38d b2eb a2aa aaec b30c aaec ab0b ab0b ab0c aaeb ab0c ab0c ab0c ab0c a2cc 9a6a aaec b34e aaed 922a 89e9 a2ac a2cc 9a8b a2cd b32e ab2e 9a8c 9a6b a2ac aaec ab0d ab2d b32d b32d b32d ab2c ab0c ab0c ab0c ab0c ab0c ab0c ab0c aaec aaec aaec aaec aaec aaed aaed aaed b2ec aaec aaeb aaeb ab0c ab0c ab0c ab0c ab0c ab0c ab0c a2aa a2aa b32c b32d 9a6a 89e7 9208 a2cb ab0c b30c aacb aacb 9a49 7986 6904 6904 7165 79c6 79a6 7185 71c6 9aea ccb1 f636 feb8 feb7 fe76 f614 edb2 e571 ed91 edb1 e570 d50e cc8d cc6c cc8d d4ae c42d bbec c42d cc6e cc6e c40d c3ed d46f e4f1 ed53 dcb0 ab2a 8a48 9248 8a07 81e7 8a28 9269 9269 9a8a a2cb a2ec ab2c b34d bb8e bb8e bbae bbae bbcf c410 cc71 dcd3 e555 f5b6 fe17 f5d6 f5b6 fe38 fe38 f5b6 dcb1 c3ee b38c b36b b36c bb8c bb6c b34b bb6b c3ac bb8b b30a aac9 b32a cbed dc90 dc70 b36c 9228 79c6 81c7 
b369 bb6a b36a b349 b34a bb6a c38b cbcc cbcc d42d dc8e dccf dd10 dd30 dd51 e551 dd30 e550 dd0f d4ae c42c bbab b36a b34a ab29 b34a b34a bb2a bb2a bb2a b32a b32a ab09 ab09 b329 b309 b309 b30a b30a b32b b30b b2ea b30a b30a b32a bb6b c38b cbec cc0c d44c dc8d e4ce e4ee e4ee e50f e530 e530 e550 e550 dd30 d4ef d4cf ccd0 ccd1 b450 8b2c 51a6 4104 6a4a a432 ac94 7b0e 51e9 51e9 5a0a 49c9 3926 3105 30e4 28e3 20a1 20a1 28c2 28a2 28a2 2882 2862 2862 2862 2882 2882 2882 2882 2882 2882 2882 2882 2881 2881 2881 2881 2881 2861 2861 2841 2861 3082 30a2 38c3 4124 4965 51c6 6a67 8b6a 9bcc 8b6b 6a47 59a4 59a4 5983 4101 3880 38c0 5142 59a3 59a4 59a4 61c5 59e4 6225 6247 6a68 7289 72a9 7aca 7aea 834b 9bec a44d b4cf cd92 de55 eef8 f759 f779 f779 ef78 e717 ef38 f759 f718 d5d3 a40d 82a8 8267 92a8 9288 a2ca bb4c bb0b aac9 aaeb ab0b ab0b b30c b30c b2ec b30c aaeb aaec ab0c ab0c ab0c aacc 9a6a a2cc bbaf a30c 8209 924a a2cc 9aab 9a8b ab0d b34e ab0d a2ed a2ed aaed aaed ab0d b34e b34d ab4d ab4d ab0c a2ec ab0c ab0c ab0c a2ec a2ec ab0c ab0d aaed aaed aaed aaed ab0d ab0c ab0c ab0c ab0c aaec ab0c ab0c aaec aaec ab0c ab0c ab0c a2cb a2ab b32c ab2c 9aa9 8a07 81c7 9249 aaeb b32c b32c b30c a2cb 8a28 81a6 7165 7144 7185 79c5 8aa8 b42d e5d3 fe96 fed7 f676 ee34 f634 f654 f613 edf2 edd2 ed91 ed70 dd0f d48d cc4b c44b bc0b b3cb bbcb c42d d4af dcd0 cc8f c44e cc4e cc6f dcb0 dcd1 dcb1 bbcd 8a47 7164 7184 8a07 9a89 9248 8a07 8a07 9a69 b30c b32d b30c b30d b32d b34d bb6e b36e b3ae c410 cc51 d4b3 e4f4 ed96 fdf8 f5b7 f5d7 fe38 fe38 f5d7 dd14 bc10 ab8d a38c abed b3cd ab8b b36b b36b ab2b ab0a a30a bbac d470 dcb1 c40e a2ea 8207 79c6 
bb4a bb6a bb6a bb4a bb4a bb6a c36b cbac cbcc d40d d44d dc8e dcef dd30 dd30 dd30 e530 e530 dd10 d4af cc4d bbcb b36b b36a b36a bb6b bb6b bb4a bb2a bb2a bb2a bb2a b32a b32a b30a b30a b30a b2ea b2ea b30b b30b b2eb b30a b30a b30a bb2a c36b cbab d40c dc4d dc6d e4ae e4ee e4ce e4ee e50f e530 ed51 ed71 e530 d4cf bc4d abcb abcd a3ee 830c 51a7 38e4 5187 938f b4b4 8b70 5a4b 520a 520a 51e9 41a8 3966 3925 28c3 28a2 28a2 28a2 28a2 30a2 3082 3082 2882 2882 2882 2882 2882 2882 2882 2882 2882 2882 2882 2881 2881 2881 2881 2861 2861 2861 2881 30a2 30a2 38e3 4944 51c6 6248 8b2a bcb0 e615 e615 cd32 b46e b44d b44e ac0d 9bab a3ec bc6e b44d a3ec ac0d ac2d ac4e b46f b490 bcb1 bcf2 c513 cd34 cd54 d5d4 e635 e696 eed7 ff58 ff79 ffba ff99 ff79 f778 ef58 ef37 f758 ff79 f738 eed7 cd31 7a87 69a4 9288 92a8 a2a9 b30a b2ea b2ea b2eb aaeb aaeb b30c aaec aaec aaeb aaec aaec ab0c aaec ab0c b32d ab0c a2ec b32d a2cc 924a 924a 81e8 79c8 926a 926a 926a a30d b34e ab2e ab2e ab2e ab0d ab0d a30d a2ec a30c a30c a2ec a2ec a2ec a2ec a30c a30d a30d ab0d a2ed a2ed a2ed ab0d ab0d ab0c ab0c ab0c ab0c aaec ab0c ab0c ab0c ab0c ab0c ab0c ab0c aaeb a2cb aaec ab0c a2cb 9228 89e7 9229 a2ab ab0c ab0c ab0c ab0c ab0b ab0b 9289 79c6 7184 8a88 bc4e f615 fed7 feb7 f655 edf3 e5d2 edf3 ee13 edf2 e5b1 e590 e54f dd0e cc8c c42b c40a bbea bbcb bbec c42d cc4d d48e dcd0 dcf0 dcd0 d48f cc4e cc2e d490 e4d1 dcb1 c3cd a2ea 9247 89e6 89c6 89e7 8a07 9228 9228 9229 9a49 9a6a a28b a2ac aaec ab0d ab2d b32e b34e bbaf c3f1 cc52 d4d4 e535 e556 ed97 f5f8 fe39 fe79 f658 e5d6 cd34 bcb1 b40f b3cd b38d ab2b b32b b38c bbcd bbcd c40e d490 dcf1 dcd1 cc4f ab2b 8207 
bb6a bb6a bb8b bb8b bbab c3ab c38b cbab cbcc cbec d42d d46e d4cf d50f dd30 dd10 e530 e530 dd10 dccf cc4d c3ec bb8b bb8a bb6b bb6b bb6b bb4a bb2a bb2a bb4a bb2a b32a b32a b30a b309 b309 b309 b30a b30a b30a b30a b30a b30a b329 bb4a bb6a c3ab cbeb d42c d44d dc8e e4ce e4ef e50f e50f e50f e530 dd10 d4ef ccae b42c a38b abcd ac30 936e 6a6a 4946 38e4 6a4b 9bf2 8b70 6aac 5a4b 520a 520a 5209 49c7 4166 3104 28c3 28a2 28a2 28a2 30a2 30a2 30a3 30a2 2882 2882 2882 2882 2882 2882 2882 2882 2882 2882 2882 2882 28a2 2882 2861 2881 2881 2882 2881 2882 30c2 4144 59e7 6248 7ac9 b490 ee77 ff3a fef9 f677 f697 feb8 feb7 f676 fe96 feb7 f656 ee14 ee35 ee35 ee56 ee56 ee77 f698 f6b8 f6d9 fefa fefa ff39 ff59 ff59 ff38 f718 eef7 eef7 e6f7 ef17 ef38 f779 ff99 ffba ff9a ffba ff9a e615 82a8 6163 8a67 9aa8 9aa9 aac9 b2ea b30b b2eb b2eb b2eb aaeb aaeb aaec b30c aaec aaec ab0c aaec aaec ab0c b34e b32d a2ab a2ac ab0d a2ed 79a7 6925 8a29 7187 5883 79a7 926b 9aac ab2e b36f b34e ab0d a2cc a2ab a2cb ab0c ab2d ab0c aaec ab0c ab0c ab0c ab0d ab0d ab0d ab0d a2ed ab0d ab0c ab0c ab0c ab0c aaec aaec ab0c ab0c ab0c ab0c ab0c ab0c aaeb ab0c aaeb a2ab aacb aacb 9a69 8a08 9228 a2aa aaeb a2cb a2cb ab0c bb4d bb6d ab0b 9288 8a47 9b0a c44f dd52 e5b3 edd4 ee14 f655 f675 f654 e5d2 dd71 dd70 e591 e570 dd0e cc6c bc0a c3ea c42c cc4d d4af dcf0 dcf0 d4af dcd0 e551 ed72 ed32 dcf1 d4b0 dcb0 dcb0 e4f2 ed32 dcd1 c3ee a2aa 8a07 89e7 9228 9228 89e7 81a6 89e7 9228 9229 9a4a a28b a2cb a2cb a2ec a30c ab4d b38f bbd0 c411 cc52 d4d3 dd15 e555 e576 f5f7 fe79 feba fe99 e5d6 ccd1 c44f c40f bbad bbad cc2f dcd1 dcd1 dcd1 e4f1 ed53 f5b5 fdd5 d4b1 a30b 
bbab bbcc c3ec c3ec c3ec c3ec cbcb cbcb cbeb d3ec d42c d46d d4cd dd0e dd0f dd0f e52f e550 e52f dcee d48d cc2c bbcb bbaa bb8a bb8a bb8a bb6a bb6a bb6a bb6a bb6a bb6a bb6a bb6a b34a b36a b36a b34a b34a b34a bb4a bb6a bb6a bb6a bb8a bbaa c3ca cbeb cc2c cc4c dcad e50f e530 e571 e551 dd51 d531 d511 ccf1 c4d0 b44f 9bcd ac30 b492 93d0 72ed 51a8 2884 4147 72ed 7b2f 6acd 5a4b 520a 520a 522a 51e9 49a7 4166 3925 30e4 30a3 28a3 30a2 30a2 30a3 30a3 2882 2882 2882 2882 2882 2882 28a2 28a2 2882 2882 2882 2882 30a2 28a2 2881 2881 2882 2882 2881 2881 30a2 4124 51c6 6248 7268 934b c4d1 e5f5 f636 f656 fe76 feb6 feb6 f674 ee12 e5f2 ee73 feb4 f6b4 f6b4 f6b4 f6b5 f6d6 f6d6 f6d6 f6f7 f6f7 f6f7 ff18 ff17 f6f7 eed6 eed6 eef6 f758 f778 f7b9 f799 ef78 e737 e6f6 e6d6 f779 ffdb f6d8 a3ec 7a46 8267 9288 9a88 a2aa b30b b30c b2eb aaeb b2eb b2ec aaeb aaec aaec b30c aaec aaec ab0c aaec a2cb a2cb a2cc ab2d b36e bb8e b36e 9aab 81e8 71a7 5082 4000 4801 58a3 7166 924a ab0d b34d b34d ab0c aaec aaeb b30c b32c b30c aaec aaec aaec aaec aaec aaec aaec ab0d aaed aaed ab0c ab0c ab0c ab0c ab0c ab0c ab0c ab0c ab0c ab0c ab0c ab0c aaeb b32c aaec 9a49 9a6a aacb a2aa 9249 9208 9a49 a2aa a2aa a2ab b30c b32c a2aa 9a89 ab0b b34c a30b 8aa8 8ac8 abcc dd52 f676 ff18 ff59 fef7 ee34 e5d3 edf3 fe54 fe74 f5f3 e550 dcef dd0f e551 e551 ed93 edd3 ed93 dd52 dd72 edb3 fe15 f615 f5d4 ed93 edb4 f5b4 ed73 e532 e512 e512 dcd1 c40f a2ea 8207 79a5 8a07 9a89 9a89 9248 9248 9269 9a69 9a8a 9a8a 9a8a 9a8a 9aab a2ec ab2d b36f bbaf bbd0 c431 d4b3 dd15 ed96 edd7 f618 f618 f638 f638 edd6 dd14 d4b2 d491 dcf2 ed74 f5b5 f5b4 edb4 f5f5 fe56 feb7 f5f4 cc8f 
c40c cc2d cc4d cc2d cc4d d44d d42c dc2c d42c dc4c dc4c dc8d dcee dd0e dd0e e52f ed50 ed71 ed71 e530 dcce cc6d cc0c c3eb bbaa bb8a bb8a bbaa c3ab c3ab c38a c38b c3ab c3ab c3ab c3ab c3ab bbcb c3cb c3cc cbec cbec d40c d40c d40c d40c cc0c d42c d44c d46c d48d dcce e530 ed71 ed92 ed92 e592 e592 e5b3 e5d4 dd73 bcb0 a3ee ac71 bcf4 93b0 72ed 5a0a 2884 28a5 5a2b 7b4f 732f 5a4b 520a 520a 5209 5209 51e8 49c7 4186 3925 30e3 28a2 2882 2862 2882 2882 2882 2082 2882 2882 2082 28a2 28a2 28a2 2882 2882 2882 28a2 30c2 30a2 2881 2882 30a2 30a2 30a2 2882 30c2 4144 51c6 6a48 7ac9 82a8 82c8 9bab ccf0 ee34 feb5 feb5 f6b4 f694 ee72 e632 f6b3 fef4 fef4 fef4 f6f4 fef5 f716 f6f6 f716 f716 f717 ff17 f716 f716 f6f6 f717 f737 f758 ff98 ffb9 ffd9 ffb9 f7b9 ef78 ef58 ef38 f779 ff9a fef8 c4d0 92e9 8226 8206 9a88 aaea bb0b b30b b30b b2eb b2ec b2eb b2ec b30c b30c ab0c aaec aaec aaec ab0c ab0c a2cb a2cb b36e b36e ab0c ab2d ab4d a30c 8209 7166 6105 5062 4821 5042 5883 60e4 7166 8a08 9a8a aacc b30c b30c b30c aaec aaec aaec aaec ab0c b30c ab0c ab0c aaec aaec aaed aaec aaec ab0c ab0c ab0c ab0c ab0c ab0c ab0c ab0c ab0c ab0c ab0c b32c aacb 9208 9a49 b30c b30c 9a49 81a7 89e8 9a6a a28a aacb aaeb aaeb a289 a2a9 ab2b b36c ab4b 92c8 8287 9309 abec bcaf cd51 e634 fed7 ff17 ff17 fed6 feb6 fe95 fe75 fe54 fe13 f5f3 f5d3 edb3 f5f4 f614 f5f4 f5f4 f5f4 f614 f614 f615 f5f4 f615 fe15 fe16 fdf5 ed94 ed53 e553 e512 dcb1 c3ee ab0b 9a89 9a89 9aa9 9228 81c6 81e7 8a08 9228 9a4a 9a6a 9a6a 9a6a 9a8b a2cc aaed ab0d ab2e ab4e b3af bc11 cc72 d4f4 dd55 e596 e5d7 ee18 f659 fe38 f5f7 f5b6 e534 d4d2 d4d2 e553 f5b5 f5f5 f5d4 f5d4 f5f4 f5f4 f5f4 
d4af dccf dccf d4af d4af dccf e4af eccf eccf eccf ecef ed0f ed4f e570 ed70 ed91 edb1 f5d2 f5d2 f5b1 ed50 e50f dcce dc8e d46d d42d d42c d44d d44d d44d dc4d dc6e dc6e dc8e dc8e dc8e dc8e dc8e dc8e e4af e4cf e4cf ecef ecf0 ecef ecef e4ef e4ef e50f e50f e52f ed50 f5b2 f5b2 edb3 f5d3 edf4 f636 fe77 fe57 e5d5 bc90 8b2b 9bce b493 93b0 72ed 5a2a 3906 30e6 520a 72ee 730e 628c 522b 51ea 49c9 51e9 5209 51e9 49c7 4186 4125 30c4 30a3 3082 2882 2882 2882 2082 2882 2882 2882 28a2 2882 2882 2882 2882 2882 2882 28a2 2882 2882 28a2 30a2 30a2 30a2 30a2 30c2 4144 59e7 7289 8b2b 7a89 59a5 6a26 9bac cd52 ee55 feb7 ff37 ff58 ff57 ff36 ff36 ff36 ff36 ff57 ff77 ff78 ff99 ff99 ff99 ff99 ff99 ff79 ff58 ff58 ff79 ffb9 ffda ffd9 ffb9 f7b9 f799 ffba fffa fffb fffb fffb ff9a ff59 ff19 e615 abcd 71c5 79c5 9288 aaea b2eb aacb aaeb b2eb b2ec aaeb aacb aaeb aaec aaec ab0c ab0c aaec ab2d b34d ab0d a2ec ab2d a2ec 9a8a 9acb ab4d b36e a2ec a2ec a2cc 8a09 7146 60c3 5021 4800 5842 7125 9229 aacb b30c b2ec aacb b2ec b30c b2ec aaec aaec aaec aaec aaec ab0d ab0d aaed aaec aaec ab0c ab0c ab0c ab0c ab0b ab0c ab0c ab0c ab0c ab0c ab0c b32c aacb 89e7 9228 ab0c b32c a28a 81a7 81a7 9208 9a8a ab0b aaeb aaaa b2eb b32b ab0b ab0b ab4c b38c ab8c 9b2a 8ae9 8ae8 9b6a b46d d592 ee55 fed6 fed6 fe95 fe75 fe75 fe55 fe34 f5d2 f5d3 f5f3 f5d3 edb3 edf4 f615 fe35 f635 edf4 edd4 edd4 f615 fe56 fe57 fe57 fe56 f5d5 e532 d4b0 d490 d4b1 d491 cc50 bbad a2ea 9248 89e7 81e7 89e7 8a07 9229 9a6a 9a6a 9a8a 9a8b 9aab a2cc 9acc a2cc ab2d b38f b3af b3cf b410 c472 d534 e596 e5d6 e5b6 f5f7 fe38 fe18 ed95 d4d2 cc70 cc90 dd12 e553 e532 dcf1 d4d0 e552 fe15 
e592 e5b2 edb2 e591 dd50 e550 f591 fdb2 fdb2 fdb2 fdd2 fdf2 f5f1 f5f1 f612 fe32 fe32 fe33 fe53 fe33 fe12 fdd1 fdb1 f591 f570 f571 f570 f550 f550 f570 f591 f591 fdd2 fdf2 fdf3 fdf3 fdf3 fdd2 fdd2 f5b2 fdb1 fdd1 fdd1 fdd1 fdd1 fdd1 fdd1 f5d1 f5d1 f5d2 f5f2 f613 fe54 fe35 ee15 ee36 f657 feb9 f699 d5b6 c514 93cf 5a08 626a 93f2 9c53 7b4f 520a 49a8 49c9 41a8 41a8 5a6b 732e 628c 49e9 51c9 49c9 51c9 51c9 51e9 51c8 49a7 4986 4166 4125 3904 38e4 30c3 28c3 28c3 28a3 28a3 28a3 2883 2883 2882 2862 2062 2862 2882 2882 2882 2882 30a3 30a2 2882 2862 2882 4104 59e7 6a6a 726b 6a2b 61e9 61e9 6a4a 8b2d b471 ddf6 ff1a ff7b ff3a f6d7 f6d7 ff18 ff38 ff79 ff99 ffb9 ffda ffda ffda ffba ff99 ff59 ff59 ff59 ff79 ff9a ff9a ff99 ff99 f799 ffb9 ffda fffa fffb fffc fffc f77a f75a ff9b ffbc d573 7a47 71e7 9269 9a8a a2aa a2aa aacb aacb aaeb aaec aacb a2ab aacb aaec b32d b32d b32d ab0c ab0c ab0c ab0c ab0c a2ec a2ec a2ec ab2c ab2d a32c ab0c ab2c b32d aaec a28a 9228 9208 9a28 a269 b2cb bb0b bb0b b2eb b2cb bb0b c32c bb2c bb0b b2cb aa8a aaaa b2eb bb0d bb2d b32d aaec aaec ab0c ab0c ab0c ab0c ab0c ab0c ab0c aaec aaeb ab0c ab0c b32c a2cb 81c7 81c7 a2ab b32c b32d a28a 81a6 7986 9a49 aacb aacb aa8a b2cb bb0c bb2d b30c aaeb a2ea 9aca 9aea 9b2b a38c abee b42e a3cc 9bab ac2d cd51 f655 feb7 f635 e593 dd72 e592 f5f4 fe56 f635 e5b3 dd93 e5b4 ee15 ee35 ee15 e5f4 ee15 ee36 fe77 fe97 fe97 fe77 f636 edf5 e593 dd53 dd32 dd12 d4f1 ccb0 cc70 c42e bbcd ab2b 92a8 8a47 8a27 8a48 9269 9a89 9a8a 9249 8a29 9249 9a8a a2ec ab2d ab4d ab4d ab4d ab6d bbcf cc71 dd14 f5b6 f5b7 f5b7 fe18 fe18 fdd7 e554 d4d2 cc91 c490 cc90 ccb0 ccb0 ccd0 d4f0 
fe35 fe55 f634 edd3 dd71 e571 fdf3 fe13 fe13 fdf3 fe13 fe33 fe12 fe32 fe32 fe33 fe53 fe53 fe53 fe33 fe32 fe12 fdf1 fdd1 fdf2 fdf2 fdf2 fdf2 fe12 fe12 fdf2 fdf2 fe13 fe33 fe34 fe54 fe54 fe34 fe33 fe53 fe53 fe52 fe32 fe12 fdf1 fdf1 f5f1 f5f1 f5f2 f5f2 f5f2 f5f3 f634 fe56 f656 ee36 e616 e617 d5b6 ac92 9c31 832d 49a7 4146 6aac 9c33 93d1 626c 520a 49c9 3947 3106 5a6b 8390 6aac 49c9 51e9 51e9 51e9 51c9 51e9 59e9 59e9 51c8 51c7 49a7 4986 4145 3945 3925 3925 3904 3104 30e4 28c3 28c3 28a3 2883 2882 2862 2041 2021 2021 2042 2882 3082 2861 2061 2882 3904 51a6 6229 6a2c 6a0c 61ec 61ca 59c9 6a2a 8b2d bc92 ddd7 f678 ee77 ee56 f696 f6d7 f6d6 f6f7 f717 f718 f738 f758 ff59 ff79 ff79 ff59 ff18 ff18 f718 ff38 ff58 ff78 f779 f779 f799 ffba ffba ffda fffc fffc ffbb ffbb fffd ffdd f698 b42f 7a07 71c6 928a 9a8a a2ab aaec aaeb aacb aaeb aaec aaec ab0c b30c b30c b30c b32c ab2d aaec ab0c a2ec ab0c ab0d ab0d ab0c a30c a30c a30c a2ec ab0c bb6d bb6d bb4d bb2c bb2c bb0c bb0c c32c c32c bb0b baeb baeb bb0b c32c cb4d cb6d c32c b2eb b2cb aacb b30c b30c b30c aaec aaec ab0c ab0c ab0c ab0c ab0c ab0c ab0c ab0c ab0c ab0c ab0c b30c a2aa 81c7 89c7 a26a aaec bb4e ab0c 89e7 81a6 9208 9a49 aaaa baec bacc b2ab b2cb b2ec aaec a2eb a2eb 9b0b a34c abad abee abed 9bcc 9b8b 9b6b a3ac b42e ccf0 e593 edf4 f615 edd4 edd4 e5d4 e5b4 dd93 dd93 dd93 ddb3 ddd4 ddd4 ddd4 e5f4 e615 e615 ee56 ee56 ee36 ee16 edf5 edd5 e5b4 e573 dd53 dd32 e553 e553 e532 e512 dcd1 cc6f bbed ab2b 9aa9 8a28 8a07 8a07 9228 9249 9a6a 9a8a 9aab a2ec ab0c ab2d ab4d ab4d ab4d b38e cc31 dcb3 ed15 f576 f597 f5d7 fe18 fe17 edd6 dd33 cc90 c44f c48f ccd0 ccf0 ccd0 
f634 f674 f634 dd91 d530 dd50 f5b2 fdd3 fdb2 f591 fdb2 fdd2 f5d1 f5d1 fdf1 fdf2 f5f1 f5f1 fdf1 f5d1 f5b0 f590 f590 f590 f570 f570 f591 fdd2 fdf2 fdd2 fdb2 f591 f590 f5b1 f5d1 fdf2 fe12 fe13 fe33 fe33 fe12 fe12 fe12 fdf1 f5d1 f5b1 edb1 edb1 e590 e590 e5b1 dd70 dd91 ee14 f636 e5d5 cd53 c512 ac91 938e 832d 72cc 59e9 38e5 3926 730e 8bd1 732e 5a6b 4188 3126 3947 5a4b 7b2e 6aac 520a 520a 51ea 51ea 51e9 51e9 51e8 51e8 51e8 51c7 51c7 51a7 51a7 4987 49a7 4987 4186 4166 4146 3925 3905 30e4 30e3 30e3 30c3 28a2 2082 2882 2882 28a2 30c3 30c3 30c3 38e3 4125 51a6 6209 624b 620b 59c9 5188 59e9 726b 8b2d a3ef b471 cd33 ddd5 ee56 ee76 ee76 ee75 e675 de54 de54 de94 e6b5 eef6 f717 f738 ff59 f6f7 eed7 f6f8 ff18 f739 ff59 ff7a ff9a f799 f7b9 f7b9 f7ba ffba ffdc fffc fffc ff7b f71a ff1a fe58 92ca 6945 9249 9a8a 9aaa ab0c ab0b a2ca aacb b32c bb6e bb4d aaec a2ab a2cb ab0c b32d ab0c ab0c ab0c ab0c a30c ab0c ab0c ab0c ab0c ab0c ab0c aaec ab0c b30c b2ec b2eb b2ec b2eb baeb b30b bb0b bb2b c32c c32b baeb c32c d3ae d3cf d3cf cb8e bb2c b2eb aacb aacb b2ec aaeb ab0b ab0c ab0c ab0c ab0c ab0c aaec aaec aaec ab0c ab0c ab0c ab0c a2aa 8a08 81c6 9269 ab0b b34d aaeb 9a69 9228 8a08 8186 9a29 c30d bacc aa8b a28b aacb b30c ab4c a34c a34c 9b2b 930a 930a 9b8c b44f bc90 b44f 9b8b 8ae9 934a bc6f edd4 fe56 ee15 dd93 d572 dd72 e5b3 e5d4 e5d4 ddb3 d572 d593 ddb3 ddb3 d593 d593 ddb3 e5d4 ddb3 ddb3 ddb3 e5b3 e593 e594 e593 e573 e553 e552 e552 ed73 f5d4 fdf5 fdb5 e4f2 bbcd 9ac9 8227 81e7 8a28 9269 9a8a 9a8a 9249 9249 9aab ab0c b34d b36e b36d b36d ab6c ab8d cc71 e535 e535 e535 f596 fe18 fe37 f5f6 e574 d4f1 d4d0 ccd0 dd12 ed93 
ddf3 e613 ddd2 cd50 bccf ccef dd71 ed91 e550 e550 ed50 ed70 e56f e590 edb0 e590 e56f e56f e56f e54f e54f e54f e52f e52f e52f e52f e52f e54f e54f e54f e54f ed70 ed90 edb1 f5d1 f5f2 f612 f612 f632 edf2 edf1 edf1 edf1 f611 f612 f612 edf2 edf2 e5d2 e5d2 e5d2 d571 d571 ddf4 ddd5 cd74 b4d2 ac91 93f0 72ec 626b 5a4b 5a2a 3906 28a5 520a 72ed 72ed 6acc 5a2a 4187 3105 4187 626b 6aac 626b 5a2a 5a0a 5a0a 51e9 51c9 51c9 51c9 51e8 51e8 51e8 59e8 51e8 51c8 51c9 51c8 49c8 49a8 49a8 4987 4987 4167 4167 4146 4167 49a8 49a8 4987 4987 49a7 51a7 51a7 4987 4986 4987 59c8 5a09 5a0a 51ca 4988 5188 5a0a 72ac 8b4d 9bef ac91 c533 ddf5 ee77 ee76 e655 e655 e654 de54 de74 e694 e6b5 e6d5 eed6 eef6 eef6 f718 ff39 ff59 ff59 ff7a ff7a ff9a ff9b ff9b ff9b ff9b f79a f75a ef39 ff7b ff7b ff1a f6b9 ff5c ff3c bc91 8269 7a28 8a69 9aeb ab2c a2eb a2cb a2eb b32c bb6d b36d ab0c a2cb a2cb ab0c ab0c ab0c ab0c ab0c ab0c ab0c ab0c ab0c ab0c ab0c ab0c ab0c aaeb aaeb b30b b30c b30c bb0c bb0c bb0c bb0b c30c c32b cb4c cb2c c2eb c30b d38d e40f e40f d3ce c36d bb0b b2eb b2eb b30b b30c b30c ab0c ab0c ab0c ab0c ab0c ab0c ab0c ab0c ab0c ab0c ab0b ab0b a2aa 9228 81c7 8a08 a2ab ab0c ab0c aaeb a28a 9208 7945 89a7 aa8b b2cc b2cc b2cc aaab a28b a2cb ab0c ab4d a32c 9aeb 92cb 9b0b 9b2c abad bc0f bc70 bc70 abee a38c a38c bc2f dd53 f616 ee36 e5d5 dd94 d573 d573 ddb4 e5f5 e5f5 ddf5 d5b4 cdb3 cd93 cd73 cd73 cd93 d593 d5b3 d5b3 ddb3 dd93 dd93 dd93 dd93 dd73 dd72 dd72 edb3 edf4 f615 edd4 dd52 cc90 abad 9aea 8227 71a6 8207 9269 8a48 8a28 9248 9a89 a2ca a2cb aaeb ab0b b30b b34d bb8e c410 d492 e535 f596 f5b6 f5d6 fe17 fe37 f617 e594 ccd1 ccb1 e553 
cd51 cd71 cd50 bcef b4ae bcae d510 dd30 dd2f dcef dd0f dd2f d50e dd4f dd4f dd2e dd0d dd0e dd0e e52e e52e e54e e54e e52e e50e dced dced dced dcee dcee e52e e54f ed70 ed90 edb0 edb0 e590 e590 e590 dd6f dd6e dd8f e5af e5f0 ee11 ee12 ee12 ee12 e5f2 e5d2 ddd2 ddb2 ddd3 d5b3 c553 b4d2 ac71 acb2 9c31 6acc 49e9 520a 5a2b 49a9 3107 3927 4988 5a2a 72ec 72ed 5a29 3925 30e4 4187 626b 6aac 5a2a 5a0a 5a0a 51e9 51c9 51a9 51a8 51c8 51c8 51e8 59e8 51e8 51c8 51c8 49c8 49c8 51c9 51c9 51c8 51c8 51e8 51c8 51c8 51e8 5a09 5209 51c8 51c8 59e8 5a09 5a09 5a08 59e8 51e8 59e8 5a09 59ea 51ca 51ca 59ea 622b 72ac 8b6e a430 bcf3 cd95 ddf5 e636 de15 d5f4 de14 de34 de74 e694 e6d5 eed5 e6f5 e6d5 e6d5 e6d5 eef7 f719 f6f8 f6f8 f719 f719 f739 f75a f75a f75a f75a f75a f73a f73a ff7b f73a f6d9 ff1a ff3b fefb ee58 bc71 8269 7a08 928a 9acb a2ec aaec ab0c ab2c ab2c ab0c ab0c ab0c ab0b aaeb aaeb aaeb aaec ab0c ab0c ab0c ab0c ab0c ab0c ab0c aaec aaec aaeb aaeb b30b bb0c bb2c c32c c32c c32c c30b c30c cb2c d34c d34c c2eb c2eb d36d dbae dbae cb8d c34c bb2c bb0c bb0c b30c b30b aaec ab0c ab0c ab0c ab0c ab0c ab0c ab0c ab0c ab0c ab0c ab0c ab0c a2cb 9249 81c7 81c7 9a69 a2cb aaeb b32d ab0c 9249 81a7 7946 89a8 a24a b2cc bb0d b2cc a28b 9a6b a2cb ab0d ab4d ab4d a32c a32c 9b0c 9b0b a36d b40f bc71 bc71 b40f abce abce b42f ccd2 e5b5 e5d5 ddb5 dd94 dd94 ddb4 ddd5 ddf5 ddf5 d5f5 d5f4 cdd4 cd93 cd93 cd93 cd93 cd93 d593 d593 d593 d593 d573 d573 d572 dd92 dd72 dd51 d551 dd72 e593 edb3 e593 d4f1 bc0e a32b 8a68 81e6 79c6 81e7 8a28 9228 9228 9a49 a28a aaeb bb2c b30b b30b aaec b34d c3f0 d472 dcf3 e535 ed95 fe17 fe79 fe99 f616 dd33 ccb1 ccb1 
c510 c510 c50f bcce b48d bc8e d4ef dd10 dd0f dccf dcee dcee d4ed d52e dd2e d4ed d4ed dd0d dd2e e54e ed6f ed8f ed70 ed6f e52e dced dccd dd0e e50e e52f e52f e52f e54f e54f e54f dd4f dd4f dd2e d52e dd4f dd6f dd8f dd8f e5b0 e5b0 e5d1 e5d1 e5d1 e5d2 e5d2 e5d2 ee34 ee55 d5b4 bd12 ac70 a450 acb2 a492 7b2d 5209 49e9 520a 5a2b 49c9 3106 28c5 4187 626a 72ec 626a 4187 30e4 3925 51e9 626b 624b 5a2a 5a0a 51ea 51c9 51c9 51a8 51a8 51c8 51e8 51e8 51e8 49c8 49c8 49c8 49c8 51c9 51e9 51e9 51e9 5209 5209 5a09 5209 49c8 4987 4987 49a7 51c8 59e8 5a09 59e9 59e8 59e8 5a08 5a09 5a0a 5a0b 622b 5a0a 5a0a 6a6a 832d a450 c534 d5d6 d5d5 d5b4 cdb3 cdb2 d5d3 d613 de54 e674 e695 e6b5 deb4 de94 deb4 e6b5 e696 e697 e676 e676 e676 e696 e6d7 eef8 ef19 ef39 ef5a ef5a f77b ffbc ffdc f75b f6fa ff5b ff3b f6da ff3c ee79 b410 8a8a 8249 926a a2cb b32c b34d ab2c a2eb a2eb ab2c b34d b34d a2eb a2cb aaec ab0c ab0c ab0c ab0c ab0c ab0c ab0c ab0c ab0c aaeb aaec b2ec b30b bb0c bb2c c32c c32c c32c c32c cb2c cb4c d36d d38d cb2c c30b cb2c cb4c cb2c c32c c30c c32c bb2c bb2c b2eb aacb aaeb b30c ab0c ab0c ab0c ab0c ab0c ab0c ab0c ab0c ab0c aaeb ab0c aaeb 9a6a 81a7 7966 9228 a28a a2aa b32d b30c 9a8a 9a49 89a7 7926 8987 9a29 aaab aaec aaec aacc a2cb a2ec ab0c ab6d b38e ab6d ab6d 9b2c 92eb 92eb 9b2c b40f ccd2 d533 ccd2 abee a3ad bc90 d533 dd74 e5b5 ddb5 d594 d573 cd73 d5b4 d5d4 ddf5 d5f4 cd93 cd93 cd94 cd94 d593 d593 d573 d573 d573 d553 d552 d552 dd93 dd93 d551 cd10 ccf0 d511 d532 dd52 dd32 d4d1 ccb1 c450 9aeb 81e7 8207 8a28 8a28 9228 9a49 a2aa aaeb b30b aaeb a2aa a2cb ab0c ab4d b36e c3f0 d492 ed55 fdf7 fe38 fe38 f617 f5f6 e553 c490 
c530 c530 bd10 b4af ac4d b44d cccf d510 d510 d4cf d4ef dcef ccee d50f dd2f d4ee d4ee dd0e dd2f e550 ed90 ed91 ed91 ed70 e530 dcee dd0f e550 e570 e550 dd2f dd2f d50f d50f d52f dd50 dd70 dd90 e5b1 edf2 ee13 e5f2 e5b2 dd91 dd70 d570 dd71 dd91 ddd2 e5d3 e613 f676 f697 ddf5 bd12 a470 93ef a451 9c51 7b4e 5a4a 49c9 51e9 5a6b 5a0b 4127 30e5 3926 4987 59e8 6229 5a28 49a7 4146 4966 59e9 622a 622b 5a0a 59ea 59ea 51ca 51c9 51c9 51c9 51c9 51e8 51e8 51c9 51c9 51c9 51c9 51e9 51e9 51e9 51e9 51ea 51ea 51ea 51ea 51e9 51e9 51e9 59e9 59e9 5a0a 5a2a 5a09 59e9 59e9 5a09 5a29 5a29 5a49 5a29 5a08 5a08 6249 7b0b a42f c553 ddf6 de16 ddf5 ddf4 d5f3 d5d3 d5f3 d613 de13 d613 d5f2 d5f2 d5f2 d612 d633 de75 e677 e677 e677 e697 e6b8 eed9 f73a ff7b ff9b ffbc ffdc ff9b ff7b ffdc ff7b eef9 ff5b ff5c ff3b ff7c ff7c ee78 b450 8aca 8a89 9acb ab4c b36d ab2c a2ec a30c ab4d b36d b34d a2eb a2cb ab0b ab0c ab0c aaeb aaec aaeb aaeb aaeb aaeb b2ec b2ec aaec b30c b30c b30c bb2c bb0c bb0c bb0c c32c c32c cb4d d36d d38e d36d d34d cb4d cb2c c32c bb0c bb2c bb4d bb4d b32c aaeb aaab aacb b30c ab0c ab0c ab0c ab0c ab0c ab0c ab0c ab0c ab0c aaec b32c ab0c 9a8a 81c7 7966 9208 9a6a a2aa b32c b30c a2cb aaeb 9a8a 81c7 7166 7166 81c7 9aab b34d b36e b32d a2ec a2cc ab2d b34d ab0c a2ec a30c a2ec a30c ab2d b38e bbcf c430 cc71 d4d3 d4b2 c471 c451 c491 d4f3 dd54 dd95 dd95 d574 cd53 cd53 d5b4 d5f5 cdb4 cd94 cdb4 cd93 cd93 cd73 cd73 d573 d573 d573 d573 d573 d573 dd93 d572 d552 cd31 cd11 c511 cd12 cd32 d533 d573 dd74 ccf2 abee 92ea 7a07 79e6 8228 9a89 9aa9 9268 9207 9a69 aaeb b30c aaec a2cc a2ec b34d c3cf d492 e534 f596 f5d7 fe18 fe79 f617 dd34 
c531 c551 bd10 ac8e 9c0c a42d bc8e ccf0 d4ef d4af d4cf d4cf ccce d4ee d52f d4ee d4ee dcee dd0f dd2f dd4f e550 e550 e530 dd0f dcef d4ef dd0f dd2f dd0f d4ef d4ee ccef d50f d52f dd70 e5d2 edf2 ee33 f654 f654 ee13 e5d2 dd91 d570 d550 d550 d571 ddb2 ddd3 e5f4 ee35 ee56 de15 cd74 ac91 836d 834d 83af 7b4e 62ac 520a 51e9 522a 5a2a 49a8 4167 4146 3905 3904 51a7 6249 6269 51c7 4966 4987 5a09 5a0a 59ea 59ea 59ea 51ca 51ca 51c9 51c9 51c9 51e8 51e9 51ea 51ea 51ea 51e9 51e9 51e9 51ea 51c9 51c9 51c9 51c9 51c9 51e9 51e9 59e9 59ea 59e9 51e9 51c8 4988 4967 4967 4967 4987 49a6 41a5 4184 4185 49c5 5a47 730a 93cd acaf c552 cdb3 d5f4 e635 e635 de14 de13 de13 de33 d612 d5f2 d5f1 d5f1 d632 de53 e696 eeb8 e6b8 eeb8 eed9 eef9 f73a ff7b ff9c ff9c ffbc ffdd f75b eed9 ff5b ff5b eed9 eed9 ff3a ff5b f6da ff3b ff7c ddf6 a3ae 8a8a 9289 9acb a2eb ab2c ab2c ab4d ab4d ab2d ab2c aaeb a2eb ab0c ab0c ab0c aaeb aaeb b2ec b2ec b2eb b2eb b2eb b2ec aaec b32d b32c b30c b30c b30c b30c bb0c c32c c32c cb4d d34d d36d d36d d36d d36e cb6d cb6d c34d c34d c34d bb4d bb2d b30c aaec aaec ab0c ab0c ab0c ab0c ab0c ab0c ab0c aaeb aaec aaec ab0c ab0c ab0c a2aa 89e8 81a6 9228 9a8a a2aa ab0c aaec a2cb b32c ab2d 9aab 8208 7186 7166 8a08 a2cb b32d b34d ab0d aaec ab0d ab0c a2ab a2ab a2ec b32d bb8e bb8e b36d ab2d ab4d bbef d4b3 e555 e535 d4b3 bc30 bc10 c492 dd54 e5b6 ddb5 cd54 c533 cd74 cdb5 cdb4 cd94 cd93 cd93 c573 c572 cd52 cd53 cd73 d573 d572 d573 cd51 cd31 cd51 cd52 cd52 cd32 c532 c532 cd32 cd32 cd32 cd32 dd74 dd73 bc70 a36c 8a89 79e7 79c6 79a5 81c6 89e7 9a69 aaca aacb aacb ab0c ab0c ab2d ab4d b38e cc31 dcf4 f5b6 fe38 fe59 fe59 f618 
bcf0 c510 b4cf a44d 93cb 9bcb b42d c48e ccae cc8e d4ae d4ae ccad ccee d50e ccee cccd d4cd d4ce d4ce d4ee d4ee dcee dcef dcef dcef d4ee d4ce ccae d4ce ccce ccce ccee d50f d52f dd70 ddb1 e5d2 e5d2 e5b2 ddb2 dd91 dd91 d571 d550 d550 d551 d571 d571 dd92 d592 d592 d5b3 ddf5 d5d5 b4b1 72ea 6248 628a 6acc 6acc 5a6b 5209 520a 5a0a 51c9 49a8 4166 38e4 30e4 4165 5a08 6269 5a28 51c7 51a7 51c8 51c9 51c9 51ca 51ca 51ca 51c9 51c9 51c9 51c9 51e8 51e9 51e9 51ea 51ea 51ea 51e9 51e9 51ea 51ea 51e9 51c9 51c9 51c9 49a8 49a8 51a9 51a8 49a8 4988 4967 4146 4126 4126 4126 4146 3945 3944 3944 41a5 5a27 72ca 834c 8b8c 93cd a44f b4d1 cd73 d5d4 ddf4 d5d3 d5d3 de13 e654 e674 e674 e694 ee95 eed5 eef6 f718 f719 f719 f719 f73a ff5a ff5b ff7b ff7b ff7b ff7b ff5b f71a e6b8 eef9 ff3a f71a e678 eeb8 fefa e678 e657 f6d9 f678 ccf2 9b0c 8a69 8a49 8a49 9acb ab2c b36d ab4d a2ec a2eb ab0b ab2c ab0c aaeb ab0c aaec aaec aaec aaec b2eb b2eb b2eb b2ec b30c b32d b32d b30c b30c b2ec b2eb baeb c30c c32c cb2c cb4d cb4d cb2c cb2c cb4d d38e d38e cb8e c36d c32d bb2c b32d b32d b32d b30c ab0c ab0c ab0c aaeb aaec ab0c ab0c ab0c ab0c ab0c aaec ab0c ab0c aacb 9a49 9208 9228 9a69 a28a aacb a2cb a2cb b32c b34d ab4d a30c 92aa 8a29 79c7 81c7 8a29 a2cb b32d b34d ab2d aaec ab0c a2cc a2cb ab0c b34d b36e b36e ab4d a32d ab6e b38e cc71 f5b6 edb6 d4d3 c471 bc51 c4b2 d534 dd95 ddb5 d5b5 cd74 c553 c573 cd94 cd73 c573 c553 c552 c552 cd32 cd52 cd32 cd52 cd52 c4f1 c4d0 c4f0 c511 cd32 cd52 cd52 cd73 cd52 c512 c4d1 bcb0 c4d2 dd54 e595 dd54 c42f 92aa 7985 7144 81c6 9248 9a89 9a48 9a69 aacb b30c b32d b32d a30c a2ec b38e cc51 e555 f5f7 f618 fe59 febb 
c4d0 bcd0 b48f a42d 8b8b 938a abec bc4e cc8f cc8f d4af d4af ccae ccee d50f ccce ccce d4af d4af ccaf d4ae d4ae d4ae d4ae d4cf d4ef d4ef d4cf d4cf d4ef d510 cd10 d530 d530 cd10 cd10 cd10 cd10 c4f0 c4d0 c4f0 cd11 cd31 cd31 d551 d551 d552 d551 d551 cd32 cd31 c511 cd52 d594 d5d5 b4b1 72ca 49a6 49a6 5a29 626a 626a 5a29 5a09 5a0a 59c9 51a8 4966 4125 4125 4144 4985 59e7 5a08 6229 59e8 5188 5188 51a9 51a9 51ca 51ca 51ca 51a9 51c9 51c9 51e8 51c9 51e9 51ea 51ea 51ca 51e9 51e9 49c9 51c9 51c9 51c9 51ca 51c9 4988 4988 51a9 51a9 51c9 59ea 51e9 59ea 5a0a 5a0a 5a0a 5a2a 6a8b 6aab 6a8b 72ec 8b6e 9bf0 9c11 9bf0 9bd0 9bf0 b493 c515 c4f4 bcb3 bcb2 bcd3 cd34 ddb6 ee38 f69a feda fefa ff1b ff5b ff7b ff7b ff7b ff9c ff9b ff9c ff7b ff7b ff7b ff3a ff1a ff1a f71a f6f9 f6f9 f73a ff7b f6f9 e697 e697 de57 cdf5 c5b4 e636 e5d6 bc30 9b0c 928a 8228 9289 a30b ab4c ab2c a2eb a2eb ab2c ab4c ab0c ab0b ab0c b2ec b2ec b2ec b2ec b2eb b2eb b2eb b2eb b2ec b30d b32d b30c b30c b2ec b2ec b2ec bb0c bb0d c30c c32d c32d bacb b2ab c30c c32d c34e c34d bb2d b30c aaec ab0c b32d b32d b32d aaec aaec ab0c ab0c ab0c ab0c ab0c ab0c ab0c ab0c aaec aaec aaeb aaeb a2cb 9a69 8a08 9229 a2ab aacb a2ab a2cb b32c ab4c a38d b3ef b42f ab8d 8289 7186 7186 9229 aaec b34d aaec b30d c38f bb2d a2ab a28a aaab b30c b30d aaec a2ab a2cb ab0c bb8f d472 ed56 fdd8 fdb7 d4d4 b3f0 b3ef c4d3 e5b6 ee17 d594 bd12 c553 cd94 cd73 cd73 cd73 c553 cd52 cd52 cd32 cd32 cd52 cd32 cd12 c511 c532 cd52 cd52 c532 c532 bd12 bd32 c532 cd73 cd94 cd73 c512 cd53 d554 dd74 d533 c470 a34c 8a48 79a6 81c6 9208 a28a aacb aaaa a28a a2ab aaec b36e b36e b38f bbf0 d4b3 ed96 fe59 fe9a 
b4cf bcef b4ce 9c2c 8b6a 936a abec c44e cc4e cc6e dcaf d4cf ccae d4cf d4f0 cccf ccae ccce d4cf d4cf cccf ccaf ccaf ccaf d4af d4af d4ef d4ef d4f0 d510 d531 d531 c4ef c4ef bcce c4ce c4cf c4d0 c4f0 cd11 ccf2 ccf2 ccf1 ccf1 ccf1 ccf1 d512 d512 cd31 cd31 cd31 cd52 d573 cd53 d5b5 bcf2 7aca 4985 4145 4986 51e8 5a29 5a2a 5a09 51c8 59e9 59e8 51a7 5186 4965 4944 4124 4945 59e7 6a49 61e8 5188 5189 59ca 59ea 51ca 51ca 51e9 51e9 49c8 49c8 51e8 51e9 49a9 49ca 49ca 51ca 51ca 51aa 51aa 51ca 49a9 49c9 49c9 51e9 51ea 51ea 5a0a 5a0b 5a2b 624b 6a6c 6a8c 728c 72ad 728c 72ac 72ec 730c 730d 7b0d 7b4e 836f 8b6f 8b6f 8b70 9bb1 ac33 bc95 bc95 b434 a3d2 a3b1 a3f1 b473 c515 d597 e5f8 ee19 ee39 ee7a e678 e677 e697 e6b8 e6b8 ee98 ee98 e697 de76 e676 e697 e6b7 e6b7 eeb8 eed8 f6d9 f6f9 ff3a f6f9 de77 de77 de77 d677 e6b8 ee98 e5d5 ccb1 a34c 8a69 8a49 92aa a30c a30b a30b a30b ab0b ab0c aaec b2ec b30c aaeb aaeb b30b b30b b2eb b2eb b2eb b2ec b2cc aaec ab0d ab0d ab0d b30d b2ed b2cc b2ec b2ec b2ec bb0c bb0c bacb b2ab bacb b2cb b2ec b2ec b2ec aaec aaed ab0d ab2d ab2d ab0c ab0c ab0b ab0c ab0c ab0c ab0c aaeb aaec aaec ab0c aaec aacb aaeb b32c ab0b 9a69 81c6 8a07 9a8a a2aa aaeb ab0b a2cb 9aca 934b ac2f bcb1 c491 b40f 9b0b 8207 79a5 81e7 9a49 a2aa b30c c32d baec aa8b aa6b b2ab b2cc b2ec b2ec b2cc b2ec ab0c ab0c ab2d cc32 f597 fe39 fdf9 d4f5 bc52 bc71 cd13 d595 d595 cd74 cd74 cd94 c573 c593 cd93 cd93 cd73 d573 d573 dd94 dd74 dd74 d574 d594 d594 d5b4 d594 cd94 c573 c573 c594 cdb4 cdf5 d616 d5d5 cd74 bd13 c513 dd95 edf6 f5d6 dcf2 ab6d 8a48 71a5 7184 9227 a28a a249 9a49 aacb b34d b34d ab2d a30d ab4e bc11 dcf5 f5b8 fe3a 
bccf bcf0 b48e 9bec 8349 8b29 a3ab b40d c44e cc8f d4af d4af ccae ccce d4ef ccce ccae ccce d4ef d4cf d4cf ccaf ccae cc8e ccae ccae cccf d4cf d4cf cccf cccf c4cf c4cf c4cf c4ef cd30 d592 ddb3 e5f4 e614 ee15 e5d5 dd93 d573 cd32 cd11 cd11 cd11 cd51 cd52 d572 ddd4 ddb4 cd53 cd74 bcf2 834c 59e7 4145 3925 4165 49a7 5208 51c9 51c8 622a 6209 51c8 51a7 4986 4124 38e3 4144 59e7 5a08 59e8 59c8 59c9 59ea 59ea 59ea 59ea 51ea 51ca 51c9 51e9 51e9 51e9 49c9 49c9 49c9 49c9 49a9 49a9 49a9 49a9 4989 4989 4188 49a9 520a 5a2b 5a0a 5a0b 5a2a 5a2a 622b 622b 622b 622b 5a0a 59e9 51e9 51e9 51e8 51e8 51a8 4987 51a8 620a 72ac 8b4f 9bb0 a3f2 bcb5 bcb5 a3d1 8b0e 82ed 8b0d 938f a3f0 ac31 b452 b472 b492 acb1 ac90 acb0 acd1 b4f1 b4f1 b4f1 b512 bd32 c553 c593 cdb4 c5b4 cdb4 d616 d615 de36 f6f9 ff3a eeb8 e697 f73a ffdc f77b f71a fefa edf6 c471 9b0b 8a69 8a49 92aa a30b ab2c ab2c a2cb a2cb aaeb ab0c aaeb aaeb b2eb b2eb b2eb b2eb b2eb b2eb b2ec b2eb aaec aaec ab0d b30d b30d b30c b2ec b2cb b2cb b2ec baec baec baec baec bacc b2ab b2cc b2cc b2ec b2ec b30d b32d b32d ab2d ab0c ab0c ab0c ab0c ab0c ab0c ab0c ab0c ab0c ab0b ab0c ab0c a2cb a2cb b30c b32d a28a 8186 81a6 9a6a a2ab aaeb ab0c a2eb 9aca 932b 9b8c b42f ccf2 dd33 ccb2 b38d 8a28 7145 7966 9229 9a6a 9a29 a26a b2ec bb0d b30d b2ec b2ec b32d bb4e bb4e b32d aacc a2cc ab2d c411 e535 fe39 fe9a f638 d534 b471 b471 cd54 ddf6 d5b5 cd74 cd94 d5b4 d5d4 d5d5 ddf5 ddd5 e5f5 e5d5 e5d5 e5d5 ddb4 ddb4 d5b4 ddb5 d5d5 ddd5 ddf5 d5f5 d5f5 d5f5 cdb5 cd94 d5d5 ddf6 ddd5 d595 dd74 dd54 e574 ed74 dd13 c430 a2ca 7985 7965 89e7 9228 a26a aacb ab0c ab0c ab0d a30d ab4e b3b0 bc11 d4d4 ed97 
bcd0 ac4e 9bec 93ab 8b6a 8b49 938a 9bcc b42e c48f ccd0 ccaf ccae ccae cccf c4af ccaf ccaf cc8f cc8f ccb0 d4d0 d4d0 cc8f c46f c46f ccd0 d4f1 ccb0 b44e b42d b46e cd31 ddd3 ee75 eeb6 eed7 eed7 eed7 f6d7 fef8 ff19 ff19 f6d8 ee97 e635 d5d3 cd72 cd52 cd52 cd52 cd93 d5b4 cd94 c553 ac90 8b8c 5a48 4985 4186 3944 3124 41a6 51e8 51e8 51c9 51a7 51c8 51e8 51e8 4986 3925 3905 4166 51a8 5a09 5a09 5a0a 59ea 51c9 51c9 51a9 49a9 49a9 51c9 51e9 5209 5209 51c9 51c9 51c9 49c9 49a8 49a8 4988 4167 4147 4147 3926 3926 4147 4147 4146 4147 4147 4147 4147 4147 4147 4167 4167 4167 4166 4166 4966 4987 4987 4967 4987 5188 59e9 728c 830e 9390 ac53 bcd5 b474 830e 622a 6a6b 7b0d 834e 834d 8b8e 938f 8b8e 8b8e 8bae 8baf 8bcf 9410 9c51 9c72 a492 acb3 acb3 b4d4 b4f4 b4d4 b4f4 b515 bd15 bd55 d5d7 de59 e679 e699 eeda f71b e6b9 e699 eeb9 ee98 d5b5 ac50 8aeb 7a28 8249 92cb a30c ab0c aaec a2cb aaeb ab0b b30b b30b aaeb aaca a2aa aaaa aacb b2cc b2ec b30c aaec aaec aaec aaec b30c b30c b30c b30c b2ec b30c b30c b30c b30c b30c b2ec b2ec b2ec b2ec b2ec b30c b30c ab0c ab0c ab0c ab0c ab0c ab0b ab0b ab0b ab0b ab0c ab0c ab0c ab0c ab0c ab2c a2cb 9aaa 9aaa b34d b36d 79c7 7166 9269 a2ec a2cb a2ab aaec ab2d ab2c 9b0b bbef dd34 cc91 c472 dd14 bc51 9b0c 7a49 69a6 71a7 8a69 9acb a30c ab2d ab2c a2cb a2ab aacc b32d bb4e b30d a2ec a34c 930b 9b4c bc50 dd55 fe38 fe79 f5f8 dcf4 bc10 cc92 e596 dd75 d534 d554 d594 d5d6 e678 f6d9 f6d9 ee77 d5d5 cd73 cd73 c552 c552 c552 c572 c572 c572 c571 c551 c551 c572 cd92 cd93 d5b4 d5b4 d593 dd94 e5d5 f637 fe58 fe99 fe99 f5f7 ccd2 a34c 79e7 6945 79e7 8a49 9269 9aab ab2d b36e b34e ab0d ab2d ab2d bbf0 dcb3 
c4b0 a3ec 936a 938a 8b89 8349 8369 93ab a42d b48f bcaf c48f c48e c46e c46e c48f ccb0 ccb0 c48f c48f ccb0 d4d0 ccb0 c46f c46f cc70 ccb0 ccd1 c490 bc6f bcb0 cd31 e614 f6d8 ff79 ff79 ff99 ff79 f759 ff59 ff7a ff59 ff5a ff39 ff19 f6f8 ee97 e655 d5f4 cd93 c552 bd32 c552 c553 b4f2 9c2f 836c 6268 49a5 49a6 3944 28c2 3945 51c7 51e8 49a8 4987 51c8 5209 5a09 51c8 4146 3906 3926 4167 51c9 5a09 5a09 51e9 51c9 51c8 49a8 49a8 51c9 51c9 51e9 51e9 51e9 51e9 51e9 51e9 51c9 51c8 49a8 4988 4987 4167 4146 4146 3926 3905 30e5 30e5 30e5 30e5 30e4 30e5 30e5 30e5 3905 3905 3905 3925 4105 4125 4946 4987 5188 4988 4147 4968 51c9 624c 7aee 93d2 b4b5 b4d6 7b0e 5188 51a9 624a 6a8b 6a6b 72ac 7aec 72cc 72ed 72ed 730e 7b2e 7b4f 8390 8390 8bb1 93f2 9412 9c53 a474 ac94 ac95 acb5 b4d5 b4f5 b4f5 bd35 c576 cdb7 d5d7 d5f7 de38 de58 d637 d657 d657 cd95 ac50 82cb 69e7 71e8 928b a30c ab2c aaeb aaeb aaeb b30b ab0a aaea a2ca a2ca aacb b2ec b30d b2ed b2cc b2ec b30c aaec b2ec b2ec aaec b30c ab0c b30c b30c ab0c ab0c ab0c ab0c ab0c b30c b30c b2ec b2ec b2ec b2ec b2ec b2ec aaec ab0c ab2b ab2b ab0b ab0b ab0b ab0c ab0c ab0c ab0c a30c a32c a30c 9aeb 92aa a34d ab8e 8a49 7186 81e8 a2cb 9aab 924a aaec bb4d b32c a2cb bbce dcf3 c450 bc31 dd75 dd96 c4d3 9b6e 7249 69e8 7a49 828a 8aaa 92cb 9aeb a2eb aaec aaec aaec b2ec b2ec ab2d 9b8d 936b 934b abcd bc50 dcf3 f5d7 fe19 fdb7 dc93 cc31 dcb3 dd14 dd34 cd14 cd13 cd54 d5d6 de57 e677 d616 cd94 c553 bd52 bd52 bd52 bd72 bd72 bd71 bd30 b510 b4ef b4ef bcef bd10 c530 cd51 cd51 d552 dd94 e5f5 ee16 edf6 edf7 f638 f639 e5d7 ccd4 a38e 826a 71c7 71a7 79e8 926a aaec b32d b34d b30d aaec ab0c b36d c3ef 
bc6e abed 9bab 938a 8348 7b08 8329 8b8b a40c ac4e b46f bc6e c46d c42d bc2d bc4d c4af ccd0 ccb0 ccb0 ccb0 c48f c44e c44f ccb0 d4b1 c46f c46f c4b0 dd53 e615 f697 fef8 ff39 ff59 ff79 ff79 ff59 ff59 ff9a ff7a f718 eeb7 e696 ee96 f6d7 ff18 fef8 ee97 de15 cdb3 c532 bcf1 acb0 ac90 9c2e 836c 6268 49a5 4165 3124 28e3 3924 4186 49a7 49a8 51c8 51e9 51e9 51e8 51c8 4987 4167 4126 3926 4147 51a8 51c8 51c8 51e9 59e9 59ea 51e9 51e9 51c9 51c9 51c9 51c9 51e9 51e9 51e9 51e9 51e9 51e9 51e9 51e9 51c9 51c9 51e9 51c8 4988 4967 4987 4167 4167 4167 4166 4146 3946 3926 3925 3925 3925 3925 3905 3905 4126 4126 4126 38e6 3906 4947 51a9 622b 830f a433 ac94 834f 51a8 38e6 4126 5188 4987 51a8 6209 6229 5a4a 5a4a 5a4a 626b 628b 5a6b 626b 628b 6aac 730e 836f 8b90 93f2 a453 a473 ac94 acb4 acb3 acb3 ac92 acb3 bd14 cd95 d5f7 de37 d616 cdd5 d5f6 e638 ddb6 b430 7a49 6166 79e8 9aab a2eb a2cb aaeb aaeb aaea aaeb b30b b30b b32c b32c b32d b30d b2ed b2ed b30c b30c b30c b30c b2ec aaec aaeb aaec aaec aaeb aacb aacc b2ec b30c b2ec b2ec b2ec b2ec b2ec b2ec b2ec b2ec b2ec b2ec b30c ab0c ab0b ab0c b30c ab0b ab0c ab0c ab0c ab0c a30c a30c ab2c ab4d a32c a30c 9aeb 9acb 8208 79a6 8a29 926a 9249 a2cb b30c aaeb a30b b38d cc51 dd14 d4d3 bc72 d535 dd55 bc52 ac10 9b4d 7a29 7208 8229 8229 928a ab0c bb6e bb4d aacc a28b aacc b34d 9b4c 934c 9b4c a36c ab8e bc10 e514 fdd7 fe18 ed76 dcd3 cc72 ccd3 d534 d534 cd14 bcf2 b4d2 bd12 c553 c574 cd94 d5d5 ddf5 d635 d635 d635 d615 d614 d5f4 d5d3 cd92 c571 bd30 bd10 bcef bcf0 c511 cd31 d573 d573 cd33 bc91 bc71 c4d2 d555 dd76 d515 d514 c472 8a8a 71a6 79c7 8a29 926a 9a6a aacc b32d b32d b32d b34d b34d 
ac0e a3ed 9bcc 8b8a 7b28 72c7 7b09 8b8b 9bec a40d ac4e bc6f bc8e bc4d b42d b40d bc6f c4d0 bc8f bc8f bcb0 bc6f b42e bc6f ccf2 c4d1 b44f b42f c4d1 e615 fef9 ff5a ff5a ff3a f739 ff39 ff5a f739 ef19 ff7a ff9b f739 eed8 eeb7 eeb7 f6f8 ff19 fef9 f6b8 ee76 de15 cd94 b4f1 a42e 9c0e 93ee 7b2b 6268 51e6 4185 3944 3103 3104 3924 3946 4987 51c8 5209 51e8 49c8 51c8 51c8 51a8 4166 30e5 38e5 4167 4987 4988 51a8 51e9 59ea 5a0a 5a09 59e9 51c9 51c9 51a8 51c9 51c9 51a9 51a9 51c9 51c9 51e9 5209 51e9 5a0a 5a2a 5a2a 59e9 51e9 59e9 51e9 51c8 51c8 51c8 49a8 4987 4167 4167 4166 4966 4166 4125 3925 3905 3925 3905 3905 3905 4126 4967 51c9 6a4b 834f 9c11 8b90 622a 38e5 3905 4166 4125 4145 4986 51c7 49c7 49c8 49e8 5208 5229 522a 5a2a 5a4a 5a4a 5a4a 5a2a 5a2a 626b 72ed 7b2e 8b90 93f1 a452 ac93 acb3 acd3 b4f3 bd14 bd34 c595 cdf6 c595 bd54 d5b6 e638 e5f7 bc92 82aa 5945 5924 8228 a30c a30c 9aeb a2ea a30b b34c bb8d bb4d aaec a2ab a28c b30e bb4e b32d b30c b32c b30c b30c ab0b ab0b ab0c aaeb aaeb aaeb aaec b30c b30c b2ec b30c b30c ab0c b30c b30c b30c b30c b2ec b30c b30c b30c b30c b30c b30c b30c b30c ab0c ab0c ab0c ab0c ab0c a2ec a2ec a30c 9aab 9aab ab4d a2eb 81c7 81e8 9229 9a8a ab0c b32d aaeb ab0c ab2c bbef ed76 dd14 abcf ccf3 ddb7 cd14 cd14 c4d3 a3ef 82aa 69a7 69a7 8a8a a32d ab4d a30c a2cb a2cc ab0d b32d a30c a32c a32c a30c a2eb ab4d cc31 ed75 fe58 fe59 edb6 c4b2 b450 bcd2 cd95 ddf6 d5f6 cdb5 cdd5 de16 e677 ee98 eeb9 f6d9 f719 f739 f719 f719 f718 f718 eed8 eeb7 e655 d5f4 cd92 c531 bcf0 b4b0 b4af bcb0 c512 cd33 c512 bcb1 bc91 c4b2 ccd3 ccd3 ccf3 d4f4 c471 9b2c 79e7 7186 8208 9a8a 9aab a2cc b32d b34d ab2d ab2d 
a3ad a3cd 9bcc 8b8a 72e7 6a86 72c8 8b6b 93cc 9bed ac2e bc6f c4af bc8e b44e bc6f c4b0 c4f1 c4b0 bc90 c4b0 c4b0 c490 c4b1 d533 c4f2 bcb1 c512 ddd5 f6d9 ff7b ff9c ff7b ff5a ff5b ff9b ffbb f77a f759 ff9a ff9b ff9b ff7a ff5a f719 f6d8 ee97 e676 e656 ee77 ee77 e636 c553 a42f 93ed 8b8c 6aa9 5a27 5207 49c6 4185 3944 3103 30e3 30e4 4146 49a7 51c7 49a7 49a7 51c8 5209 5a09 49a7 30e5 30c5 3926 4146 4147 4987 51c8 51e9 5a09 5a09 51e9 51e9 51e9 51c9 49a8 49a9 49a8 49a8 49a8 49a8 51c8 51c9 51e9 51e9 5a09 5a0a 5a0a 5a0a 5a0a 5a0a 5a0a 5a09 5a09 51e9 51c8 51c8 49a8 49a8 51e8 51c7 4986 4166 4166 4166 4166 4146 4146 4967 49a8 51c8 49a8 624a 834e 93b0 72cc 4987 4146 4987 4166 4145 4166 4986 49a7 49a7 49a7 49a7 49c8 51c8 51e9 5a0a 5a09 5209 51c9 49a8 49c9 51e9 5a2a 626b 72ed 838f 9411 a472 acb3 b4d3 acd3 acb2 acd2 bd34 bd54 bd54 cd75 ddd7 e618 e5b7 bc72 8aec 69a7 6165 71e7 8a69 92a9 9aca a30b ab4c b34c ab2c aaec a2cb aaac b2ed b32d b30c ab0c ab0b ab0c ab0b ab0b ab0b aaec b30c b30c b30c b30c b30c b30c b30c ab0c b30c ab0c ab0c b30c b30c b30c b30c b2ec b30c b30c b30c b30c b30c b30c b2ec b30c b30c ab0c ab0c ab0c a2ec a2cb a2ec a2cb a2ec b36e ab2d 8a29 7987 81a8 9a6b aacc b30c aaec aaec a30c bbcf ed75 e535 b3f0 bc72 d535 d555 d555 d555 cd34 b431 8aec 7a49 7a28 8249 8a8a 9acb a30c ab4d ab2d ab0d a30c ab2c ab2c a2eb a2cb ab2c bbcf d4b2 f5b6 fe79 f637 d574 bcd1 c553 e677 f71a f73a ef1a f71a ff3b ff5b ff7c ff3b ff5b ff7b ffbc ffbb ff9b ffbb ffbb ffbb ff9a ff39 eed7 e676 de14 d5b3 c531 b48f ac4e b4b0 c532 d573 cd53 c4f2 bcb1 bc91 bc71 bc71 c4b2 d513 c471 9b0c 7a08 81c7 9249 9a8a a2cb aaec ab2c ab2d ab4d 
9b6b a3ac 9bcc 8b8a 6aa6 5a25 6aa7 834a 93ac 93ac a3ed b46f c4cf bc6e b44e ccd0 d532 cd12 ccf1 c4b1 bc90 c4d1 cd32 cd12 cd12 c4d1 d553 f698 ff5b ff7b ffbc ff9c ff7b ff7b ffbc fffd fffd fffc ffdb ff7a ff9b ff9b ffbb ff9b ff39 ee97 de15 d5b4 d5d4 e636 ee76 ee77 ddf5 b4d1 9c0e 7b0b 59e6 51a6 5a07 51e7 49c6 4165 3104 28c3 30c4 3906 4146 4166 4146 4167 51a8 59e9 5a2a 51c8 4146 3925 3926 3926 3926 4146 4967 4988 51a8 51c9 51c9 51e9 51e9 51e9 51c9 51c9 51c9 51c8 49c8 49c8 49a8 49a8 51a9 51c9 51c9 51c9 51e9 51e9 51e9 51e9 5a0a 5a09 5a09 51e9 51e9 51e9 51c8 51c8 5a29 5a08 51c7 49a7 51a7 51a8 51c8 51a8 51a8 51c8 59e9 5a09 4967 4988 6a8b 834f 7b0e 620a 4987 4987 4986 4966 4166 4165 49a7 49c7 49a7 4187 4166 3946 4166 4167 4988 51c9 51e9 5a0a 5a2a 5a0a 5a09 51e9 5a2a 626b 6acc 7b4d 8bcf 9c51 a492 acd3 acb2 a471 acd2 c575 d596 cd55 c4f4 cd15 e5b7 edb7 c451 71c7 4881 6965 8227 9289 a2ea a2ca 9a8a a2aa ab0c bb4d bb2e aacc a2ab aaec aaec aaeb ab0b ab0b aaeb aaeb b30c b30c b30c b30c b30c ab0c aaec aaec b2ec b2ec aaec aaec ab0c ab0c aaec ab0c b30c b30c b2ec b30b b2ec b2ec aaec aaec b30c ab0c aaec aaec ab0c ab0c ab2d ab0d ab2d b34e ab0d aaec 9a6a 7146 7126 8a09 9a6a a2cc b30c a2cb a2eb bbef dcf3 e555 ccb3 bc32 bc72 d515 d555 cd14 cd34 dd76 d535 abcf 7a48 6186 79e7 92ab a32c ab0c a2ec a2ed ab0c ab2d ab4d a2eb ab0c b34d b36d b3ae cc92 f5f7 fe98 f657 e657 eeb9 ff5b ff9c ff7b f71a f6fa f71a ff3b ff3b ff3b ff5b ff7b ff9b ff9b ff9b ffbb ffbb ffdc ffdc ff9b ff5a ff19 f6d8 eeb7 e636 cd73 bcf1 b4b0 bcb1 c4f1 c4f2 c4f2 c4d2 c4d2 c492 c491 c491 bc50 ccb2 d4b2 b38e 8a28 79a7 8a29 9aab a2cb ab2c ab4d ab6d 
8b4a 93ac 93ec 836a 6266 51e4 6267 7b2a 834b 834b 8b8c a42e b4af b44e ac2e bc90 b46f b46f b490 a42e a3ee ac4f bcd1 b490 93ad 9c0e cdb4 ff5b ffbc f73a e6f9 deb8 de97 e6d8 ef3a f79b f79c f77b f75b ff5b f73a f73a f73a f719 eeb8 e657 d5f5 cdb4 cd93 cdd3 d615 e676 e656 c553 acb0 834b 4164 3923 51c6 51c6 49a6 4166 3945 3904 28c3 30e3 3904 3904 3925 4146 49a7 51e8 51e8 51c8 51a8 4987 4146 4146 4147 4147 3946 3946 4167 4167 49a8 51a8 51c9 59e9 5a0a 59ea 5a0a 5a0a 59ea 59e9 59c9 51c9 49a8 49a8 49a8 51c8 51c9 51c9 51c9 51e9 51c9 49a8 51c9 51c9 51c9 51c9 51e9 51e9 5208 5227 5207 49e7 51e7 51e7 51e8 51e8 49c7 49c8 5a09 5a09 51e9 51c8 5a2a 72cc 730c 6269 49a6 3924 4186 49a6 49a6 49a6 4186 4986 49a7 51c8 51a7 4967 4126 3906 3105 3925 4987 51c8 5a09 5a2a 624b 5a2a 5a09 51e9 51e9 5a09 6a6b 7b2d 93d0 a493 acd2 acb2 a471 a471 b4f3 c535 c555 cd56 ddb7 ee19 dd76 abf0 7228 5945 6165 7a07 8248 8a68 8aa9 92aa 9aca a2ec aaed aaed aacc aaec aaeb aaeb aaeb aaeb aaeb aaeb a2ea aaeb ab0b ab0b aaeb aaeb ab0c aaec aaeb aaeb aaec aaec aaec aaec aaec aaec a2eb aaeb aaeb b2eb aaeb aacb aaeb aaeb aacb aaeb aaec aacc aacc b30d b32d ab0d ab2c a30c 8a49 924a 9a8b 81e8 7987 8a09 8a09 9a8b b30d a28b a2ab c3af d492 e555 e5b6 bc91 a430 bcf3 c534 c534 c534 cd75 cd55 c4f4 a410 82cb 7208 7a29 8aab 9b0d 92cb 92aa ab0c bb4d b32d aaec b32d b36d a30b 9aea abce e5b5 fed9 ff19 ff7b ffbb f79a ef39 def8 d697 de77 e678 e699 eeba f6ba fefb f6fa f71a f71a f73a f75b ff7b ff9b ff9b ffbb ffbb ff7b ff5a ff3a f6f9 eeb8 e636 cd73 b4b1 ac4f ac50 bc91 c4f2 c4f2 bcf2 bcd1 bcb1 bc71 bc91 ccb2 cc92 ab8d 8228 6986 81e8 a2cb b34d ab6e ab4d 
8b2b 938c 93ac 7b2a 5a45 49c4 5226 6ac9 7b2b 7b2b 836c 9bed ac6e ac6e a42e a42f a3ee a40f ac70 9bee 93ad 9c0e a470 93ee 7b2b 9c4f de98 ffbd ffbc e6d9 d657 ce16 ce37 d678 e6d9 eefa ef1a ef1a ef1a f73a f71a eed8 e697 e657 de56 de36 d615 d5d5 cdb4 cd93 cd93 d5d5 de16 d5d5 c553 93cd 49c5 3923 4185 4185 4185 4165 4185 4165 3904 30e4 30c3 30c3 30e4 3925 4166 49a7 49c7 51c7 51e8 51c8 49a7 4987 4187 4166 4146 4146 4146 4146 4147 4967 4967 4988 5a09 5a0a 5a0a 5a0a 5a0a 5a0a 5a0a 59ea 59e9 51e9 51c9 51c9 51e9 59e9 51e9 51c9 51c9 51c9 51c9 51a9 51c9 51c9 51c9 51c9 51e8 51e7 51e7 51e7 51e7 51e7 51e7 49c7 49c7 51c8 51e8 5209 626a 626a 5209 5a4a 6aab 6a8b 49a6 30e3 3945 49a6 49a6 49a6 4166 4165 51a7 5a08 6249 624a 5a09 51a8 4967 4126 3906 3906 4147 49a8 51c9 5a0a 5a2a 5a2a 51e8 49c8 51e9 626a 72ec 836e 9c31 acb3 a451 93f0 a431 b4d4 c556 cd97 cd97 cd56 cd55 d596 c4f3 8b2c 6a07 61a5 5944 69a5 8248 92aa 928a 9249 924a a2ac ab0d ab0c aaeb aaeb aaeb aaeb aaeb aaeb aaeb aaeb aaeb aaeb aaeb aaeb ab0c aaec aaec aaec aaec aaec aaec aaec aaec aaec aaec aaec b2ec b2ec b2cc b2cc b2cc b2cc b2cc b2ec aaec aacc aacc aaed ab0c a2cc a2cc 9a8b 8a09 924a ab2e b36f a2ed 924a 8a09 9a8b b2ed aaab a2ab b34e bbcf e534 fe38 d514 ac10 b471 c514 c535 bd14 acd3 b4f3 bd34 c555 b4b2 938e 7a8a 7a29 826a 828a 92ab aaed bb0d b2ec aacc aaec ab0c 9aeb 92ea abed ddd4 ff19 ff7a ff9a ef5a e6d8 d656 c615 c5f5 d636 de58 de78 e679 f69a fedb eeda e6d9 e6d9 eefa eefa f71a f73a ff3b ff7b ff7b ff9b ff9c ff5a f719 ff5a ff5a ee98 cd94 b4d1 ac70 ac90 b4b1 bcd2 bcf2 bcf2 bcd2 bcd2 b471 b450 c4b2 cc91 abae 8248 71a6 8a49 9b0c a34d a34d 
8b4b 938c 8b8b 72e8 5204 41a3 49c4 6267 6ae9 730a 834b 93cc a44e ac6e ac4e a40e a3ee ac50 bcd2 b470 a42f ac70 ac90 9c4f 93ed c594 ffbd fffe f79c e6d9 d657 d657 d678 e6d9 e6fa e6fa eefa ef1b f73b f71a e6b9 de77 d636 d616 d616 d616 d5f5 cdb4 cd93 c573 c553 c553 cd94 d5b5 cdb5 ac91 6a89 4985 4164 3944 4165 4185 49a6 49a6 4165 3904 30c3 30a3 30e4 3905 3925 3946 4166 49a7 51e8 5209 51c8 51c8 49a8 4987 4967 4167 4146 3926 3926 3926 3926 4146 4167 4988 4988 49a8 51a9 51c9 51ea 51ea 5a0a 5a0a 51e9 5a0a 5a2a 5a2a 5a0a 5a0a 51e9 51e9 51e9 51e9 51e9 51e9 51ea 51e9 51e7 51c7 51e7 51e8 51e8 51e8 51c8 49c7 49c8 49c8 51c8 5208 626a 626a 5209 51e8 626a 6aab 49c7 3104 3925 4186 49a6 4185 4145 4165 4987 51e8 624a 72cc 7b0d 7aed 72ac 620a 4988 3905 30a4 30c5 3906 4988 51c8 5a09 5a2a 5a2a 5a2a 5a2a 5a4a 5a4a 6acb 8baf a431 a472 a452 a452 b4b3 c535 c536 c515 c535 ddb6 e618 d575 ac0f 7a48 5923 5903 71a6 8228 8a49 8a09 81e9 8a2a 9a6a a2ab a2cb a2ca a2ca a2ca aaeb aaeb ab0b ab0b ab0c ab2c ab0c ab0c ab0c ab0c ab0c ab0c ab0c ab0c ab0c ab0c ab0c ab0c ab0c b30c b2ec baec b2ec b2ec b2ec b2ec b30c b30c b30c b2ec ab0c aacc a2cc a2cc a2ac 9a8b 9aac ab0d c3f1 e4f5 d473 a2cc 81e9 922a aacc b2cc aacc aaec ab6e d4b3 f618 e5b6 b472 a410 bcd3 c535 b4f3 b4d3 b4d3 b4d3 bd14 cd55 cd14 abef 828a 71e8 7a49 9acc aaac b2cc aacc a2ab a2ab a2cb a32b abcd ccf1 f657 ff39 ff5a ef18 de97 ce35 bdb3 b5b3 c5f5 de77 e6b9 eeb9 e679 ee79 f6ba eeda eeda e6da e6da eed9 eed9 eef9 f6f9 f71a ff5a ff7b ff9b ff5a ff1a ff3a ff3a ff19 eeb8 e637 d5b4 b4d1 a42f ac4f b4b1 bcd2 bcd1 bc91 bcb1 c4b1 bc71 c471 cc92 bc10 92aa 71a6 8228 9b0c ab6d 
8b6c 8b8c 834b 6287 49e4 4183 41a4 5227 62a9 6aea 7b2b 838c 9c0d ac8f ac6f a3ee 9bee ac2f b490 ac90 ac70 ac90 a46f 9c6f acf1 e6b9 fffe ffdd e71a de98 ce16 ce36 d657 de98 deb9 deb9 deb9 e6da eefa e6b9 de77 d637 d616 d616 d616 cdf5 cd94 c553 bd32 c533 c553 bd32 bd12 c533 cd74 bd13 8bad 5a28 3944 3944 4185 41a6 49c6 49c7 4186 3945 3104 30e4 30e4 30e4 30e4 30e4 3905 4166 49a7 51e8 51c8 51e8 51c8 49c8 49a7 4987 4167 4166 3926 3926 3925 3905 30e5 3905 3906 4126 4167 4988 49a8 51c9 51c9 51e9 51e9 5a0a 5a2a 5a2a 5a2a 5a0a 5a0a 5a0a 51e9 51e9 51e9 59e9 59e9 59e9 51e8 49c7 51e7 51e8 51e8 51e8 51e8 49c8 51e8 51e8 51e8 51e8 5209 5209 51e9 49c8 5a29 6aab 5a29 4146 3925 4146 4166 3925 4166 4986 4945 4145 5187 6229 7aec 8b8f 93b0 8b8f 7b0d 6a8c 51c9 3906 38e5 3906 4146 4167 51c9 5a2a 626b 626b 624a 5a09 624a 72ed 834e 93d0 a472 ac94 a473 9c52 acb4 c556 cdb7 c555 c534 d595 d574 c4d2 abce 8aa9 69a6 6124 6124 7186 8209 8a2a 9249 9269 9a69 9a89 9a89 9aa9 a2aa a2ca aaeb ab0b b32c b32c b32c ab2b ab0b ab0c ab0c ab0c ab0c ab0c ab0c ab0c b30c ab0c b30c b30c b2ec b2ec b2ec b30c b30c b2ec ab0c ab0c aaec aaec aaec aaec ab0c b32d ab0d a2ed bbb0 c3f1 cc72 ed76 dd35 a34e 71c8 7187 9a8b b2ed aaec a2cc a30c c431 e576 ee18 cd14 a3f0 ac91 bd35 b514 b514 b514 b514 acf3 b4f3 bd14 bcf3 ac71 9b8e 82cb 826a 92ab a2cc 9acb 9acb 9aab a30b b3ee d512 ee16 feb8 fed8 f6d8 f6f8 eed7 d615 bd73 b552 bd94 ce16 de38 de38 de38 e659 e69a e6ba e6ba e6ba e6ba e6b9 deb9 e6b9 e6b9 e6d9 ef1a f71a f73b ff9c ffbc f73a eeb8 eeb8 f71a ff1a ee98 c553 a44f a44f b4d1 bcf2 ac90 ac90 b490 bcb1 c4d2 ccd3 ccd3 c4b2 bc10 9b0c 71c7 7a08 a38e 
8b6c 8b8c 834b 6288 5205 41a4 41a4 49e6 5a68 6aca 6b0b 732b 83ac 9c2e a46f a44f ac2f a40f 9bee a44f ac90 a470 942e a490 c615 f75b ffdc ef5a d698 c636 bdd4 bdb5 bdd5 ce17 d658 de78 de79 de99 de99 d658 d617 cdf6 cdf5 cdf6 cdd5 c5b5 bd53 b4f1 b4d1 b4f2 bd32 bcf2 ac90 ac70 b4d1 bd13 a470 6a89 3944 4165 49c6 49c6 4185 4165 4986 4166 3945 3924 3104 30e4 30c3 30c3 3104 3925 4166 49a7 51c7 51c8 51c7 51c7 49c8 49a7 49a8 4987 4987 4967 4167 4146 30e5 30e5 3905 3906 3906 3926 3926 4147 4147 4147 4147 4968 4988 49a9 49a9 49a9 51a9 51c9 51c9 51c9 51c9 51e9 51e9 51e9 51e8 51e8 51e8 51e8 5208 5208 5208 5208 5209 5209 5209 51e8 49c8 51e8 626a 5a29 5208 5a49 5a4a 49c7 3105 3105 3925 30e4 3905 4145 4124 4104 4125 51a7 6249 7aec 8b6e 93d0 93d0 93d0 8b6f 72ac 622a 4988 3906 30e5 3947 49a8 5a0a 624b 624b 5a2a 622a 6a6c 6a6b 7aed 93f1 a494 9c72 9411 9c73 b556 c5d7 b534 acb1 bd13 cd95 ddf6 dd95 c471 9b2c 7a08 71a6 7187 79a7 79a8 81c7 89e8 8a07 8a27 9228 9248 9a68 9a89 a2aa a2ca aaeb aaeb ab0b aaeb aaeb aaeb aaeb aaeb aaeb aaeb aaeb aaeb aaeb aaeb aaec b2ec b2ec b2cc aaec aaec aaec aaeb aaeb aaeb aaeb aaec aaec aaec ab0d ab0d a2ec ab2e c411 c411 b3f1 c452 d4f5 bc52 7229 6146 9229 aaec b32d aaec a2cb b3af dd14 fe59 ddb6 a431 a471 b514 ad14 ad34 ad55 ad34 9cd3 9c92 9c92 b514 c575 bd34 9bef 82eb 8aaa 92ab 92ab 9aec 9b0b a36d ccd1 f636 fed8 f697 e615 e614 ee96 eeb7 d615 c573 b532 b532 c574 cdb6 cdd6 cdd7 d618 de59 de99 de99 de9a de99 de99 de99 de99 de99 deb9 e6b9 e6d9 e6da f75b ff9c f75b eed9 e6b8 eeb9 f71a f6f9 d616 b512 ac90 b4d1 b4f1 a4b0 ac90 ac90 b4b1 c512 c4f2 c492 c492 ccb2 bc51 8aaa 69e7 7a49 
8b8d 8b6c 7b2b 6288 5225 49c4 3984 41c5 5227 6289 62a9 62a9 730a 838b 9c0e b4b1 bcb1 ac2f 938d 9c0e b4b1 a46f 93ee a4b0 e6d8 ff9b ef19 deb8 ce57 bdd5 ad53 a512 ad33 bd94 cdf6 d637 d658 d658 d637 cdf6 c5d5 bd95 bd54 bd54 bd73 bd53 b512 acd1 acb0 acb0 b4d1 b4f1 a44f 8b8d 9bee b4d2 b4d2 72eb 4164 4985 5207 49c6 3924 3924 4166 4166 4166 4146 3904 30e3 28c3 28c3 30e4 3905 3925 4166 4987 4987 4987 51a7 51c8 51c8 51c8 51c8 51c8 49a8 51c8 49a8 4147 4147 4146 3926 3906 3905 38e5 38e5 30e5 30e5 30e5 30e5 30e5 3906 3906 3926 4127 4147 4168 4988 4988 4988 4988 4988 49c8 49c8 49c8 49c8 49c8 51e8 51e9 5209 5209 5209 51e9 51e8 49a7 5a29 730d 62ab 49e8 51e8 5a4a 5209 3104 3104 4166 3946 38e4 38e4 4125 4966 5187 51a7 51c8 59e8 624a 72ab 832e 8b6f 9c11 a452 93b0 72ac 51e9 4147 3926 4147 4988 51c9 520a 5a2a 5a0a 59e9 622a 6a8c 7b2e 8bd1 9c32 9c52 a493 acd4 b514 bd75 cd95 cd95 c533 bcd2 c4d2 d513 dd34 d4b2 b3ae 8a6a 7166 60e5 6925 7986 81c6 81c6 81e6 89e7 8a07 9248 9248 9268 9a89 9a89 9a8a a2aa a2aa a2aa a2aa a2aa a2aa a2aa a2aa a2aa a2aa a2aa a2ab a2ab a2ab aa8b a2ab a28a a2ab a2ab a2aa a2aa a2aa a2ab a2ab a28b 9a6a 924a 926a a2ec b38e ab6f 9b0d 930d c493 dd77 9b6e 71a8 81c8 a28b b34e b34e 9aab a32d d4f4 fe7a ee38 b4b2 ac92 b4f3 acf4 ad14 a4f4 a4d3 a4d3 a4d3 acf3 b514 bcf3 bcd3 bcf3 b451 9b0c 8a6a 92aa a32c a36d bc0f e595 fed9 fed9 e5f5 c531 c531 cd93 cdd3 c592 bd31 b511 b512 bd54 c595 c5b6 cdb6 cdb7 d5f8 d638 d659 d659 d659 d679 de79 de99 de99 deb9 de99 de98 e698 de78 e6b8 ff5b ff7b f6fa e698 eeb8 f6f9 eeb8 d5f5 b4f1 a44f a46f acb1 acb1 acb1 ac90 b470 bc71 c492 c4b2 bc51 b3ef b410 92eb 5924 
93ce 834c 72ca 5a47 4a05 41a4 3984 41a5 49c6 5207 5248 5a68 62e9 734a 8bcc a42f b4b1 bcb1 ac2f a42e a46f a48f 9c4e b511 e6f8 f77b e6f8 d677 c5f5 bd93 ad12 a4d1 acf2 b533 bd74 bd95 c595 c595 c575 bd54 b534 b534 b513 b513 bd33 b512 acb1 a470 acb1 b4f2 b4d2 b4d1 93ee 6aa9 72ea a44f b4b2 8bae 5a27 4165 4165 4985 4145 4145 4986 4986 4186 4166 3945 3904 3104 30e4 30e4 30e4 30e4 3905 4146 4966 4986 4987 49a7 49a7 49a7 49a7 49a8 49a8 51c8 49c8 49a8 49a8 4987 4967 4147 4146 3926 3926 3926 3926 3926 3926 3906 30e5 30e5 3906 30e5 30e5 38e6 38e6 38e6 38e6 38e6 30e5 3946 3966 3946 3946 3946 4167 4187 4187 4187 4187 4187 4187 4167 49a8 5209 5209 51e9 51e9 5a2a 51c9 3105 4187 6aac 72ed 6229 4125 30c3 38e4 4145 51a7 51a7 5187 51a7 5a29 6a8b 7aed 93b0 a432 93b0 8b90 93d0 7b2e 5a0a 3906 3906 4147 49a8 622b 5a0a 5188 59ea 6a6b 6aad 7b4f 9431 9c72 83d0 83af a4d3 c5d6 d5f7 d5d6 d5b5 ddb5 dd94 edb5 edb5 d4b2 b38e a2eb a2ec 9a8b 81c7 7965 7964 7985 7985 7985 81a6 81c6 81c6 89e6 8a07 9207 9228 9228 9248 9248 9228 9228 9228 9228 9249 9249 9228 9228 9229 9229 9a49 a24a 9a6a 9a49 9249 9249 9269 9269 9249 9249 9229 9229 9229 9249 9a8b 9acb 92cb 92ec 930d 8b0d b492 d597 b472 828b 79a7 9209 ab0d b36f a2ec a30d cc92 fe59 ee59 bcf3 ac92 b4f4 ad35 ad35 ad35 a515 a535 ad55 b555 b535 b514 b514 bd34 c554 b4b2 a3ef 830b 7289 9bad dd74 fe78 feb9 ee36 cd12 b46f bc8f c4d1 d553 cd53 bcd1 b491 bcf2 bd54 bd55 b534 b535 bd76 bd96 c5d7 cdf8 ce18 ce18 d638 d659 d679 de79 de79 de58 de58 de58 de58 e678 e6d9 eefa eed9 eed9 eed9 eeb8 eed9 eed9 d616 a470 93ee 9c6f a490 acb0 ac70 a42f ac50 bc92 bcb2 b451 b430 bc92 abf0 82ab 
9bef 832c 6289 5207 49c5 4185 3965 4186 41a6 49c7 4a07 5247 5ac9 6b2a 7b4a 8b6b a3ee bc91 b490 ac6f a42e a44e a46f bd52 eed8 ff7a e6f8 ce35 bdb3 b572 acf1 a4d1 acd1 acf2 b4f2 b4d3 b4d3 acd3 acd3 acd2 acf3 acf3 acd2 acb2 acf2 a4b1 9c50 9c30 acb1 b4d2 ac91 ac70 8b6c 5a07 6248 93ce ac91 a450 72ea 4165 3103 4165 4985 49a6 4986 4986 4166 4166 4145 4145 3925 3904 3104 30e4 30c3 30e4 3904 3925 4145 4146 4966 4966 4966 4967 4987 49a7 49a7 51c8 51c8 51e8 51c8 51c8 49c8 49a7 49a8 4988 49a8 51a8 49a8 49a8 4167 4147 4147 3926 3906 3906 30e5 30c5 30c5 30c5 28a5 28a5 30e6 30e6 30e6 30c5 30c5 30e5 30e5 3106 3926 3906 3105 3105 3105 3926 3926 3926 4167 49a8 520a 4988 3927 626c 9c33 acb4 9bf1 72cb 59e8 4145 30e4 3904 4145 4986 51c7 59e9 622a 624a 72cc 832e 7b2d 93b0 ac94 a453 834f 5a2a 4188 3906 3906 51c9 59ea 5189 61ea 6a4b 626b 62ac 7b6e 8c31 7b8f 7baf a4d3 bd95 c5b5 d5d5 e678 feb9 f636 ed94 cc70 9aeb 8a28 a2eb d451 cc10 a2cb 81c7 7964 7984 7964 7964 8185 8185 8185 8185 8185 81a6 89c6 89c6 89c6 89c6 89e7 89e7 89c6 89c6 89c7 89c7 89c7 89c7 89e7 89c7 89c7 91e8 9208 89e7 81c7 81e7 8a28 8a27 81e7 81e7 8207 81e7 81c7 81e8 8a49 8a4a 8229 7a4a 82cc 8b4e ac92 c576 b4f4 8b2e 79e9 81c8 9aac ab4e a32d a32d c451 f619 f659 c514 b4b3 b514 b576 b596 ad97 ad96 ad97 ad96 ad76 b575 b575 b555 b534 bd75 cdd6 bd74 940e 730a a490 f6b9 fed9 ee37 d553 bc70 b40e bc0e c470 dd13 dd34 c471 b430 bcd3 c535 bd55 b4f4 acf4 ad35 ad76 bd96 bd97 bdb7 bdd7 c5f7 c5f8 ce18 ce19 d639 d659 d659 d659 e699 e6ba de99 de78 e6b9 f73b f71a e6b9 e6d9 ff5b f71a bd73 9c4f 9c4f a490 acd1 a491 a450 ac71 b492 b492 b472 b471 b451 b451 b451 
8bcd 7b2b 6288 5a26 49e5 41a5 4185 41a6 41a6 41a6 41c6 49e7 5247 5a67 6ae9 8b4c 8b4b 936b a42e ac8f a46f 9c0d 940d bd52 f739 ff9a de96 c5d3 b572 b531 acd1 a4d1 9cb0 a4d0 a4d1 acd2 acb2 ac92 acb2 acd3 a4f3 a4d3 9c91 9c51 9c71 a451 a450 a471 acb1 a490 940e 93ee 834b 5a06 6248 8b8d a430 9c2f 7b0b 49a6 3924 4165 49a6 49a6 4185 4165 4165 4165 4165 3945 3945 3925 3904 3104 3904 30e4 30c3 30e4 3904 3925 3924 3945 4146 4166 4986 49a7 51a7 51c8 49a8 49c8 51c8 51e8 51c9 51e9 59e9 51c9 49c8 49c8 49c8 49c8 49a8 49a8 49a8 49a8 4167 4167 4168 4167 4147 4147 4127 4147 3906 3105 3105 3105 30e5 3105 3105 3106 30e5 30e5 30e5 30e5 30e5 3926 3927 28c5 2083 3126 5209 49e9 3967 732e b4f5 bd16 b4d4 b4b3 a452 832d 5187 30a3 38c4 4966 49a7 4186 4186 51e8 5a49 6a8b 7b0d 836e 836f 8bb0 a453 9c32 7b0e 4989 30c6 38e6 4988 59e9 622a 622a 5a2a 49e9 5a8b 8c11 9cb4 9cb3 9472 acd3 bd75 cdb5 ddf7 ddd6 ccf1 b40e 9b0a 71c6 7185 9aaa cc31 cc11 9a8a 8a07 89e6 89c6 81a6 81a6 81a6 81a6 7984 7984 7985 81a5 81a5 81a6 81a6 81a6 81a5 81a6 81a6 81a6 81a6 81a6 81a6 81a6 81a6 81a6 81a6 81a6 7986 7986 81a6 81e7 79c6 79a6 7186 7986 81c7 81c7 7986 6925 6945 71c7 7a29 7229 7229 82ec ac72 cd77 b4d4 936f 8a4b 89c9 926b a2ed ab0d a34d b40f e5f6 f6ba d5d6 b4d3 acb3 b556 b577 ad56 ad56 a556 a556 ad55 ad35 b534 b534 acf2 b533 bd74 bd54 acf2 b513 de16 fefa ee37 dd74 ccd1 bc6f b3cd ab8c bc0e d4d2 ccf1 bc6f ac0e b491 bd14 bd34 b514 ad35 ad35 ad56 ad55 ad35 b535 b535 b535 bd76 b575 bdb6 c5f7 ce18 d638 d659 e69a eeda e6b9 e6b9 e6da f71b eefa e698 eeb9 ff7b f75a d676 bd73 acf1 a4b0 acd1 b4f2 acb1 ac50 b471 b451 ac30 ac10 ac10 ac10 abf0 
8bce 7b2b 6288 5a26 51e5 49a5 41a6 41a6 41a6 41a6 41a6 41a6 41e6 41e5 5a47 7b0a 7ac9 7aa9 93ac ac8f ac8f 9bed 93cc bd31 ff7a ff9b d635 bd72 ad11 a4d0 9c90 9c6f a490 a491 a491 a471 a471 a492 a492 9c72 9c92 a4b2 9c92 a492 acd3 bd34 c595 cdf7 d637 d5f6 b513 940f 72ca 51e6 5a27 832c 9c0f 9c2f 7b4c 51e7 4144 4165 4985 4986 4165 4165 4165 4165 4165 4165 4145 3945 3945 3945 3945 3904 30c3 30e3 30e4 3104 3904 3905 3925 3925 4145 4166 4166 4186 4166 4166 4987 49a7 51c7 51e8 51e8 51e8 51e8 51e8 51e8 51e8 51e8 51e9 51c9 51c9 51c9 51c9 51c9 51a8 49a8 4988 4988 4188 4168 4167 4147 4147 3926 3926 3926 3926 3926 3926 3905 3105 30e5 3926 4167 3905 3105 51e9 72ed 730e 628c 8bd1 b4f6 acb4 b4f5 bd36 acb3 9c11 836e 6a8b 49c7 3925 30e4 3125 4186 5a28 51e8 51e8 72ec 7b0d 72cc 7b2e 9c12 ac94 9c32 834f 626b 4147 3906 51a9 622a 624b 5a2a 522a 6b0d 9c93 bdb7 b596 a4f3 a4d2 bcf3 c4f2 c4f2 b44f a34b 92a8 81e6 6923 7964 aacb d431 cbef 9a69 89e7 89c6 89c5 81a5 89c5 89c6 89c6 89c5 81a5 81a6 89c6 89c6 89c6 89c6 89c6 89c6 89c6 89c6 89c6 89c6 89c6 89c6 89c6 89c7 89c7 89a7 7965 7144 7965 81c6 8a07 81e6 7164 6903 7124 79a5 8a08 9228 8a08 9269 9aec a36e a38e 9baf a431 acb3 b4f4 acf4 9c31 932e 824a 824a 92cc a32d a34d b3cf e596 febb ee39 bd14 a452 a4b4 9cd5 9cd4 94d4 94d4 94d4 94b3 94b3 9c92 9c91 9c91 9c90 8c50 8c4f a4f2 d657 eefa ee99 d5b5 bcd1 b450 bc70 b40f ab8d b3ce cc71 d4b2 bc30 abef ac30 b4b3 b4d4 acd4 a4f4 a514 a535 a534 a514 acf4 a4f4 a4f4 a4f4 ad14 b535 bd76 c5b7 cdf8 ce18 d638 de79 e6ba e69a e6b9 e6da e6b9 de78 de98 eefa ff5b f73a d636 b512 9c4f 9c70 acb1 a450 a430 ac30 a410 9bcf 9bcf 9bd0 a3d0 a3d0 
8bae 730b 5a68 5206 49e5 49a5 49a6 4986 49a6 4186 3966 3965 3984 3984 49e5 6aa9 72a8 7288 8b4b a42e a44e 9c0d 940d bd52 f759 ff7a d615 b531 acd0 a4b0 9c6f 9c4f 9c50 9c70 9c71 a471 a451 a472 a492 9431 9431 9c93 a4b3 acf4 bd55 c5b6 cdf7 de58 e679 e658 c574 93ee 6269 51c6 59e7 72ea 93ae 9c2f 8b8d 5a27 4164 4164 4185 4185 4165 4165 4165 4165 4165 4165 4165 4165 4145 4145 4145 3945 3924 3904 3904 3904 3904 30e4 30e4 30e4 3104 3104 3904 3904 3104 3904 3924 3945 4166 4986 49a7 49c7 51c8 51e8 51e8 51e8 5209 51e9 51e9 51e9 51e9 51e9 51c9 51c8 49a8 49a8 4988 4988 51a9 51c9 49a9 4988 4988 4988 4988 4988 4987 4987 4187 4167 4187 4167 4167 49a8 51e9 624b 834f 93d1 8b91 9bf2 a474 a453 acd4 acd4 9431 9c52 acd4 acd4 8baf 51e8 3104 3104 4186 5208 51e8 49c8 626a 6a8b 626b 72cd 834f 8bb0 9c12 acb4 ac94 7aee 4968 4127 59e9 5a2a 5a2a 7b6f a4d4 ad56 ad76 b555 bd95 bd33 b4b1 ac4f ac0e a36c 92a8 9227 81c5 7943 7964 a269 cbae bb4d 9a28 91e7 89c6 89c5 89c6 89c6 89c6 89c6 89c6 89a5 89a6 91c6 91e6 89e6 89c6 89c6 91c7 89c6 89c7 89c7 89c7 89c7 89c7 89c6 89c6 9207 9208 81a6 7985 81a6 8a27 9268 8a27 7164 60e2 6903 7985 89e6 9248 ab0b b36d b38e bbef c472 c514 bd55 a4b3 8c30 9cd3 acd3 a3d0 8acc 7a4a 828a 9b2d a36d abae dd34 feba feba c515 93f0 9412 8c32 8c52 8433 8453 8432 8432 8431 8431 8c10 8c30 840f 73ed 6bac 8cb0 d698 e73a d657 c574 ac50 a3ce b430 bc0f b38e b38e cc11 d473 c431 b3af abaf ac31 a473 9c72 9492 8c92 8c92 9493 9cb3 9c93 9c72 9c72 9c72 9c72 9c73 a4b3 a4d4 acf4 acf5 b535 c597 cdf7 d618 d618 d638 d637 d617 d617 de78 ef1a f75b deb9 b533 83ee 8bce 9c50 940f 93cf 9bf0 9bcf 93af 93af 9bd0 9bd0 9bd0 
8bad 72eb 5a47 51e6 49c5 49a5 49a6 4186 4186 4186 3965 3945 3964 3963 4184 5a06 6a47 7288 8309 8b6b 93cc 9bed a44e c572 f718 f719 cdf4 b531 acd0 acb0 a490 9c70 9c70 9c70 9c70 9c51 a471 a492 a4b3 9451 9451 9cb3 a4b3 a4d3 acf4 acd3 acb2 acb2 acd2 acb2 93ef 7b0b 5a28 51c6 51e6 6a89 8b8d a430 93ce 6248 4144 4144 4165 4185 4165 4165 4165 4165 4165 4165 4165 4165 4165 4165 4165 4165 4165 4165 3945 3924 3904 38e4 30e4 30c3 28c3 28c3 28c3 28c3 28c3 30c3 30c3 30e3 30e4 3104 3925 4145 4166 4986 4987 49a8 51c8 51c9 51c8 51e9 51e9 51e9 51e9 51e9 51e9 51e9 51c9 51c9 51ea 51ea 51e9 51c9 51c9 51c9 51e9 51c9 51e9 51e9 51c8 51e9 5a2a 5209 4167 49c8 5a09 51e9 626b 834f 93f2 8bb1 8bb1 a453 acd4 acb4 acb3 acb4 b515 bd56 b515 9c31 6aeb 49c7 3945 4166 49c8 5a09 51e8 49c8 51e9 6a8b 72ed 72ed 834f ac73 c537 b4d5 832f 5188 4988 51a8 5a0a 9c73 cdf8 b556 9cb3 9cd3 bd95 bd74 ac90 a40e a40e abcd a32a a2a9 9247 8185 7103 7964 9228 9207 89c6 9207 9a27 9206 91c6 89c6 89c6 89c6 81a5 8184 8185 8185 8185 81a5 89a6 89a6 81a6 81a6 8186 8186 8186 89a6 8186 8186 8186 9208 9a49 91e7 81c6 8a07 9268 9a89 8a68 79a5 6103 6903 7985 7164 7965 9249 9aca 92ab 9aeb 9b4d a410 acd3 9430 738e 9cb2 b514 ac52 9b4e 828b 826a 9b0c a34d ab8e d4f3 fe7a febb c514 93d0 8bf1 8c12 8412 8412 7c32 7c32 7c11 8411 8410 8c10 8c0f 840f 844f 7c2e 94f1 d6d9 e71a cdf6 c553 ac50 9bad a38d ab8e b36e b34d c3d0 d472 cc32 b3b0 a36f 9bd0 9c31 9431 8c31 7c31 7c11 8410 8bf0 83f0 83d0 83d0 83d0 83b0 83b0 83b0 83b0 83af 83d0 8c10 9c92 b514 bd55 bd75 c5b6 cdd6 cdd6 cdd6 cdf6 de77 eef9 e6fa bdb5 83ee 838d 9c30 93ef 93cf 9c10 9bf0 9bd0 9bf0 a411 a3f0 9bd0 
8b8d 72ea 5a27 51c5 49a4 49a5 4986 4986 4186 4186 4165 3945 3164 3964 3964 4184 5a27 6a89 72c9 72e9 7b2a 8bac a44e bd52 eeb8 eeb8 cdb4 acb0 9c4f 9c4f 942f 940f 940f 940f 8bef 8bd0 8bd0 8bf1 8c11 8c11 9431 9452 9451 9451 9c72 9431 8bcf 8bae 940f 9c51 940f 72cb 51e7 51c6 51c6 6248 836c a430 93ce 6248 4144 3924 4144 4165 4985 4165 4165 4165 4165 4165 4165 4165 4165 4165 4165 4165 4186 4186 4165 4145 3945 3925 3904 30e4 30e3 28c3 28c3 28c3 30e3 30e3 28c2 28c2 28c2 28a2 30a3 30c3 30e4 3904 3904 3925 4166 4166 4166 4166 4987 49a7 49a8 51c8 51e9 51e9 51e9 51e9 51e9 51c9 51e9 59e9 51e9 5a09 5a09 5a09 5a29 5a29 5a29 5a29 626a 5a09 4186 5208 626a 5a09 5a4a 7b4e a453 8bb0 836f acb4 a4b4 9452 a4d4 acf5 a4d4 ad15 bd96 cdd7 b515 836e 49e7 28e4 3925 51e8 49a7 4186 51e8 5a2a 6a8b 6aac 72ed 834f 9c12 c536 bcf5 832e 59c9 4147 5a4a a4d4 c5f8 a4f4 9471 9c92 acf3 bcf3 b490 b44f c46f cc4f bb6b aaa8 9a06 8984 7903 70c2 7903 7924 7923 8144 8164 7943 7943 7943 8164 8164 8164 8164 8165 8985 89a6 89a6 89a6 89a6 89a6 89a6 89a6 89a6 89a6 89a6 89a6 89a6 89a6 91c7 91c7 91a6 81a6 81a6 89e6 9207 89e6 7164 68e2 68e2 7123 7123 7103 7944 89e7 926a 9acb 8aab 830c 9c31 9c71 8c30 9cb3 acf4 ac72 a3f0 8b0c 7a6a 8b0c 9b4d abae d4d3 f659 fe9a c4f4 93b0 9432 9433 8c33 8c33 8453 8453 8452 8c52 8c51 9451 8c50 9470 9cb1 9cd1 b574 e6d9 deb9 c5b5 c554 b4b2 a3cf 934d 9b2d a34e a34e b3b0 c452 c473 abd0 934f 9bd0 9c32 9431 8c11 8431 8411 8411 8c11 8c11 8c11 8bf0 8bf0 8bf1 8bf0 83d0 83d0 83b0 83b0 83af 8bf0 9c72 a4d3 acf4 b534 c5b6 cdf7 cdd6 c5b6 cdf6 de98 f73b de78 9c70 83ae 9430 93ef 93f0 9c11 9c11 9bf0 a411 a432 a411 93af 
838d 6ac9 5206 51c6 49a5 49a5 4986 4966 4966 4166 4166 4165 3984 3984 3984 3964 49c6 5a48 6288 6288 6aa9 7b2b 8bcd b512 ee98 ee98 c573 a470 9c2e 9c2f 9c2f 9c30 9430 9431 9431 8bf1 8bf1 8bf1 8bf1 8c32 8c32 8c11 83f0 8bf0 9431 9411 83af 83af 9410 ac92 a491 72eb 4985 51a6 51c6 6248 834c 9c30 93ce 5a28 4144 4144 4144 4165 4165 4165 4165 4165 4165 4165 4165 4165 4165 4165 4165 4165 4165 4165 4165 4165 4145 4145 3945 3925 3924 3924 3104 3103 3923 3103 3103 30e3 30e2 28c2 28a2 28a2 28c2 28c2 28a3 28c3 30c3 30e4 30e4 30e4 3904 3925 4146 4166 4987 49a7 51a8 51c8 51a8 4987 51a8 51a8 51c8 51c8 51e8 59e8 5a08 5a08 5a28 5a28 5a28 51e7 49a6 5a08 6229 6249 626a 7b2d a431 8b8f 8b6f b4d4 a4d4 9452 9cd4 a4f5 9cd4 9cb3 ad15 bdb7 c5d7 b535 83ae 4a08 3124 3124 3945 49c7 51e8 51c8 5a09 6aab 72cc 6a8b 72ac a412 cd57 bcf5 830d 5a09 72ec a493 b535 a4b2 a4d2 acd3 acb1 b4b1 bcb0 c46f d4b0 dc70 c34a a205 8963 9164 9184 9144 8123 8103 78e2 70a1 68a1 6881 68a1 68a1 70e2 7903 7903 7903 7924 8144 8965 8965 8144 8145 8144 8145 8145 8145 8144 8144 8145 8145 8145 8124 80e4 8104 7903 7903 7103 7923 7943 7102 68e2 68c1 7102 7943 8123 7903 81a7 aaec b36e 92eb 7aaa 9c10 ad14 9cf3 9492 8c71 a472 a452 938e 7acb 830b 934c abae d4d3 f618 f639 c4d3 9bd0 9c53 9c74 9474 9474 8c75 8c74 8c74 9493 9492 9492 9491 9c91 9c90 ad12 cdf6 e6b9 d637 bd54 bd13 bcf3 ac71 936e 932d 9b4e 9b2e ab90 bc33 c474 abd1 932f 93d1 9c53 9432 8c32 8452 8452 8c51 9451 9451 9451 9452 9452 9452 9432 9432 9432 9432 9432 8bd1 83b0 9411 9c73 a4b3 acf4 bd96 cdf8 cdf7 c596 c5b6 d638 f75c f73c b534 8c10 9430 93f0 9410 9c11 9c11 9bf1 9c12 9c12 9bd0 938f 
838c 6288 51e6 51c6 51c5 51a5 5186 4986 4966 4166 4166 4165 3984 3984 3964 3964 4185 49c6 5a27 6268 6268 6a88 730a a490 e677 e697 c573 b4f1 acd1 acd2 b513 b534 bd55 bd55 b535 b515 acf5 acf5 acf5 a4b5 9cb4 9c73 8c11 8c11 9c52 9c52 93f0 8baf 93ef 9c10 93ce 6269 4165 49a6 51c6 6248 834c 9c30 8bae 5a07 4144 4165 4144 4144 4165 4165 4165 4165 4165 4165 4165 4165 4185 4185 4185 4165 4165 4145 4145 4165 4165 4166 4166 4166 4165 4145 3945 3945 3944 3944 3924 3924 3924 3923 3103 30e3 30e3 28c3 28a3 28a3 28a2 2883 2883 2883 28a3 28a3 28c4 30e4 38e5 3905 3906 3906 4126 4146 4146 4146 4166 4966 4986 4986 49a6 49a6 49a6 51c6 51c6 51e7 51e7 49a7 4986 51c7 5209 6a6b 7b0d 7b0d 8b6f ac93 ad16 a4d4 9cb4 9cb4 a4f5 a4d4 9472 9472 ad14 bd96 bd75 9c71 5a69 28c3 28c3 4186 51e7 49a7 49a7 5a29 6aab 6a6b 624a 7aed ac73 cd57 b493 8b8f 8baf 9c92 ad14 ad14 ad14 b513 b4d2 bcd2 bcb0 b3ee cc4f dc6f bb4a 99c5 8122 9184 a206 a227 99c5 8964 8144 8123 8144 7903 78e2 70e2 70e2 70c2 68a1 6881 6060 6881 6881 6881 6881 6881 6881 6861 6861 6881 6881 6881 6881 6881 6861 6861 7062 7082 70a2 6881 6061 6081 68e2 7102 7102 7103 7923 8144 8164 8145 9228 ab0c b36d 9b0c 8b2c 9c30 a4d3 9cb2 7c0f 7bef 9c51 ac92 9bf0 82eb 82cb 932c abae d4d3 edf8 edf8 c4b3 a3f1 a453 9c74 9474 9474 8c75 8c74 8c73 8c73 8c72 9471 9491 8c30 83ce a4d1 d657 de98 c5b5 acd2 acb1 b4d2 b4b2 9baf 934e 9b4e 9b0e a34f bbf2 cc94 b3d2 930e 93d1 9c52 9432 8c31 8452 8452 8c10 8bf0 8bf0 8bf0 8bf0 8bf0 8bf0 8bf1 8bf1 8c11 9411 9412 8bf1 8bd0 8bf1 9432 9c52 a493 b534 c5b6 cdd7 c596 bd75 cdf7 ef3c f77d c5d6 9c50 8bef 93d0 93f0 93d0 93d0 93d1 9bf1 93d1 93b0 93b0 
836c 6248 49a5 51c5 51c5 51a5 5186 4986 4986 4966 4166 4165 3964 3984 3985 4185 4165 4185 51e6 5a48 5a68 5a27 6267 8bcd d5f6 e678 c5b4 b513 acd1 b4f2 b513 bd34 bd76 bd96 bd76 bd77 b557 b557 b557 ad16 ad15 ad15 a4d4 a4d4 ad15 ad14 a4b3 9c51 9c51 9c10 834d 5a07 4165 51c6 51e6 6268 836d 9c2f 838d 51c6 4144 4985 4165 4144 4165 4165 4165 4165 4165 4165 4165 4165 4185 4185 4185 4185 4165 4145 4145 4145 4966 4966 4966 4966 4166 4166 4165 4165 4144 4144 4164 4164 4164 4164 3964 3944 3924 3904 3104 30e3 30c3 28c3 28c3 28a3 28a3 28a3 28a3 28a3 28a3 28c4 28c4 28c4 30c4 30c4 30c4 30e4 38e4 38e4 3904 38e3 3903 3924 3923 3924 4165 59e7 6269 5a28 5a08 6a8a 7b2d 834d 7b0c 7b0c 8b8f 9c32 a4b3 9cb4 9cf5 a536 b576 bdb7 bdd7 bd96 b556 ad15 a4d3 acd3 8bcf 5208 28c3 28c3 4166 49c7 51c7 51c7 5a09 622a 6a4b 728c 8b6f ac53 bcf5 b4d4 9c52 a4b3 b555 bd76 ad34 acf3 bd33 c512 b44f ab6b bbcd dc4f d3cc b288 9984 9143 99a4 a1c5 99a5 9184 91a5 91c5 91a5 8964 8164 8144 7923 7903 70e2 70a1 6881 6881 68a1 6881 6881 6881 6881 6881 6881 6881 6881 6881 6881 6861 6881 6861 7062 78a3 70c2 6881 68a1 68a1 7922 7943 8163 8164 8984 8964 8964 9a07 a249 9229 8a28 92ab 9b8e a451 9c91 9471 94b2 8c71 9431 a492 a451 8b4c 82eb 8aeb a38d d4d3 f5d8 edb8 c493 a3d1 a433 9c54 9c54 9455 8c75 8c74 8c53 8c52 8c51 8c31 9451 9410 838d b4d2 e678 e678 c594 a4b1 a471 ac92 ac92 9bf0 8b4e 8b2e 930d 9b2f abf2 c495 abf2 8b0f 93b0 9c52 8c11 83f1 8431 8451 8c31 8c10 8c10 8bf0 8bd0 8bd0 8bd1 8bd1 8bd1 8bf1 9412 9432 8c11 8bd1 8bd0 93f1 9411 9c52 a4b3 b535 bd75 b534 b534 c596 e6da f75c d658 a4b2 83ae 8bd0 9411 93b0 93b0 93d1 9bf1 93d1 93b0 93b0 
732a 5226 4184 49c5 51c5 51a5 5186 5166 4946 4946 4966 4166 4185 3985 3985 3985 39a6 39c6 41c6 4a06 4a27 5227 4a06 6aca acd2 de37 de17 b4d2 9c50 a471 9c51 9c72 9472 9492 9493 9493 9474 8c74 9494 9494 9cb4 a4f5 a4f5 a4f4 acf5 acd4 a4d3 acb3 a4b2 9430 734c 51e7 4165 51c6 5a07 6a89 8b8d 9c0f 832c 4985 3924 4986 4165 4165 4164 4164 4164 4164 4164 4164 4164 4164 3944 3944 4145 4165 4165 4165 4145 4145 3944 4164 4185 4185 4186 4185 4166 4165 3944 4164 4164 4164 4164 4164 4165 4165 3964 3944 3944 3944 3944 3925 3925 3925 30e4 30e4 30e4 30e4 30c4 30c4 30c4 30c4 28a2 28a2 28a2 30c2 30c2 30c2 30e2 30e2 30c1 38e2 38e2 3902 4143 51c6 6247 72c9 730a 836b acb0 b4f2 93ef 8b8e 93cf 9c51 9432 8c53 9d16 ad57 b598 c61a dedc e6fc bdf7 94b2 8c30 9491 ad13 9c51 5a49 28e3 28c3 4166 51e8 51a7 49a7 59e9 6a6b 72ac 72ab 7b2d a451 b4f3 acd3 ad14 bd55 bd55 9c91 a491 c553 c4b1 abad b36b bb4b cb8b cb6a c2e8 aa25 9963 9122 9122 9143 99a4 99a4 91a5 91a5 8985 8964 8964 8964 8964 8123 7923 7923 8144 8144 8123 8103 8124 7903 7903 7903 8104 8104 8104 8104 8104 7903 78e2 80e3 8903 8923 8103 8123 8964 8164 8984 8963 8964 9184 9144 9965 a9e7 91a6 68e3 60e3 8228 a3cf a451 9c51 9cb2 a534 9cf3 8c71 9c92 a471 8b8e 830c 82ea 932b ccb1 edf7 e5b7 bc52 9b90 a413 a434 9414 9434 8c34 8c34 8c33 8c32 8c32 8c31 8c30 8c0f 9c0f cd33 ee58 ddf7 cd75 b4d2 a451 9c31 a451 9c11 8b8f 832e 8b0e 936f 9bf1 bcb5 a432 832f 8bb1 9453 8c11 83f1 7bf1 8431 9452 9431 9431 9411 93f1 8bf1 83d0 8bf0 8bf1 8c11 9412 9412 9412 8bf1 8390 83b0 9411 8bf1 9c32 a4b3 b514 acf4 a4f2 b554 d658 ef1b e6ba acf4 838e 93f0 9411 8b6f 9390 93d1 9bf2 93b1 93b1 93b1 
732b 5206 3963 49a5 51c5 5185 5186 5166 4966 4966 4966 4166 4185 3985 3164 3144 39e6 4a28 39a5 3165 41a5 5227 41c6 49e6 8bcd d616 e699 b4f3 940f 9430 8baf 7b8f 7b6e 736f 736f 6b4f 6b50 7370 7370 6b4f 7b90 8c32 9452 8c11 83d0 7b8f 838f 9410 9c71 9410 730b 51e7 4985 59e7 6228 72aa 8bae 9c0f 7b0b 4144 38e3 4985 4144 4144 4185 4185 4185 4164 4164 4144 3944 3944 3944 3924 3924 3944 4165 4145 4145 3924 3944 3945 4165 4165 4166 4166 4166 4165 4185 4184 4184 4164 4164 4164 4164 4164 4164 4164 4144 4165 4165 4165 4165 4165 4166 4146 4146 3946 3925 3905 3905 3905 30e4 30e3 38e3 3904 3904 3904 3923 3923 4123 4123 4143 4163 4163 4143 4984 6a88 72ea 6aa9 a450 bd13 93ef 836d 9bef ac92 a4d4 9494 9494 94b4 9d15 ad56 ad76 ad56 ad35 ad35 b575 bdb6 ce17 cdf7 a4b2 628a 3104 30e3 4166 51c7 51c8 59e9 6a4a 6a2a 6a6a 7aed 832d 93f0 b514 b535 acd3 a492 9450 a491 bcf2 ac0f a38c c40e ab09 89a4 99a4 b205 b226 a1a4 9963 9963 9984 99a5 99c5 9185 8964 8164 8144 8144 8164 8164 8144 8144 8144 8164 8965 8164 8944 8965 8144 8144 8144 8945 8945 8945 8945 8945 8945 8904 8904 9124 9144 8944 8964 91a5 89a5 8164 8122 7902 8102 8943 9144 9165 78e3 6061 68c3 9249 a3cf 9bf0 9410 9491 8c91 8c71 9492 9cb3 a471 93cf 832c 82ca 930b ccb1 edf7 e596 b431 9b6f 9bd2 9bf4 9414 9414 8414 83f3 8412 8412 8c31 8c31 8c30 9430 ac70 cd34 ddb5 cd54 c534 bd13 ac92 9c31 a431 a472 a432 93b0 8b2e 8b2f 9bf2 bcd5 ac33 832f 93d1 9c53 9432 83f1 8431 8c72 8c51 8c10 8c10 8bf0 8bf0 8bd0 8bd0 8bd0 8bd0 8bd1 8bd1 8bf1 9412 93f1 8390 8bb0 9411 8bf1 8bf0 9c52 acd3 acd3 a4b2 b534 cdf7 e6ba eefb b514 7b4e 93f1 9c11 834f 8b6f 93b0 93d1 8bb1 8b90 8bb0 
6aaa 51c6 4123 4123 4964 5165 5185 5186 4986 4986 4186 4166 4185 4185 3965 3965 41a6 49c7 3965 3944 4165 5206 49a5 3943 5a47 b4f1 eeb8 c594 9c4f 8bee 7b8d 7b6d 7b6d 730c 6aec 6b0d 734e 736e 732e 62ec 6b0e 83d0 8bf0 838f 732e 7b4e 7b6e 7b4e 93f0 93f0 7aec 5a08 49a6 51c7 6249 832c 93ce 8b8d 6269 4164 4144 49a5 4144 3924 4185 4185 4165 4165 4165 4164 4145 4145 3944 3944 3945 4145 4165 4165 3944 3944 3944 3944 4165 4165 4165 4165 4166 4165 4185 4185 4185 4164 4164 4144 4144 4144 4164 4164 4165 4165 4165 4165 4166 4166 4166 4166 4166 4166 4165 4145 4146 3945 3945 3945 3945 4165 4165 4165 4165 4165 4164 4165 4165 4965 51c6 4985 3903 4985 51e6 49a5 6a69 834d 834c 832c 93ae acb2 acf4 9cb3 9492 9493 9cb3 9cb3 9472 9472 a4d3 b576 c5d7 c5b7 c5b7 cdf8 d618 a492 5229 28a3 30e4 51c8 49a7 4987 59e9 6209 6229 728b 72ab 836e a4b3 a4b3 9c71 9c91 a470 a44f b42e bbcd c3cd cbac b288 8943 80c1 9103 9964 9985 99a5 a1e5 a1e5 99a4 8963 8963 8964 8964 8943 8943 8943 8944 8944 8944 8944 8964 8985 8964 8944 8964 8965 8944 8944 8944 8964 8964 8944 8944 8965 8944 8924 8944 8943 8943 8943 8964 8943 80e2 78a1 7080 7061 7881 80c2 80c3 7082 6882 7103 9a8a abaf 932c 8b6d a450 9c50 9430 9472 9492 9c72 9c10 832d 7a8b 8acb c472 edb7 e577 abf1 936f 9c13 9433 8c33 8c74 8cb5 94f6 9cf5 9cd4 9472 9431 9410 9c10 ac71 cd34 cd96 c554 bd14 b4f3 a4b2 9c92 9c51 9c51 a472 9c11 8b4f 82ee 9390 b495 ac13 830f 93d1 9432 8bf1 8c32 8c73 8c52 8c10 8bf0 8bf0 8bf0 8bf0 8bd0 8bd1 8bd1 83d1 83d1 83d1 83d1 8bf1 8bf1 83d1 83d1 8bf1 83d0 8bd0 9431 9c72 a492 a492 b514 cdb6 e69a f71b bd75 7b6d 8bcf 9410 838f 838f 8bb0 8bb0 93d1 93b0 93b0 
6a29 5186 40e3 40c2 40e2 4944 4985 49a6 49c6 41a6 4186 3965 4165 4165 4165 49a6 4165 4144 4985 4164 4164 51c5 49c5 3942 3922 8b8b de35 d5f4 acd0 940d 838c 83ac 8bad 838c 7b4c 7b4c 838e 8bcf 8bcf 838e 838f 83b0 8bd0 8bb0 8b8f 93f1 8b8f 72cc 93d0 9c11 72ab 59e8 51c7 59e8 72cb 93ae 93cf 72eb 51c6 4165 49a5 49a5 3944 3924 4165 4165 4165 4165 4165 4165 4165 4165 4165 4165 4165 4165 4165 4165 4165 4165 4165 4165 4165 4165 4165 4165 4165 4165 4165 4165 4165 4165 4165 4165 4165 4165 4165 4165 4165 4165 4165 4165 4165 4165 4165 4165 4165 4165 4165 4165 4165 4165 4166 4166 4165 4165 4165 4165 4165 4165 4165 4166 4145 4165 5a28 5a28 4145 30c3 28c2 3904 30e3 4165 6aaa 72eb 834c a471 acb2 9c71 a4b2 a4b2 a4b2 a492 a493 a4d4 acf4 acf4 acf5 acf5 a4d4 acf5 c5b8 b536 7b6e 4166 3104 4186 3945 4125 51c7 5a08 5a28 6249 72ab 834e 83d0 83f0 9450 b4f3 b4d1 a3ed b349 d3cb dbcb c287 b1e5 b1a5 9924 80c3 80c3 8104 8986 99e6 99e4 91a2 8962 9163 9183 9163 9163 9163 9163 9163 9143 9143 9164 9164 9164 9144 8944 8944 8944 8944 8944 8944 8944 8924 8124 8124 8143 8143 7942 7942 7922 7902 78e1 78c1 78a1 7860 7860 7841 7820 7000 7841 80c3 8104 7904 7945 a28a b36d 8248 8a89 b3ef b450 a430 8c51 8c73 9c73 9c12 832e 7a4b 92ad c433 e557 d516 abf2 9390 9c73 8c93 8472 8cd3 9575 a5d7 adf7 ad75 9cd2 9430 93ef 9bf0 ac51 c534 cdd7 cdd6 b534 9cb2 9cd2 9cd2 9471 8410 8c31 9c52 8b8f 82ee 8b2f ac12 a3d1 8b2f 93d1 8bf1 83b0 9472 94b3 8410 8bef 9410 93f0 93f0 8bf0 8bf0 8bf1 8bf1 83f1 83f1 83f1 83f1 83d1 83d2 83f2 83d1 83b0 83b0 8bf0 8c11 9431 9c51 a4b2 b513 cdb6 ee99 ff1b c595 7bad 7bae 840f 83cf 83ef 83cf 8b8f 9bd1 93d1 93b0 
6209 5166 40e3 40a2 40c2 4903 4965 49a6 49a6 49a7 41a6 4186 4165 4145 4165 49a6 4145 4145 4986 4964 4143 4984 49a4 4163 3921 72c8 b511 c572 bd31 a4af 8bac 7b2a 7b4b 8bad 83ad 7b2c 6b0c 83ae 9c72 a4b3 9411 7b4e 7b4e 8bd0 93f0 93d0 7b0e 6a8b 93d1 9bf1 622a 51a7 5a09 72ab 8b8e 9bef 8b8e 6a89 49a5 4164 4164 4184 3964 3964 4165 4165 4165 4165 4165 4165 4165 4165 4165 4165 4165 4165 4165 4165 4165 4165 4165 4165 4165 4165 4165 4165 4165 4165 4165 4165 4165 4165 4165 4165 4165 4165 4165 4165 4165 4165 4165 4165 4165 4165 4165 4165 4165 4165 4165 4165 4165 4165 4166 4166 4166 4166 4165 4165 4165 4166 4165 4166 4145 4165 51c7 5a48 5208 30e3 2882 3904 30c2 4144 72cb 72ca 72eb a471 acd3 9c51 9c71 9c72 a492 a4b3 a4d3 a4d4 a4b3 a4b3 a4b4 a4d4 9c72 9431 a4d4 b515 9431 62ab 3945 30e4 4166 49c7 49a6 51e7 5a28 6229 6a6a 72ec 6b4e 736e 8c30 b513 acd1 a3cc ab29 cb69 cb29 a9e4 a962 a984 9945 9105 80e4 78c3 70e3 7903 8182 91e3 99e4 9183 9163 9163 9163 9163 9163 9163 8943 8943 8943 8943 8944 8944 8944 8944 8944 8944 8944 8924 8123 8123 8123 8123 8123 7922 7121 7121 7101 70e1 70c0 70a0 7880 7881 7861 7861 7861 7861 7882 8904 9186 91a7 91c7 9a6a 9aca 79c6 8248 a38d 9b6d 8b8d 8451 8473 9c73 9c32 8b2e 7a4b 928d cc33 e537 ccb5 abf2 9bd1 9473 8c93 7c72 7c92 8514 9555 9d55 9cf3 9471 9410 9bef 9bf0 a430 bcf4 cdb6 c596 ad13 9cb2 9cd2 94d2 8c71 7bef 8410 9431 93d0 8b4f 8b0e 9bb1 9bb1 934f 93f1 93f1 83d0 9452 8cb3 8431 8bf0 9410 93ef 93f0 8bf0 8bf0 8bf1 8bf1 8bf1 83f1 83f2 83f2 83d1 83d2 8bf2 83f1 83b0 83b0 83f0 8c10 9410 9c51 a492 b514 cd96 e679 fefa c595 83ad 7bae 83ef 83ce 83cf 83cf 8b8f 93b0 93b0 8bb0 
6208 5165 40e3 40e3 40e2 4103 4124 4165 4186 49a6 41a7 41a7 4186 3945 3944 4185 4165 4165 49a6 4165 3923 4164 49a5 49a4 4143 5205 8b8c bd32 bd53 a46f 8bcd 838c 838d 8bce 83ae 7b4c 6aeb 732c 83ae 8bcf 8bcf 83af 8bcf 8baf 838f 8baf 836e 7b2d 9c11 9bf0 6a4a 51a7 6a6a 8b8e a431 9bcf 7b0b 5a28 49a6 4144 3923 3964 41a5 4185 4165 4165 4165 4165 4165 4165 4165 4165 4165 4165 4165 4165 4165 4165 4165 4165 4165 4165 4165 4165 4165 4165 4165 4165 4165 4165 4165 4165 4165 4165 4165 4165 4165 4165 4165 4165 4165 4165 4165 4165 4165 4165 4165 4165 4165 4165 4165 4165 4165 4165 4165 4165 4165 4165 4165 4165 4165 4165 4165 4164 4185 5a28 6a8a 4985 28a2 3903 30e3 4965 72ca 72ca 72eb 9c30 a4b2 9c72 9451 9451 9c72 a4b3 a4d3 a4b3 9c72 9c72 a4b3 ad15 ad35 ad35 b556 c5b7 bd76 9c72 5a4a 28a3 4166 51e8 4165 4966 51e8 5a29 6229 6249 62ab 730c 940f bd13 b470 9b6b b34a c349 bae8 a1e4 9963 a163 9965 9965 9124 80e3 7081 6860 70c0 8942 91a3 9163 8942 9143 8943 8943 9143 9164 8943 8943 8944 8943 8944 9144 9164 9144 8964 8964 8944 8944 8944 8924 8924 8924 8144 8143 7922 7922 7922 7902 7902 8102 80e2 88e2 88e2 88e3 88e3 88e3 8904 9186 99c7 91c7 91e7 89e7 81a6 6944 8228 9b2c 8aca 830b 9410 9452 a452 a431 8b4e 7a6b 8aac c473 dd57 bc94 a3f2 9c12 9473 8c53 7c32 7c52 7c72 8493 8492 8471 8430 8c30 9430 9c30 9c10 b4d3 c576 c575 acf3 a4b2 9cd2 9cb3 9471 8c10 8bf0 9411 9c12 8b90 7b0e 8b4f 8b70 8b90 9412 8c12 83d0 8431 8c72 8431 8c10 8c10 8bf0 8bf0 8bf0 8bf1 8bd1 8bf1 83f1 83d1 83f1 83d2 83d2 83f2 83f2 83d1 83d1 83b0 83d0 8bf1 9410 9c51 a492 b4f3 cd96 e659 f6da c575 83ce 83ce 83ef 83cf 83cf 8bd0 838f 8b6f 8b90 8bb0 
59e8 4965 40e3 40e3 40e2 40e2 3903 3924 4165 4186 41a7 41a7 4186 3945 3944 4165 3944 4165 49c6 4165 3923 3944 49a5 49c5 4164 3922 5a67 acb0 b532 9c2e 940e 940e 8bee 83ad 7b8d 7b8d 7b6c 732c 62aa 5a89 730c 8bef 9c30 8bae 7b4d 93f0 9c31 93cf 9c31 9c10 7b0c 6a6a 7b2c 9c31 a451 836d 6228 49a6 49a5 4185 3944 3964 49c6 49a6 4165 4165 4165 4165 4165 4165 4165 4165 4165 4165 4165 4165 4165 4165 4165 4165 4165 4165 4165 4165 4165 4165 4165 4165 4165 4165 4165 4165 4165 4165 4165 4165 4165 4165 4165 4165 4165 4165 4165 4165 4165 4165 4165 4165 4165 4165 4165 4165 4165 4165 4165 4165 4165 4165 4165 4165 4165 4185 4165 4165 4144 51e7 6a8a 5a08 3924 30e3 2881 38e3 5a07 7aeb 834c 8bae 9c51 a4b3 9c71 9431 9431 9472 9c72 9472 9452 9c72 a4f4 b556 ce19 debb de7b e6bc e6dc cdf9 83cf 4166 3925 4166 3945 4166 49a6 5208 5a28 51e8 5a28 72aa a3ee cd12 b40e a32a bb4a cb6a c309 b226 a1a4 9943 9123 9144 9165 9144 80e2 70a1 7080 70a0 78e1 80e1 8101 8101 8902 8922 8923 8943 8943 8943 8943 8943 8943 9144 9164 9144 9164 9164 9144 9144 9144 9144 9144 8964 8964 8984 8984 8984 8984 8984 8964 8964 9164 9144 9144 9145 9145 9124 9145 9986 9186 8165 8144 7903 68e2 6903 8a27 a30b 8a89 8aaa a3cf a411 b452 ac31 934e 7a8b 8acc bc93 cd16 a432 9bf1 9c52 9453 8c53 8432 8432 8453 8452 8452 8451 8431 8c30 8c51 9431 9430 acb2 bd55 bd55 ad14 a4b3 a4b3 a4b3 9c72 8c11 8bf1 9411 9c32 8bb0 730e 72ee 7b2f 8bb1 8c12 8bf2 83d1 83f1 8432 8432 8c11 8c10 8c11 8c11 8c11 83f1 83f1 83f2 83f1 83f2 83d2 83d2 83f2 83f2 83f2 83f1 83d0 83b0 83d0 8bf1 9410 9c31 a471 b4d3 cd96 ee79 f6ba c575 8bef 83cf 83ef 83cf 83f0 8bd0 8b8f 8b6f 8b90 8bb0 
59c8 4925 40e3 40e3 40c3 40c2 38e3 3903 3944 4165 41a6 41a6 4185 4165 4165 4165 4145 4145 49a5 4165 3923 3923 49a5 51c5 4984 3101 4184 7b6b a4b0 a4b0 9c4f 838c 730b 732b 7b8d 83ae 83ce 942f 9430 838e 732c 732c 7b4d 8bae 9410 a472 9c31 8baf 9c10 a452 93cf 8b6e 93cf a451 93ef 6a8a 4165 4124 49a6 49c6 4185 4185 49a5 4985 4165 4165 4165 4165 4165 4165 4165 4165 4165 4165 4165 4165 4165 4165 4165 4164 4165 4165 4165 4165 4165 4165 4165 4165 4165 4165 4165 4165 4165 4165 4165 4165 4165 4165 4165 4165 4165 4165 4165 4165 4165 4165 4165 4165 4165 4165 4164 4165 4165 4166 4165 4165 4165 4165 4165 4165 4185 4185 4165 4165 3944 4185 5a28 6a89 5a28 3924 2882 2881 4144 7b2b 93ee 7b2c 8bef acd3 9c72 9431 9430 9451 9431 8c31 9432 9473 a4f5 b577 d639 e6dc de7a de7a e6dc de5a b515 730d 4166 3105 49a6 49c7 49c8 51c8 59e8 51c7 51e7 72ca a42f c4d2 abed 9ae9 bb4a cb8a cb29 ba86 a1c4 9122 88e2 88e3 9144 9985 9185 8923 78e1 78c0 78a0 70a0 78a0 78a0 78c0 78c1 78c1 78c1 80e2 80e2 80e2 80e2 80e2 8903 8923 8923 8924 8924 8924 8944 8944 9144 8964 8964 9164 9164 8984 89a4 89a4 8984 91a5 91a5 91a4 9985 9164 9144 9164 8924 8903 8924 78e3 70a2 70c3 68a2 60a1 7144 8a68 9aea 8a89 8aaa 9bcf a431 b472 b452 936e 7aab 8aec bc73 c4b4 9bb0 9bd1 a453 9432 8c53 8c73 8473 8473 8452 8431 8431 8431 8c31 9451 9430 93f0 a471 b514 b514 acd3 a492 a4b3 9c92 9472 8c11 9411 9411 9c32 93d1 7b0e 6acd 7b2f 93d2 8bf2 8bf1 8c12 83f1 7bf1 8432 8c11 8c11 8c11 8c11 8c11 8bf1 8c12 8bf1 83f1 83f2 83f2 83f2 83d2 83f2 8c12 83f1 83d1 83b0 83d0 8bf0 8c10 9410 a471 b4f3 cdb6 e679 ee9a c575 8c0f 83cf 83ef 83cf 83f0 8bf0 8b8f 8b6f 836f 8bb0 
51c6 4124 38e2 4103 48e2 40c2 38e3 38e3 3103 3124 3965 4186 4166 4166 4966 4986 3944 3923 41a4 4185 3944 3944 49a5 51e6 41a4 3922 3923 5206 8bad acd2 a491 838c 62a9 6aea 7b6c 7b8c 83ad a4b1 cdd6 cdd6 a491 7b4c 72eb 8bae a491 acb2 9c10 8b6e 93ef a471 a450 a430 a451 9c10 7b2c 51e7 30e3 3903 49a6 51c7 49a6 4165 4165 4165 4145 4165 4165 4165 4165 4165 4165 4165 4165 4165 4165 4165 4165 4165 4165 4165 4165 4165 4165 4165 4165 4165 4165 4165 4165 4165 4165 4165 4165 4165 4165 4165 4165 4165 4165 4165 4165 4165 4165 4165 4165 4165 4165 4165 4165 4165 4165 4165 3965 4165 4165 4165 4165 4165 4165 4185 4144 4164 4165 4165 4144 3924 49a6 72eb 72ea 49a5 3122 28a0 2880 72ea a42f 7b0b 7b4d 9c51 9472 9452 9452 9432 9432 9431 8c31 8c51 9cb3 a4f4 ad15 a515 ad15 ad15 b535 b535 b536 9c52 49a8 28a4 4167 4187 4186 41c7 5228 51e7 51c6 82ea bc4f cc90 a32a 9a67 b2c8 bae8 c2c8 c2a9 ba67 a1a5 8943 8942 9163 9184 9984 9184 8943 8922 80e1 78a0 7060 7080 7880 7881 7080 7080 7080 7080 7080 7080 7080 78a1 78c1 78c1 78a1 78c1 80e2 80e2 80e3 8103 8903 8923 8123 7922 7922 7942 8143 8143 8943 8943 8123 8103 80e3 80e3 80c3 7882 7881 80e3 6881 5820 68c1 7102 7103 81a5 9248 9248 79c6 8a68 ab8e b3f0 bc31 bc31 a36e 8acb 82ec ac51 ac93 8b8f 93f1 9c73 8c32 8c53 8c74 8c74 8c94 8473 8453 8452 8c52 8c51 8450 8430 8c2f 9c91 acf3 b514 acf3 a4b3 a492 9c92 9c72 9431 9411 9411 9412 8bd1 7b6f 6b0d 7b8f 9432 8412 8412 8c53 8412 7bd1 8412 8c11 8c11 8c11 8bf1 8bf1 83f1 83f1 83f1 8412 8412 83f2 83f2 83f2 83f2 83f2 83f1 83d1 83b0 83d0 8bf0 93f0 9c31 9c71 acf2 cdb6 e679 e659 bd35 8c10 7baf 7bae 7baf 83f0 8bd1 8390 834f 8370 8bb1 
51c7 4124 38c3 4903 48e3 40e2 38e3 30e3 30e3 3104 3124 3945 4145 4165 4986 51c6 4165 3924 4185 4185 3964 3944 4165 49a6 41a6 4165 3944 3924 5a68 93ef a491 9c2f 83ad 838c 7b4b 730a 7b6b a46f cdd5 f6fa e6b9 bd53 9c70 9c4f 9c50 a470 940f 8bce 9c0f a450 a450 a470 a430 834c 6248 4165 3903 3903 4185 49a6 41a6 3965 3924 3944 4165 4165 4165 4165 4165 4165 4165 4165 4165 4165 4165 4165 4165 4165 4165 4165 4165 4165 4165 4165 4165 4165 4165 4165 4165 4165 4165 4165 4165 4165 4165 4165 4165 4165 4165 4165 4165 4165 4165 4165 4165 4165 4165 4165 4165 4165 4165 4165 4165 4165 4165 4165 4165 4165 4165 4165 4164 4164 4164 4164 3944 3923 4185 6289 7b0b 6248 51e6 3902 2040 5a07 8bad 834c 7b4d 83af 8c10 9c72 9c93 9472 9452 8c52 9452 9452 8c52 8c32 7bd1 7390 8411 8c32 83f1 8c12 a4d5 a4d4 62cc 3126 20c4 28e4 3166 41c7 5229 51c7 5984 92e9 cc2e d3ed bac9 a206 aa06 a1c5 aa06 bac9 c2e9 b288 aa46 a1e5 9983 9163 9142 9143 9143 9144 9143 8902 80e1 80e1 80e1 78c1 78a1 7080 7080 7080 7060 7060 7060 7060 7060 7060 7080 7080 7081 7881 7881 78a1 78a1 78a2 78c1 70a1 70a1 70a1 70a1 70a1 70a1 70a1 70a1 7081 7081 7081 7081 6860 6860 78e2 70a1 6860 8123 8964 8984 91c6 89c5 7943 7923 9206 b30b c36d c3ae c3ef ab6c 8aca 8b2c a430 a451 83af 8c11 9473 8c33 8c33 9475 9475 9474 8c54 8c53 8453 8452 8452 8451 8451 9492 a4d3 ad14 b535 b514 acd4 acb3 ac93 a473 9c32 9c32 9412 8c12 8bf2 7bd1 7390 7bf1 8c73 8412 8412 8c94 8c54 8413 8413 8412 8432 8412 8412 8412 8412 8412 83f2 83f2 83f2 83f2 83f2 83f2 83f2 8412 8bf2 83d1 83d0 8bd0 8bf0 9410 9c31 a492 b4f3 d5d7 e659 ddf8 b4d4 8bf0 7b8f 738f 7baf 83d0 83b1 8390 8350 8370 8bb1 
59e7 4104 38a2 4903 4903 40e2 38e3 30c3 30e3 28e3 2904 3104 3925 4145 4185 49c6 41a5 3944 4165 4185 4185 3965 3944 4185 4185 41a6 4165 3124 4165 6269 8bad acb1 b4f2 9c70 838c 7b2b 836b 8bed a4b0 d637 f75b ff5c e678 bd33 940f 93ef 9c50 a450 9c2f 9c0f 9bef 9bef 834c 6248 49a6 4144 4145 4145 4165 4165 4186 4185 3944 3945 4185 4165 4165 4165 4165 4165 4165 4165 4165 4165 4165 4165 4165 4165 4165 4165 4165 4165 4165 4165 4165 4165 4165 4165 4165 4165 4165 4165 4165 4165 4165 4165 4165 4165 4165 4165 4165 4165 4165 4165 4165 4165 4165 4165 4165 4165 4165 4165 4185 4165 4165 4165 4165 4165 4165 4164 4165 4165 4165 4185 3944 3944 4165 51e7 6a89 72ca 6aa9 51c5 28a1 3923 6aa9 8bae 838d 7b4d 8bef 9451 9c72 9452 8c31 8c52 9452 9473 8c52 83f1 83f1 9473 a515 a4f5 9473 9453 a4d4 ad16 9c72 628b 28e5 3105 3987 41a7 4a08 51a6 5964 9b0a d44e cbcc bae9 aa26 99a4 8922 9143 aa27 b2a8 bac8 bac8 b267 a9e5 9984 9963 9963 9164 9144 9143 9164 9163 9163 8943 8922 8102 80e2 80e2 80e2 78c1 78c1 78c1 7080 7060 7060 7080 7060 7080 7881 7881 7881 7881 7881 70a1 7081 6881 6880 6880 6860 6860 6860 6860 7061 7081 70a1 78c2 7081 70a1 8944 8123 78e2 8984 91a5 8985 8984 70e2 6080 70e2 89c6 aaaa b2eb b34d b38d a34c 92eb 8b4c 93ef 9410 8bcf 9452 9c93 8c33 9434 9475 9475 9455 8c54 8c53 8c53 8c73 8472 8472 8c72 9cd2 a4f3 ad14 b535 b535 b4f4 acb3 ac93 a473 a452 9c32 9412 8bf1 83f1 8411 7bd1 8412 8c73 7c12 83f2 9494 8c54 8413 83f2 8412 8432 8432 8412 8412 8412 8412 8412 83f2 83f2 83f3 83f3 83d2 83d2 8412 8bf2 83f1 8bd0 8bf0 9411 9430 9c51 a4b2 b514 d5f7 e659 d5b7 ac93 83cf 738e 7b8f 7bb0 83d0 83b0 8390 8370 8390 8bb1 
59e8 4104 38a2 4103 4903 40e2 38e3 30e3 30e3 28c3 28c3 30e4 3904 3924 4165 49a5 4185 3944 4164 4185 4185 4165 3945 3945 4186 49a6 4186 3945 3924 49a6 6269 838d a470 acb1 9c4f 8bed 8bcd 940e a4b0 bd73 de77 f71a f6fa d616 b4d1 9c2f 9c2f 9c2f 9c0e 93ce 8b8d 7b0a 6227 4964 3924 4144 4985 4985 4145 3944 4185 41a6 4185 4165 4165 4165 4165 4165 4165 4165 4165 4165 4165 4165 4165 4165 4165 4165 4165 4165 4165 4165 4165 4165 4165 4165 4165 4165 4165 4165 4165 4165 4165 4165 4165 4165 4165 4165 4165 4165 4165 4165 4165 4165 4165 4165 4165 4165 4165 4165 4165 4165 4165 4165 4165 4165 4165 4164 4164 4164 4165 4164 4165 4165 3944 3944 4184 4164 51e6 72ea 7b4b 6a88 4984 30e2 51e6 8bad 8bce 732d 83cf 9431 9431 8c11 83f0 8c31 9472 9c93 9493 8c52 9473 a516 b598 b577 a4d5 9473 9453 9cb4 ad15 7b90 3147 3126 41a7 3987 41e7 51c6 69c5 ab2a d40d cb6b c2e9 b246 9963 88e2 80e2 8923 9184 99c5 aa26 aa46 aa26 aa06 aa05 a9e6 a1c5 9965 9164 9985 99a4 9184 9164 9164 8943 8943 8923 8923 8923 8923 8923 80e2 78c2 78c2 80e2 80c2 80c2 80c2 78c2 78a2 78a1 78a1 78a2 78c2 78c2 70c2 70c2 70a1 70a1 70a1 70c2 78c2 78e2 8103 8143 8123 8123 9185 8984 8143 8964 8144 7902 70e2 6880 6060 7902 91c6 9a28 a249 a2ca ab0b a2eb 92ea 934c 8b6d 93ae 93f0 9432 9453 9474 9474 8c74 8c55 8c54 8c54 8c33 8c53 8c53 8c52 8c72 8c72 9492 9cb2 a4d3 ad14 ad14 acd4 ac93 a452 a452 9c32 9411 8bd1 83d0 83f1 83f1 7bf1 7c32 8453 7bf2 7bf2 8c54 8c54 8413 83f2 8412 8433 8432 8432 8412 8412 8412 8413 8412 8412 8412 83f2 7bd2 83d2 83f2 8bf1 8bf1 8bd1 8bf0 9411 9431 9c71 acd3 bd55 de18 e65a c576 a472 83f0 7baf 7baf 83d0 83d0 83b1 83b1 8b91 8bb1 83b1 
5a08 4125 30a2 4103 4903 4102 3903 30e3 30e3 30c3 28c3 30e3 38e4 3904 3924 3944 3964 4164 4164 4185 4185 4185 3945 3945 3966 4187 4186 3945 4186 4186 4185 49a5 6a88 93cd a470 a44f 9c2d acaf c572 c552 b511 bd52 cdb4 d615 cdb4 acb0 9c0d 9c0d 93ed 8b6b 72c9 5a06 4964 3902 3902 3923 4985 4185 3964 3964 4165 4185 41a6 4185 4165 4165 4165 4165 4165 4165 4165 4165 4165 4165 4165 4165 4165 4165 4165 4165 4165 4165 4165 4165 4165 4165 4165 4165 4165 4165 4165 4165 4165 4165 4165 4165 4165 4165 4165 4165 4165 4165 4165 4165 4165 4165 4165 4165 4165 4165 4165 4165 4165 4185 4185 4185 4164 4164 4164 4184 4164 4164 4164 4164 4184 4164 4143 3943 49a5 6a88 7b2b 7b2b 6a88 4984 51c5 7b0b 838d 7b8e 83cf 8bf0 8bf0 83f0 8410 8c11 8c52 9473 9493 9473 8c73 9494 9cb5 9cb5 8c74 8c53 8412 8432 9494 7bb0 41e9 2926 2946 3186 41e7 5a07 8a67 c36b dbac cae9 ca66 b9e5 a143 9123 8903 70a1 70a1 78e1 8121 9182 a1c4 aa05 b225 b206 a9e7 a1a7 9986 9185 9164 9184 9164 9164 9164 8963 8964 8944 9144 9144 9143 8943 8923 8923 8923 8923 8923 8923 8903 8903 8903 8903 8103 8123 8123 8123 8123 8123 7923 8123 8123 8144 8164 8164 8964 8964 8164 8963 8143 8123 8102 78c1 7080 70a0 70c0 78c1 8943 99a4 9984 a1a5 a227 aa88 a288 9ac9 9b4c 82cb 832c 9c31 9451 8c11 8c54 8c54 8434 8434 8434 8414 8413 8412 8432 8432 8c53 8c52 8451 8451 8c72 9c93 a4b3 ac93 a452 a412 9c12 9bf1 93b0 8390 7bd1 7bf1 73f1 73f1 7432 7c53 7412 73f2 7c13 8413 83f3 83d3 8413 8433 7c33 7c33 7c33 8433 7c13 8413 8413 83f3 8413 83f2 7bd2 83d1 8412 8c12 8bf1 8bf1 8c11 9431 9c51 a492 b4f3 c575 de39 e63a bd36 9c32 83f1 7bb0 7bd1 8411 83f1 83d1 83b1 8bd2 8bd2 83b1 
5a29 3904 30a2 4103 4103 4102 3903 38e3 30e3 30e3 30e3 30e3 30e3 30e3 30e3 28e2 3943 4184 4185 4165 4185 4186 3965 3945 3966 4186 3966 3965 3945 3945 4164 4164 49a5 5a27 7309 93ec a48f acaf acaf a48f acaf acf1 b4f1 b4d0 b4f0 b4d0 bcf1 b4d1 93ac 6a88 59e5 4984 4964 4123 3903 3923 3923 4144 3944 3965 3965 3965 4165 4165 4165 4165 4165 4165 4165 4165 4165 4165 4165 4165 4165 4165 4165 4165 4165 4165 4165 4165 4165 4165 4165 4165 4165 4165 4165 4165 4165 4165 4165 4165 4165 4165 4165 4165 4165 4165 4165 4165 4165 4165 4165 4165 4165 4165 4165 4165 4165 4165 4165 4165 4185 4185 4164 4164 4184 4184 4164 4164 4164 4164 49a5 4164 30e1 3943 51c5 5a06 72ea 8b8c 834b 6a88 5a06 5a47 730b 83ae 83af 83cf 8c10 8c31 9452 9452 8c52 8411 8411 8411 8432 8c32 8432 8c53 9cb4 a516 a516 9cd5 8c32 7bb0 62ed 3167 18c4 2945 39a6 6248 a32a cbcc d36b c287 b1c4 a943 9903 9964 99a5 8964 7902 70c1 70c0 80e0 8921 9142 9142 9122 9924 a166 a1a6 99a5 9184 91a4 9184 9184 9184 9184 9184 8964 8963 8943 8943 9164 9164 9164 9164 9164 9144 9144 9144 8943 8923 8923 8944 8944 8944 8944 8964 8964 8964 8964 8164 8144 8143 8143 7923 7923 78e2 6881 6880 70a1 70a1 6860 6840 78c1 8943 9163 9184 9164 9964 9164 99e5 a267 9a67 a2ea 9b2b 7248 72aa a451 9431 83d0 8433 8413 7bd2 7bd3 7bd3 7bf3 7bf3 7bd2 73d1 73d1 7c11 8411 7c10 7bef 8431 9472 a4b3 ac93 ac53 a412 a432 a412 93d1 8b90 8c12 8412 73d0 6bd1 7432 7453 7412 73f2 7bf2 83f3 83f3 83f3 8413 8433 7c33 7c33 7c33 7c33 7c13 8413 8413 8413 8413 83f3 83d2 83d1 8c12 8c12 8c11 8c11 9411 9451 9c52 a492 b4f3 c576 de39 e63a bcf5 9411 83f0 7bb0 83f1 8c12 83f2 83b1 83b1 8bd2 8bf2 8bd2 
6229 4125 30a2 4103 4103 4102 3903 3903 3103 30e4 28e3 28c3 30c3 30c2 28a2 20a1 3102 3944 3944 3944 3965 4186 4165 4165 4166 4166 3965 3965 3945 3925 4185 49a5 4984 4163 51c5 72e8 9bec a44e 9c2d 9c2d a48f b4f1 acb0 9c2e 9c2e b4f0 de15 ee77 c553 8b6b 6226 4143 3902 3902 3923 3902 3923 4144 4164 3944 3924 3924 3944 4165 4165 4165 4165 4165 4165 4165 4165 4165 4165 4165 4165 4165 4165 4165 4165 4165 4165 4165 4165 4165 4165 4165 4165 4165 4165 4165 4165 4165 4165 4165 4165 4165 4165 4165 4165 4165 4165 4165 4165 4165 4165 4165 4165 4165 4165 4165 4165 4165 4165 4165 4165 4165 4165 4165 4184 4184 4165 4185 4164 4164 49c5 4185 3903 4985 51e6 49a5 6247 7b2b 8bad 8bad 72e9 5206 6289 836d 838e 838e 83cf 9431 9431 8c11 8411 83d1 7bb0 7bb1 7bf1 7bf1 7bd1 8432 9cd5 ad57 b598 ad37 8432 73b0 6b4f 39c8 2926 4208 5a8a 7b2c abad cbcd c32a b205 a983 a963 9923 9944 99a5 99e6 91c5 8143 7901 78e0 80c0 80a0 7880 7860 8082 88e4 9124 9144 8964 8964 9184 9184 8964 9184 9164 8964 8964 8944 8944 9164 9184 8964 9164 9164 9144 8944 9144 9164 9164 9144 8944 8924 8924 8144 8944 8944 8144 8144 8144 7923 7902 70e2 70c2 68a1 6060 5820 6020 6880 70a1 7080 70a0 8122 9184 91a4 9163 8943 9143 9143 91a4 9a06 9206 9a68 9aea 8289 82eb a431 93f0 838f 83d1 7bf2 7bd2 7bf3 73f3 73d2 73b2 73b1 7bd1 7bd1 7bd0 7bd0 73cf 7bef 8411 9472 a493 acb4 ac73 ac33 a433 a432 93f1 8bd1 8411 7c11 73f1 73f1 7432 7c53 7c32 7c12 7bf3 83f3 8413 8413 8413 8433 7c33 8433 8433 8433 8413 7c13 7bf2 83f2 83f2 83f2 7bd2 7bb1 83d1 83d1 8bf1 8bf1 9411 9431 9c51 a492 b514 cdb7 de39 d5b8 a473 8390 7b8f 7bb0 83d1 83f1 7bb1 7b90 8391 8391 83b1 8391 
624a 4966 38c3 4103 4103 3903 3903 3924 3104 30e3 28c3 28a3 2882 30a2 28a1 28a1 30c2 30e3 3103 3944 3944 4165 3985 3966 4166 3966 3966 4166 4165 4165 4164 4984 51a5 59a5 59e5 7266 8328 a3eb ac6e ac4d a44e ac8f b4af ac8f ac8e bcf0 de34 ff39 ff39 e5f4 a3ed 6205 4122 4122 3921 3902 4143 4984 4163 3923 30e2 3103 3944 3944 3944 4165 4185 4185 4165 3944 3944 3944 4185 4185 4185 4165 4165 4165 4165 4165 4165 4165 4165 4165 4165 4165 4165 4165 4165 4165 4165 4165 4165 4165 4165 4165 4165 4165 4165 4165 4165 4165 4165 4165 4165 4165 4165 4165 4165 4165 4165 4165 4165 4165 4165 4165 4165 4165 4184 4164 4185 4185 4164 4164 4184 4184 49a5 49c5 49a5 4984 4985 6a68 8bad a44f 93ed 72ea 6289 6acb 730c 732d 7b8e 8c10 83d0 7b8f 83d0 83d1 7bd1 7bd1 7bd1 7bb1 7bd1 8412 8c53 9494 94b5 9494 8433 73b1 630e 526c 528c 6b4e 7bcf 8bce abad c38c c2e9 a9c5 b1a5 b9a5 a144 9103 8924 91a5 89c5 8184 8183 8142 8101 80e0 78a0 7880 7882 7883 78a2 78c3 78e2 78e2 7903 7903 8103 8123 8144 8944 8944 8944 8944 9165 9185 8944 8964 9164 8944 8923 8943 9164 9185 9164 8903 8904 8104 8104 7904 7904 78e3 70e3 70e3 70c2 68a1 68a1 68c1 6080 6040 6060 68a0 70c1 78e1 8102 8122 8943 8943 8943 9143 9143 8943 9163 9184 8964 8964 8985 9a28 a2ab a34d a38f 9b8f 836f 7bb1 7bf2 7c33 7c34 7413 6bd2 6bb1 73d2 83f2 83d2 8391 7b70 73b0 7bf0 8411 8c32 9c73 a473 a473 a453 a432 9c11 93f1 8bf1 83f0 7bf1 7c31 7c12 7432 7432 7c32 7c33 7c13 8413 8413 8413 7bf3 7c12 7c33 7c33 7c33 7c33 8413 7bf2 7bd2 7bd2 7bd2 83d2 7bb1 7b90 7b90 7b90 83b0 8c11 9411 9411 9431 a492 bd55 d619 d5f9 b4f6 8bb0 730e 6b4f 7bb1 7bd1 7370 6b2f 7350 7b50 7b30 730f 730f 
5a29 4165 38e3 3903 4102 4103 3903 3904 30e3 28e3 28c3 28c3 30a3 30a2 30a2 28a2 28a0 28c1 3102 3123 3144 3945 3966 4166 3946 3946 4186 4186 4166 4166 4165 4964 4963 51e4 6266 7ac7 8b69 9bcb a42c ac6e a44e a42d ac6e acaf b4af b48f bcd0 cd72 e634 f6d7 eed7 c572 8b6a 59e5 38e1 30c1 3902 4143 3923 30c2 30c2 30e3 3945 4165 3924 4165 4185 4185 4165 4145 4165 4165 4165 3944 3924 4144 4145 4145 4165 4165 4165 4165 4165 4165 4165 4165 4165 4165 4165 4165 4165 4165 4165 4165 4165 4165 4165 4165 4165 4165 4165 4165 4165 4165 4165 4165 4165 4165 4165 4165 4165 4165 4164 4164 4185 4185 4164 4164 4184 4184 4164 4164 4164 4164 4164 4164 4985 4985 4163 3943 4163 5a26 7b4b 9c0e 9c2f 93cd 730b 5a49 5a49 6aec 8bf0 9432 9432 8c11 738f 7bd0 8431 73b0 73d0 8412 7c12 73d1 7390 6b70 7370 7390 73b1 73b1 7391 7bb1 73d0 73cf 7c0f 8bce a34b cb8c cb4a ba26 b1a4 a944 9903 9124 8944 8964 8185 81a4 8182 8161 8141 8101 80c0 80a1 80a2 80a3 7882 7082 70a2 70a2 70c2 78c2 78e3 7903 78e2 78e2 8123 8123 8123 8964 8964 8944 8943 8944 8923 8903 8903 8924 9144 8944 80e2 70a1 68a1 70a2 70a2 7081 68a1 6881 6861 6881 6081 6081 6881 68c1 7902 7923 7922 8142 8162 8963 8963 8943 8943 9143 9143 9143 8963 9163 9143 8903 8102 7903 7964 8a27 92cb 8b0c 8b0d 836f 8412 8453 73f2 6bd2 63b2 6bd3 7c13 8413 7bd2 7b70 7350 7b90 73d0 73f0 7bf1 8c12 9432 a453 a433 ac33 a432 9c12 93f1 8bf1 83f1 7bf1 7410 7411 6c31 7431 7412 7c12 7c13 8413 83d3 83d3 73d2 73b2 73d2 7bf3 7bf3 7bf2 73f2 73d1 73d1 7bd1 7bb1 7bb1 7bb1 7bb0 7b90 8390 83d0 8bf1 9411 9411 9c52 acd3 bd75 cdf7 cdd7 acd4 8bb0 732e 734f 7390 6b4f 62ee 62ee 6aef 730f 6aae 62ae 730f 
624a 4986 3903 3903 4103 4103 3903 30e3 30e3 28c3 28e3 30e3 30c3 30a2 30a2 28a2 28a1 28c2 28e2 30e3 3103 3924 3945 3945 4166 4186 4186 4166 4166 4165 4144 4143 4964 59e5 7ac8 936a a3ec a3cb 9bcb ac6e b48f a42d a42d ac8e b4cf b48e a40c 9bec ac6e ddf4 ff18 fed8 d593 a40d 6a67 4143 30e1 30c1 30c1 30e2 3103 3923 3924 3924 3924 4145 4165 4165 4165 4165 4165 4165 4165 3944 3924 3924 4165 4165 4165 4165 4165 4165 4165 4165 4165 4165 4165 4165 4165 4165 4165 4165 4165 4165 4165 4165 4165 4165 4165 4165 4165 4165 4165 4165 4165 4165 4165 4165 4165 4165 4165 4165 4165 4165 4164 4164 4165 4165 4164 4164 4184 4184 4164 4164 4164 4144 4144 4143 3923 4143 4164 51e5 6a88 834b 9bee a450 93ef 72eb 5a49 6acb 8bcf 9431 9452 8bf0 736f 83d0 8c53 7bd1 7bd1 8c53 8433 7bf2 73b1 7390 6b70 6b70 7390 7bd1 7c12 8433 8432 8432 7bcf 7b4d 9b0b c38d d38c c2a9 b1c5 a123 9103 9965 99a6 8964 8164 81a5 81a3 89a3 8983 8942 8922 8902 88e3 88e4 80e3 78a2 70a1 68a1 70a1 70c2 70c2 70c2 70c2 70c2 70c2 70c2 70c2 78e3 8103 80e3 8103 8123 8103 78e2 78c2 78c2 80e2 78e2 78c2 7081 6861 6881 6881 7082 68a2 68a2 68c2 68c2 68c2 68c2 68c2 7103 8144 8144 8163 8964 8943 8143 8122 8122 8122 8922 8943 8943 8943 8143 8102 78e2 70a1 68a1 70e2 7164 7a08 828a 82ec 834e 8bf1 8412 73d1 6b91 6391 73f2 8434 8413 7391 7350 7b71 83b1 7bd1 73d0 7bd1 83f1 8c12 9c33 a453 a453 a453 9c32 9c32 9411 83f0 7bf0 73f1 73f1 73f1 73f1 73d1 73d1 7bd2 7bd2 83d2 83d3 73d2 6bb1 73b1 73d2 73d2 73d2 73d1 7bb1 7bb1 7bb1 7bb1 7b91 7b90 7b90 83d1 8bf1 8bd1 8bd0 8bf1 9c52 acd4 b555 c596 c5b7 bd36 9c33 8b90 7b6f 736f 7390 6b4f 6b2f 7370 7bb1 83b2 7b50 730f 7b50 
626a 49a7 3924 3903 3902 4103 3903 30e3 28c3 28c3 30e3 30e4 38e3 38c2 30a2 30a2 30a2 30a2 28c2 28c2 30c3 30e3 3104 3924 3945 4165 4165 4144 4144 4965 4964 4943 5183 6a25 8b08 a3cb b42c abeb a3aa b44d b48e ac4d ac4d b46e bcae bcaf b46e ac2c ac2c b46d c50f d592 e614 ee34 c531 832a 4962 3080 30c1 4143 4164 3923 30e2 30e3 3924 3924 4145 4145 4165 4165 4165 4165 4165 4165 3924 3944 4165 4165 4165 4145 4165 4165 4165 4165 4165 4165 4165 4165 4165 4165 4165 4165 4165 4165 4165 4165 4165 4165 4165 4165 4165 4165 4165 4165 4165 4165 4165 4165 4165 4165 4165 4165 4165 4165 4165 4165 4185 4185 4165 4165 4165 4164 4164 4164 4185 4185 4164 4164 3944 4144 4184 49a5 51e6 6268 836c a470 acb2 9c30 7b4c 6acb 730c 838e 838e 7b6e 7b8f 83d0 8c32 8c53 8c32 8412 8433 8453 8c53 8c54 8454 8433 7c13 7bf2 7bd2 73b1 7bf1 8c32 7bf0 7b4e 8b0c ab6d bb6d b2ca aa08 9985 9124 9985 99c6 8964 8144 8185 81a4 89c5 89c5 89a5 8984 8944 8924 8925 8124 70c3 68c2 68e3 68c2 68c2 68c2 68a2 6882 6882 6881 6881 6881 6881 6882 6882 70c2 78e2 78e3 70c2 7081 7081 7081 7081 70a1 70a2 70a2 70c2 70c3 70c3 70e3 7903 7903 7903 7923 7944 7944 7923 7102 7903 7903 7923 7923 7902 7902 78e2 78e1 78e1 78e1 78e2 7102 70e2 70c1 6881 6860 6860 7081 7904 81a7 928a a34e 9b8f 836e 736f 73b0 7bd1 7412 73f2 73f2 7bb2 7b91 8391 83b2 8bd2 7bd2 7bd1 7bd1 83d2 8c12 9433 9c73 a494 a493 a493 9c73 9452 8c11 83f0 83f0 7bf0 7bf0 73d0 73d0 73d1 7bd1 7bd1 83b2 83d2 7bd1 73d1 7bf1 7bf2 7bf2 7bf2 7bd1 7bd1 7bb1 7bb1 7bb0 83b0 83b0 83b0 8bf1 9412 8bf1 8bd1 9411 a493 b535 bd97 bd96 b576 9c73 8390 732f 734f 7390 73b0 7390 7bb1 8c53 a4f6 b517 acb6 93f2 8370 
626a 51c7 4124 38e2 38e2 4103 3903 30e3 28c2 28c3 30e3 38e4 3903 38c3 30c2 30c2 30c2 28c2 28c1 28a2 28c2 28c3 30e3 3104 3924 3945 3945 3924 3924 4965 5185 59a5 6205 7287 9349 abcb b42c b42c abeb a3cb a40c b46e b46e ac2d a40c ac4d bc8e bc8e b46d ac0b abeb bcae ddb2 e5f3 ddf4 cd51 93cc 6226 4122 3902 4143 4143 30e2 30c2 3903 3924 3944 3944 3944 3944 4165 4165 4165 4165 4165 4165 4165 4145 4165 4145 4165 4165 4165 4165 4165 4165 4165 4165 4165 4165 4165 4165 4165 4165 4165 4165 4165 4165 4165 4165 4165 4165 4165 4165 4165 4165 4165 4165 4165 4165 4165 4165 4165 4165 4165 4165 4165 4165 4164 4164 4165 4164 4164 4164 4164 4184 4185 4164 4164 4164 49a5 4984 4164 49c6 72ca 9c0f acb1 a491 9c50 7b2c 6289 730c 7b6e 83af 9431 83d0 738f 8c32 8c53 8c33 8c53 8c74 8c74 8c74 8c54 8433 7bf2 73d1 7391 6b70 7390 7bd1 7bd0 7b6e 8b0c 9acb a2aa a248 a1e7 a185 9124 8924 8124 8123 7923 7964 7964 8164 8184 8164 8144 8124 8904 8104 8104 7904 7103 7103 7103 70e3 70e3 68c2 68c2 68a2 68a2 68a2 6882 6061 6040 6861 6881 70a1 70a2 70a2 7081 6861 6840 6840 6861 70a2 70c3 70c3 70e3 70e3 70e3 7903 7903 7924 7923 7924 7944 7923 70e2 7102 7902 7923 7903 7902 7902 78e2 78c1 70c1 70c1 70a1 6080 6080 6880 6880 7081 7081 78c2 8145 9208 a30c bc11 ac11 7b4e 630d 6b4f 73f1 8473 7c53 6bb1 6b70 7bb1 8bf3 8bf3 83d2 7bd2 73b1 7bb1 83d2 83d2 8c12 9c33 9c53 a493 a493 a493 9c72 8c31 8411 8431 7c11 7c11 7bf1 7bf1 7bd1 7bd1 7bb1 7bb1 7bb2 7bf2 7c12 7c12 7bf2 7bf2 7bd2 7bd1 7bd1 7bd1 83d1 83d1 83d1 83d1 83d1 9412 9432 9432 9411 9452 acf4 bd76 c5b7 bd56 acd4 8bf1 7b2f 7b2f 7b70 7bb1 7bd1 73b1 7bd2 9474 ad37 b538 b517 9c54 8391 
626a 5a08 4145 30c2 38c2 4123 3923 3103 28c2 28c3 28e3 3104 3903 38e3 30c2 30c2 30c2 30c2 28a2 28a2 28a2 28a2 28c2 30e3 3103 3104 3903 3903 3923 4984 59c5 6a26 7a88 8ae9 9b6a a3cb b40b b42c ac0c 9b49 9b8a ac4e b46e a3ec 9bab a3cb b44c b46d bc8d b44d b46d bc8e bccf bcaf c531 ddd3 d5b3 ac8f 72c8 4963 30c1 30c1 3902 3903 3103 3924 3924 3944 3944 3944 3944 3944 4145 4165 4165 4165 4145 4145 4165 4165 4165 4165 4165 4165 4165 4165 4165 4165 4165 4165 4165 4165 4165 4165 4165 4165 4165 4165 4165 4165 4165 4165 4165 4165 4165 4165 4165 4165 4165 4165 4165 4165 4165 4165 4165 4165 4165 4165 4165 4165 4165 4165 4185 4185 3944 4144 4985 4185 4185 4985 49a5 4985 4144 4164 5a27 834c 93ef a470 acb2 8bce 6aaa 62aa 7b8e 9452 9c72 7baf 6b2e 7bd1 8c53 8c33 8433 8412 7c12 7bf2 73d2 73b1 73b1 73b1 73b1 73b1 7390 7390 7bb0 8bb0 8b2d 8a6a 8208 89c7 99e7 99c6 8944 78c2 7081 70c1 70c2 68e2 68e2 68e2 68e2 68c2 68c2 70a2 70a2 7082 70a2 70a2 68a2 68a2 68a2 68a2 68a2 68a2 68a2 68a2 68a2 68a2 6882 6882 68a2 70a2 6882 6881 70a2 70a2 70a2 6881 6840 6840 7082 68a2 6882 68a2 68a2 68a2 68a2 68a2 68a2 68a2 68c2 68c2 68c2 68c2 68c2 70c2 70c1 70c1 70c2 70c2 70c2 70a1 6881 6860 6040 6040 6060 6060 6881 70c2 8103 8144 8985 91e7 9a8a b38e cc72 c4d4 a431 7b6f 6b0e 7370 8433 8453 73d1 7370 7bb1 83f2 83d2 7b91 7391 7391 7391 7bb1 7bd1 83f2 8c12 9432 9452 9c73 9c93 9c93 9452 8c31 8c52 8c51 8c31 8432 8432 8411 83f1 7bd1 7bb1 7bd1 7bf1 7bf2 7bf2 7bd1 7bd1 7bb1 7bd1 83d1 83d1 83d1 8bf1 8bf1 8bf1 8bf1 9432 9432 9452 9c72 a4b3 b535 bd96 bd76 acf4 9c52 83b0 8370 7b70 8390 7bd1 73d1 7390 73b0 83f2 9474 9c74 9c34 8bd2 8391 
626a 5a29 4965 30a2 30c2 4123 3944 3124 30e3 30e3 30e3 30e4 38e3 38c3 38c3 30a2 30a2 30a2 30a2 30a2 28a2 28a2 28c2 28c2 30e2 30c2 30e2 3902 3922 4943 59c4 7286 8b09 9b6b abab abab b3ca b3cb b3eb a36a a38b ac0d b40d a3cb a3ab abeb b42c b42c ac0b bc6c ccef c48d ac2b b42c b46d c4cf d592 ddd3 bcd0 7ac8 4101 3080 4123 4144 30e3 3103 3924 3944 3944 3944 3924 3924 3924 3944 4165 4165 4145 4145 4145 4145 4165 4165 4165 4165 4165 4165 4165 4165 4165 4165 4165 4165 4165 4165 4165 4165 4165 4165 4165 4165 4165 4165 4165 4165 4165 4165 4165 4165 4165 4165 4165 4165 4165 4165 4165 4165 4165 4165 4165 4165 4185 4165 4165 4165 3903 3903 4165 4985 4165 4165 49a6 49a6 4965 4165 51c6 6aa9 834c 9bef ac91 a450 7b4c 6269 7b4d 9c72 8c10 7b6e 736e 83f1 8412 7bd1 7bd1 7391 6b90 6b70 6b70 6b70 6bb1 73d1 73f2 7bf2 7bd1 7390 83d1 8c12 836f 728c 71e9 822a 924a 9229 91a6 78e2 7081 7081 68a1 6881 5882 5882 5882 5882 5882 6061 6061 6861 6061 5841 5041 5042 5862 5862 5882 6082 60a2 68c3 68c3 68a3 68c3 7925 8186 8165 7904 70c2 68a2 70a2 70a2 6882 6861 6881 70a2 6882 6041 6061 6061 6061 6061 6061 6061 6061 6061 6061 6060 6061 6061 6060 5840 5840 5840 6040 6060 6060 5840 5820 5000 5841 68c3 7103 7124 8185 91e7 9a28 9a48 9a89 a2eb b38e c430 dcf4 dd56 bc73 8b4f 7aee 8370 93f2 8c12 83d2 7bb1 7391 7391 7391 7371 7b72 7392 7bb2 7bd2 7bd2 83f1 8412 8c32 9472 9492 9c92 9c72 9c72 9c72 9c72 a472 9c72 9c72 9452 8c32 8c11 8411 83f1 7bf1 7bd0 7bd1 7bd0 7bb0 7bb0 7bb0 83b0 83d0 8bd1 8bf1 93f1 9411 9432 9431 9432 9452 a493 acf4 b556 b556 acf5 9472 83d0 7b8f 83b0 7b90 7b90 73b0 6bb0 6b90 6b6f 6b6f 7390 7b71 8370 8350 8370 
5a6a 624a 49a6 30c2 30c2 4123 3924 3924 3103 30e3 30e3 30c3 38c3 38c3 38c2 3082 3082 3082 30a2 30a2 28a2 28c2 28c2 28c2 30c2 30c2 30c1 38e2 38e2 4102 5183 7266 934a abec b40c b3cb b3aa b3ca b3eb b3cb abec abec abcc abcb abec bc4d bc6d b42c abea abea b44c bc6c b42c abeb abeb b46d c510 cd51 c4f1 a40d 7ae9 59e5 4102 30c2 30c2 30e3 3904 3944 4145 4145 3944 3924 3924 3944 4145 4145 4145 4145 4145 4145 4164 4164 4165 4165 4165 4165 4165 4165 4165 4165 4165 4165 4165 4165 4165 4165 4165 4165 4165 4165 4165 4165 4165 4165 4165 4165 4165 4165 4165 4165 4165 4165 4165 4165 4165 4165 4165 4165 4165 4165 4165 4165 4165 4165 3924 3923 4165 4165 4165 4165 4985 51a6 4985 4985 4985 59e7 72ca 93ad a430 a471 93ee 6aca 72eb 7b6e 7b4d 7b4e 83d0 8c11 7bd0 736f 6b6f 7390 73b0 73b1 73d2 7bf2 7bf2 7bf2 73d2 73d1 73b1 7bb1 8c12 8c12 8b70 7acd 828b 9aed a30d a2ab a248 91c6 8964 8144 7923 7903 6904 60e4 60e4 60e3 60e3 68e3 70e3 78c2 70e3 7124 7145 7145 7966 7986 7986 81a7 89c7 89c7 89e8 91e8 9208 9a49 a269 9a49 89a6 70e3 6882 68a2 70a2 6882 6861 6881 70a2 6882 5841 5861 6061 6061 6061 6061 6041 6041 6040 6040 6040 6081 68a2 6081 6061 6061 6061 68a2 70e2 7923 7944 7944 7944 7965 89a7 89c7 9208 9a69 aaaa aaeb aaea aaea ab0b b36d b38d cc72 edb7 e5b8 bcb5 9bb1 7b0e 7b2f 8bf2 8c33 83d2 7390 7390 7bd2 7bb2 83b3 83d3 83f3 8413 83f2 8412 8411 8c52 9472 9c92 9cb3 a4b2 a4b3 a4b3 acd3 acd4 acd4 acd4 a4d4 9cb3 9493 9493 9473 8c52 8432 8432 8412 83f1 83f1 83f1 8bf1 8bf1 8c12 9411 9412 9c32 9c52 9432 9432 9c72 a4b4 ad15 b535 acd4 9c72 83f0 7b6f 7b6f 7b90 7b6f 736f 7390 7390 7390 6b70 6b6f 6b4f 7b50 8370 8370 8350 
5a4a 626a 59e7 38e3 38c2 3903 3903 3924 3924 3104 30e3 30c3 30c2 38c3 30c2 3082 3081 3082 3082 30a2 30a2 30c2 30c2 28c2 30e2 30c2 30c1 30e1 30c1 38e1 5162 7245 934a abec b40c b3ec b3cb b3ca b3cb b3ec b40d abec abcc abcb abeb b40c b44c b42c ac0b abca a3ca b42c bc6d b44c ac2c b44d b44d b46e b48f b4b0 a44e 7b0a 4963 3081 30c2 30c2 30c3 3903 4144 4145 4145 3944 3944 3944 4165 4165 3944 4165 4145 3944 4165 4165 4165 4165 4165 4165 4165 4165 4165 4165 4165 4165 4165 4165 4165 4165 4165 4165 4165 4165 4165 4165 4165 4165 4165 4165 4165 4165 4165 4165 4165 4165 4165 4165 4165 4165 4165 4165 4165 4165 4185 4185 4165 4165 3944 4144 4165 4165 4165 4145 4965 4965 4985 4985 4965 4985 6227 7aeb 938d 9c0f 9c0f 8bae 730c 6acb 732d 7b6e 7b8f 7bb0 738f 736f 736f 73b0 73d1 7bf2 7c12 7c12 7c12 7bf2 73b1 6b90 7bb1 83d2 8412 83d1 8390 830e 932e b3d0 b3af b32d b2ca b2a9 aa89 a248 9a27 9a07 8a08 81e8 81c8 81c8 81e7 89e7 91c6 91a6 91e7 9a69 9a8a 9a8a 9a8a a2ab a2ab a2cb aaec aaec b30c b30c b30c b2ec b2ec b2cb 9a28 7945 68a2 6882 70a2 6882 6041 6041 70a2 70a2 6082 68a2 6082 6082 6882 6882 6882 6882 6881 6881 6081 68a2 68c2 68a2 68a2 68a2 70c3 7924 8185 89e7 9a48 9a68 a2a9 a2aa a28a aaab aacb b30b b34c b34c b34c ab0b a30b a30b a32c b38e d4b4 edf9 ee1a c4f6 8b50 72ce 7b70 8c13 8413 73d1 73d1 7bf2 83f3 8bf4 8414 8c34 8c34 8c33 8c32 8432 8c52 9472 9cb3 9cb3 a4b3 acb3 acd4 b4f4 bcf5 bd15 b536 b536 ad15 a4f5 a515 a4f5 a4f5 9cf5 9cd4 9cb4 9493 9473 9453 9c53 9c53 9c53 9c32 9c32 9c52 9c52 9c52 9c32 9c72 a4b3 a4d4 a4d4 9c72 8c11 83af 734e 734f 7b6f 7b6f 736f 738f 73b0 73d0 73d1 7390 7370 7b70 8391 8b91 8350 
5228 628a 5a48 4144 3902 3903 3103 3124 3924 3104 30e3 30c3 30a2 38a2 38a3 3082 2861 3081 28a1 28a1 30c2 30c2 30c2 30c1 28a1 2880 30c0 38c0 38e1 4101 5983 7225 8ac7 9b49 ab8a ab89 b389 bbaa bbcb b3ab a38b abcc b3ec abcc ab8b a349 a36a b3eb b42b bc6c b44b b44b bc6c bc8d bc6c ac0c a3eb ac2c bcaf b48e 9bac 7ac8 6205 4943 30c2 28c2 30c2 30e3 3103 3924 3944 3944 3924 3924 4145 4165 4145 3945 4145 4145 3944 3944 3964 4164 4145 4165 4165 4165 3945 4145 4165 4165 4165 4165 4165 4165 3964 3964 4165 4165 4165 4165 4165 4165 4165 4165 4165 4165 4165 4165 4145 4165 4165 3965 4165 4165 4165 4165 4165 4165 4145 4165 4165 4165 4986 4986 4165 4165 4165 4164 4165 4144 4144 4165 4165 4144 4144 51c5 72a9 832b 93ae a430 8bae 7b2c 7b6d 7b8d 6b2c 630c 736f 83f1 7bf1 7bd1 73b1 73b1 73b1 73b1 73b1 73b2 73b2 7bd2 73d1 7bf1 7bf1 7bd1 7bb1 7350 93b1 b474 b432 a36e b32c bb0b c32b baeb baea b2eb a2eb 9aeb 9aec 9aec 9aec a2cb aaca aaa9 a2a9 aaeb ab0d aaed ab0d ab0d ab0d ab0d ab0c ab0c b32c ab0c b30d b30c bb4d bb4d a28a 8186 70c4 70c3 70c3 70a3 6862 6041 6061 68a2 68c2 68c2 68c2 68a2 68c2 68a2 68a2 68a2 68a2 68a2 68a2 6882 6862 6081 6081 60c1 68e2 7124 7985 89e6 9248 9a89 9aaa aacb b2ed b2ed b30d b32d b32d ab4c a36b a34a a34a a32a a30b a30b b34e e4d5 fdd9 ed58 bc13 9330 8350 83d1 8432 7c12 6c11 7432 8413 8bf4 8414 8414 8434 8433 7c12 7c11 8432 8452 8c52 9452 a472 ac92 ac92 b4b2 bcf3 bd14 bd35 bd56 bd76 b576 ad75 ad76 b576 b577 b556 b536 ad16 acf5 acd4 a4d4 a4b3 a493 a493 a472 9c52 9c52 9c31 9c32 9c52 9c72 9c52 9432 8c11 83d0 736e 6b4e 736e 7bb0 7bb0 7bb0 73d0 73d0 73b0 73b0 7390 7370 7b50 8350 8371 8351 
5208 6aaa 6269 4144 3903 38e3 28c2 30e3 3924 3924 3104 30c3 30a2 38a2 38a2 3082 3082 38a2 30a2 30a2 30c2 30c2 30a2 28a1 28a1 2880 2880 38e1 4142 51a3 6a05 7245 7a65 8265 8a86 9ac7 a328 bbaa c40c bbec abac abac b3ec b40d b3ec a38a a369 abaa bc2b c44c bc2b b40b b42b b42c b42c b42c b44c b46e b46d a3ec 8b29 7267 59c4 51c5 49a6 3924 30c3 28a2 28c2 30e3 3103 3103 3904 3904 3904 3924 4165 4165 3944 3944 3965 3944 3964 4164 4145 4165 4165 4165 4165 4165 4165 4165 4165 4165 4165 4165 4165 4165 4165 4165 4165 4165 4165 4165 4165 4165 4165 4165 4165 4165 4165 4165 4166 4166 4165 4166 4165 4165 4165 4165 4165 4165 4165 4165 49a6 4165 3904 3924 4165 49a6 4985 3924 3924 4165 4165 4144 3903 4143 6206 6a88 72a9 7aeb 836d 8bcf 8bef 7b8e 732e 6b4e 738f 7bd1 7bd1 7bd2 7bf2 7bd2 7bd1 73d1 7bd2 7bd2 7bf2 83f2 83f1 83d1 8bf1 8bf2 83d2 7b71 93f2 b4d5 b473 ab8f b34c c32a c32b c30a c2ea baeb ab2d ab2e a34e ab4e ab4e ab2d b32b b2ea aaea ab0c ab2d ab0d ab0d ab0d ab0d ab0d aaec aaec aaec aaec aaec aaab b30c c38e b2ec 91e8 7925 7925 7924 70e3 6882 6041 6061 68c2 68e3 68e3 68e3 68c3 68c2 68a2 68a2 68a2 68a2 68a2 68a2 68a2 68a2 68c3 7103 7124 7145 7145 7165 7186 79a6 81e7 8a08 926a aaac aaac 9a8b 9a8a 9aab 9b0b 9b4b a38b a38c a36c a34c a30c aaec b34f d453 ed58 f599 ccd6 93d2 7370 6b90 6bf1 6432 6412 7bb3 8393 7b93 7b92 73b2 73b1 6bd0 6baf 6baf 73cf 73ae 7bae 940f a430 ac51 b472 bcb2 bcd3 bd14 bd35 bd76 bd76 b596 b5b7 b576 b577 b576 b556 b556 b556 b556 b535 b515 b4f4 acd4 acb4 a452 9c31 a452 a473 9c72 9411 8bd0 83b0 7baf 7baf 7b8f 738f 734e 734e 7b90 7bd1 73d0 6b8f 6b8f 6b8f 7390 736f 7b2f 8350 8350 834f 
5a49 626a 6269 59e7 4123 30c2 30c2 30e2 3924 3924 3104 30c3 30a2 30a2 30c2 30c2 30c2 30c2 30c2 30c2 30c2 30a2 28a1 28a0 28a0 2880 30a0 4122 51a4 6a25 7a66 7a86 7a25 71e4 79e3 8245 9aa6 ab28 b3ab bbec b3cc abac b3cc bc2d bc2d b3eb a3aa a389 b3ea b3ea abea b40b b42b ac0a ac0b b42c b48d bc8e ac4d 9bab 82e8 6a26 4963 5184 51e7 4186 3924 30e3 28a2 28c2 28c2 30e3 30e3 3103 3103 3924 4144 4144 4144 4144 4145 4145 4145 3944 4144 4145 4165 4165 4165 4165 4165 4165 4165 4165 4165 4165 4165 4165 4165 4165 4165 4165 4165 4165 4165 4165 4165 4165 4165 4165 4165 4165 4165 4165 4166 4166 4165 4165 4165 4165 4165 4165 4165 4165 4985 4145 3904 3904 4165 49a6 4965 4144 4124 4165 4965 4144 4144 4164 51a5 59e6 51e6 5a07 7b2b 9c30 8bef 838e 7b8e 83d0 7baf 736f 738f 7bd1 8412 8412 7c12 7bf2 73d1 73f2 7c13 8454 8c54 8c34 8c54 9454 8c34 7b91 8bb1 b4b4 bc93 b3d0 b34c bb2b bb2b b2ea b2eb b30c aaed a30d ab2e ab2e ab2d ab0c b2ea aaa9 aaaa aaeb ab0c a2ec ab0c aaec aaec aaec aaec aaec aaec aaec aacc a2ab aaec bb4d bb2c a249 8186 8145 8985 8145 70c3 6882 6882 68a2 68a2 68c2 68c2 68a2 68c2 68c2 68a2 68a2 68a2 70a2 68a2 70c3 7904 7924 8145 8165 8185 8165 7964 7944 7944 7965 7964 89c7 a24a a24a 9a29 9a49 9a69 9289 9ac9 9aea a30a ab2b ab0b ab0c aaec 9a8b a2ed cc53 f599 edda bcf5 8bd1 736f 73b0 73d0 6b90 7351 7331 7351 7371 6b50 6b50 636f 636f 636f 6b6e 6b4e 734d 83af 93cf 93d0 9bf1 a431 ac72 b4d4 b535 bd56 bd76 bd96 bdb7 b596 b556 b556 b556 b556 b556 bd56 bd56 bd35 b4f5 acd4 ac93 9c52 9c11 9c52 9c52 9432 8bd0 7b8f 7b8f 738f 7b8f 7baf 7baf 734e 6aed 734f 7b90 6b8f 636f 6b6f 73b0 7bd1 7bd1 7b71 7b50 7b30 7b50 
730d 5a09 6228 7aea 5185 3080 3902 3923 3923 3103 3103 28c2 2881 28a1 3103 3103 3103 28e2 28e1 28c1 28c0 28a0 2880 3080 38a0 40a0 48e0 5962 69c3 7225 8266 8a66 8245 8225 8225 8225 8a46 9266 9287 a309 b38b b38c bbec bc0c bbec b3cb aba9 a3a9 abc9 ac0a ac2a b44b b44b b46b ac2a a3ea a42b ac6c ac4c 9baa 7aa7 61e4 5183 4963 4164 4986 49a6 4165 3904 28a2 28a2 30c2 3903 3924 3924 3924 3924 3903 3904 3924 4145 4145 4144 3924 3924 4144 4165 4986 4165 4165 4165 4165 4165 4165 4165 4165 4165 4165 4165 4165 4165 4165 4165 4165 4165 4165 4165 4165 4165 4165 4165 4165 4165 4165 4165 4165 4165 4165 4165 4165 4165 4165 4165 4165 4165 4144 4144 4144 4165 4165 4165 4165 4144 4144 4944 4145 4165 4185 4165 4185 51e7 6289 7b2b 8bcd 8bcd 8bac 8b8d 8bad 838d 7b4c 7b8d 83af 8410 8c32 8432 73f1 6bb1 6bd2 7434 8cd7 8d18 84d8 7c97 8497 8c55 7b91 8370 ac52 bcb3 c472 bbef bbaf b36e ab0c ab2d ab4d 9acc a2cc ab0d aacc aaec b2ec aa89 aa89 aaca b32c b32c ab0b ab0b aaeb aaeb aacb b2cb b30c bb2d b30c aaec aaec aacc aacc bb2d aacb 89a7 7925 8966 99c7 8945 80e4 8104 7082 6040 6060 6860 6861 70c2 70e3 70e3 70c3 70e3 70e3 70c3 7904 8945 8944 8944 8944 8944 9144 8944 9144 9144 9143 8943 9184 a207 aa28 aa48 b269 aa68 aa48 a227 9a06 9a07 a227 a248 aa89 aaca aaca a2aa a2eb c3ef e534 ed76 d4f4 bc31 b3f0 a38f 8b0d 7aee 7b30 8391 7b91 7370 6b50 6b90 73d1 6bd1 6bb1 6b90 6b90 6b8f 736f 736f 7b8f 83b0 9411 a472 b4d3 bd35 cd76 cd96 cdb6 cdb7 cdb7 c596 c576 bd56 bd36 bd15 bd15 b4f5 acb4 ac73 a432 9c11 9bf1 93f1 93f0 8bb0 83af 7b8f 7b8f 738f 7b8f 7baf 7bd0 7b8f 732e 734f 734f 736f 6b70 73b1 7bf3 8454 8434 7bd3 7331 7310 7b51 
7b6e 5a29 5a08 7aea 59c5 38c1 3902 3902 3103 3123 28e3 28a2 28a2 28c2 28e2 2903 2902 28e2 28e1 28e1 28c0 28a0 2880 30a0 40c0 4901 5942 6183 69c3 7a04 8245 8a45 8a46 8a25 8a25 8a25 8a45 8a25 8a25 9267 9ac9 a30a ab6a b3ab b3cb b40b b40b b40a abea a3e9 a3e9 a409 ac4a ac4a ac4a a42a ac2b b46c ac2c 9369 7265 59c3 59a3 5184 4964 4165 4165 4165 4145 3924 30e3 28a2 28a2 30e3 3924 4145 4144 3903 30e3 30e3 3904 3924 4144 3924 3924 4144 4145 4165 4165 4166 4165 4165 4165 4165 4165 4165 4186 4186 4166 4165 4165 4165 4165 4165 4165 4165 4165 4165 4165 4165 4165 4165 4164 4164 4164 4164 4164 4164 4164 4165 4165 4165 4165 4165 4144 4965 4965 4965 4965 4144 4144 4145 4965 4965 4144 4145 49a6 41a6 3965 3965 49c6 6288 730a 838c 93cd 93ed 93ac 8b8c 838c 838c 83ad 83ce 83ef 8410 7c11 7c12 7413 7434 7455 7c96 7c97 7c98 7498 7c77 8434 8391 8b90 a411 bc72 cc92 d492 cc11 b38e ab2d ab2d a30d 9aac a2cd ab2d aaec aaec b2cb a249 aa89 bb2b c36c b34b ab0b aaeb b2eb b2eb b2cb b2cb bb0c bb2d bb0d b2ec b2ec aacc a2ab bb4d b2ec 89c7 7904 8945 a1e8 9166 8904 9125 80c3 7081 7082 6861 6840 6861 6861 6881 6881 78c2 78e3 70a2 8124 91a5 8964 8923 8923 8903 9123 9964 9984 9963 9943 9943 9123 9143 9985 a1e6 aa27 b268 baa9 bac9 baaa b2a9 aa89 aa68 aa69 a289 a2a9 a2a9 9a89 ab0b c3ef dcb2 f576 fe39 fe18 c452 92ed 8b50 8bb2 83b2 8392 7b92 73b2 73f2 73f2 6bb2 5b70 5b50 5b50 6370 6b70 736f 7b70 838f 8bd0 9c10 ac51 b4b2 c514 cd54 d595 d5d7 d5d8 d5b7 cd77 cd56 c536 c515 bcd5 b4b4 ac73 a432 9bf1 9bd1 9bd1 93d0 8bb0 838f 838f 7b8f 7b8f 7b8f 7baf 7baf 7bcf 83d0 8bf1 8bf1 83d1 83d1 7bb1 7391 6b92 6bb2 73b2 73b2 7372 7331 7310 
7b2d 628a 5a28 6228 6227 51a5 3902 28c2 30e2 3124 3103 28c3 30c2 30c2 28a2 28a2 28c1 28c2 30e2 30e1 30e1 30c0 30a0 38c0 4901 5142 61a3 69c4 7204 7a05 8225 8225 8225 8205 8205 8a25 8a25 8a26 8a26 8a46 8a67 9267 92a8 a309 ab8a bbec bc4c bc4c b42b abc9 9b88 a3a9 a3e9 a3e9 a40a ac4c b48d b46d 9bcb 7ac7 6204 51a3 51a3 59c5 51c6 4165 3924 4144 4985 49a6 4145 30c3 2882 2882 30e3 3924 3924 3904 30c2 28a2 30c2 30e3 3904 3924 3924 3944 4145 4145 4165 4165 4165 4165 4165 4165 4165 4165 4165 4165 4165 4165 4165 4165 4165 4165 4165 4165 4165 4165 4165 4144 4144 4144 4165 4165 4165 4165 4165 4165 4165 4165 4165 4164 4165 4165 4165 4165 4164 4164 4965 4145 4165 4165 4165 4165 4144 4165 4185 41a6 4185 4165 4185 49c6 6288 7b2b 93cd 940e 93ed 8bad 838d 83ad 83ce 83ef 83cf 7bd0 7bf1 8433 8c94 8495 7c74 6c14 63f4 6c15 7456 7c56 7c14 83d2 93f2 a412 a3d0 bc52 ed76 d492 ab4d ab4d ab2d a2ec 9aab a2ec b34d ab2d ab0c a2ab 9a08 aaaa cbae c3ae b34c ab0b aaeb aaeb aaeb b2cb b2cb b2ec b30d b30c aaec aaec aaec aacb bb4d aaeb 89c7 7924 8965 99a7 9145 88e4 8925 8904 8103 8123 78e2 6881 6020 5820 6040 6861 70c2 70a2 6881 70e3 8964 8944 8944 8944 8944 8944 9144 9143 9143 9143 9163 9123 80e2 8903 8944 9184 a1e6 aa48 b2a9 baea bb0b baea b2ea b2ca b2ca aaca aaeb ab0b ab2c a30b ab2c cc72 fe39 fedb dd76 a3d0 93b1 8bb2 8371 7b70 7b91 7bd2 7bf2 73d1 6b90 634f 634f 6b90 73b1 7bd1 7bb0 83b0 83b0 838f 8b8f 8baf 9c10 a472 b4d3 bd34 bd76 c597 c577 bd56 bd56 bd15 b4f4 acb3 a472 9c52 9c11 93f1 93d0 8bd0 8bd0 83af 838f 7b8f 7b8f 738f 73af 7bd0 73d0 7bd0 83f1 8c11 8c12 8c12 8412 7bd1 6b70 6330 5b0f 6310 6b71 7bb2 7b71 6aef 
7b4e 72ec 5a49 51c6 6a89 6248 3102 28c2 3103 28e2 3103 3903 30e2 30a1 30a1 30a1 30a1 30a1 38c2 38c1 38c1 38a0 38a0 40c0 5122 69a4 71e5 7a05 7a05 8205 8205 81e4 81e5 81e5 8a05 8a25 8a26 8a25 8a05 8a26 9247 8a47 8a46 9287 9ae8 ab4a bbcb bc0c bc0b b3eb abca abca abca a3a9 a3ca b44c bc8e b44d 936a 7266 59a4 5163 5184 51a5 49a6 4986 4185 4185 4185 4185 4165 3924 30e3 30c2 28a2 30c2 3903 30e3 28a2 28a2 28c2 30e3 30e3 3903 3904 3924 3904 3924 3945 3965 3945 3945 3965 3965 4165 4165 4165 4165 4185 4185 4165 4165 4165 4165 4144 4164 4164 4164 4144 4144 4144 4144 4165 4165 4165 4165 4165 4165 4165 4165 4165 4165 4165 4165 4165 4165 4145 4145 4165 4165 4145 4165 4165 4165 4165 4165 4165 4185 4185 4185 4164 4165 51c6 6a89 834c 93ce 93ee 93ce 8bad 8bae 8bce 8bef 8c10 8c11 8c32 8c32 8c53 8453 7c33 73f3 6bf3 6c14 7455 7c75 7434 8433 8c53 9432 834f a432 ee39 d514 a36e a36e a34d a30c a2ec a30c ab2c ab2c ab2c 9aaa 8a08 ab0b d450 cc0f b38d ab2c a2eb aaeb aaeb aaeb aacb b2ec b30c b30c aaec aaec aaec aaec bb4c b2eb 91e7 8145 8945 91a6 9145 8904 9145 8924 8124 8944 8144 78e3 6881 6061 6881 70e3 7903 70e3 68a2 6061 6861 70e3 8965 91a6 91a6 8965 8123 80e2 8102 8923 9164 9164 8903 8903 8922 8102 8102 8102 8902 9164 99c6 aa47 b2a9 c30a cb8c cb8d c36c bb4b b32b aaea 9a88 9a89 b36c d4b1 f595 dd14 9b6f 82ed 832e 832e 834e 838f 83af 7bb0 7bd0 8411 94b4 a515 9cd4 9473 8c53 8c12 83d0 7b8f 736e 734e 7b8f 83f0 8c51 9492 94d3 94d3 9cf4 9cf4 9cd4 94b3 9492 8c52 8c31 8411 83f0 83f0 7bf0 7bf0 7bd0 73d0 73af 6baf 6bb0 6bd0 6bd0 6bd0 6bf0 6bf0 73f0 7bb0 7390 738f 7390 7390 73b0 7390 6b70 6b50 7370 83b1 8391 8350 
7b4e 7b2e 626a 51a6 72a9 6aa9 3923 28e2 3103 28c2 3103 3923 3902 30c1 28a1 30a1 30c2 30c2 38c1 38a1 38c1 38a1 38c0 4902 5963 7205 8246 7a25 7a05 8205 8205 81e4 81e5 81e5 8a05 8a26 8a26 8a05 8205 9247 9267 9247 8a26 8a46 8a66 9aa7 a308 ab69 b3ea bc0b bc2c bc2c b3eb a3aa a3aa b40c b46d a3ec 8b08 6a25 51a4 5184 5183 4964 4164 49a6 51c7 49a6 4165 4144 4165 4985 4986 3924 28a2 2061 28a2 28c2 28c2 30e3 30e3 30e3 30e3 30c2 30e3 30e3 30e3 3923 3944 3944 3944 3944 3944 3965 4165 4165 4185 4185 4185 4185 4185 4185 4165 4165 4165 4165 4164 4164 4164 3944 3944 3944 4165 4165 4165 4165 4165 4165 4165 4165 4165 4165 4165 4165 4165 4165 4165 4145 4945 4945 4145 4165 4165 4165 4165 4165 4165 4165 4185 41a6 4185 3944 3964 49a5 6a69 832c 8b8d 93ee 93ce 8bce 8bce 8c10 9451 9472 8c72 8432 7c11 73f1 7c12 7c54 7c75 7434 7476 7476 7c54 8474 8c74 8c32 730d 9bf1 f659 e576 abaf a36d a32d ab2d ab4d a30c a2cb a2eb ab0c 9aaa 8a28 b34c e4b2 d450 bbad ab0b a2ca a2cb aaeb aaeb aaec b2ec aaec b2ec aaec aaec aaec aaec bb4d b30c 9208 8165 8965 9186 8944 8924 9165 8924 8103 8944 8985 8965 7903 70e3 7903 8144 8165 7924 7903 6882 6040 6881 78e3 8124 8964 8944 8944 8943 8123 8123 8943 8943 8923 8923 9143 8923 8102 78a0 7060 7060 78a1 8923 99a5 a206 aaa8 c34b c38c bb4c b32b ab0b a2ca 9248 8a07 a2ca cc51 dd14 c493 ac32 9c11 8b8f 7b2d 730d 7b8f 8c72 ad55 c639 d6bb defc d6bc ce5a bdd9 ad36 9493 83f1 73af 736e 736f 738f 73af 7bcf 73ef 73f0 7c30 7c30 7c31 7c10 7c10 7bf0 73d0 73d0 73d0 73d0 73f0 73f0 73f0 73f0 6bcf 6bcf 63cf 63cf 63cf 63cf 63f0 63f0 6bb0 6b6f 6b4f 6b2e 6b4f 6b70 73d1 7bf1 7bd1 7391 7370 732f 7b4f 8b91 
736e 7b6d 6aeb 5a28 6248 6a68 51c6 3923 28c2 30e2 30e3 3103 4123 38e2 30a2 38e2 30c1 30a1 30c1 38c1 38c1 40e1 4922 5943 69a4 7a05 8246 8206 7a05 8205 8205 8205 8204 8204 8225 8a25 8a25 8a05 8a05 9226 8a46 9247 9246 8a46 8a26 8a26 9266 9ac7 a328 abca bc2b bc6c b42b abaa abcb ac0c abec 934a 7a88 61e6 59a4 5184 5164 4943 3944 4185 49a6 41a5 4165 4164 4185 49a6 4986 3944 3103 28a2 2061 2882 30c3 30e3 30e3 30e2 28c2 28a1 28a2 28c2 30e3 3103 3103 3103 3123 3124 3924 3944 4165 4185 3965 4185 41a5 41a5 4185 4185 4185 4185 4165 4165 4165 4165 4164 4144 4144 4144 4164 4164 4164 4165 4165 4165 4165 4165 4164 4164 4165 4165 4145 4145 4165 4165 4164 4164 4164 4165 4165 4165 4165 4165 3944 3944 4185 49c6 4985 4144 3903 3923 4984 5a47 732a 8bad 93ef 93cf 8bef 8bcf 8c10 9451 9473 8c52 7c11 7bd1 7c12 8474 7c74 7454 6c74 7475 7c54 8454 9474 9433 730e 93b0 e5f8 edf8 c472 ab8f a34d ab6d ab4c a30b 9aca a2ea a2eb 9a8a 9249 bb8e e4f3 d471 bbce ab2c a2cb a2cb aaec aaec aacb aacb aaec aaec aaeb aaeb aaec ab0c b32c b2eb 9a48 89a6 8986 9186 9145 8924 8944 8123 7903 7923 8164 8985 8164 8144 8144 8965 8985 89a6 91c7 8165 78e4 70c2 6881 6060 68a1 7902 8944 9185 9185 9164 8102 80e2 8102 8943 9184 99a5 99a5 9164 8122 78e0 78c0 78c1 70c0 78c1 7902 91c6 a268 aa88 aaa9 b2ea b32b ab0b a2ca a2cb 9aca abae d555 ddd7 cd55 bcd4 9c11 838e 7b6e 9431 b556 ce5a d69b d69c e6fd debc c5f9 a535 9493 8431 7bd0 7bb0 73af 73af 6b6e 6b4d 6b8e 73af 73af 73af 73af 73af 73af 6baf 73cf 73d0 73d0 7bd0 7bd0 7bf1 73d0 73d0 73d0 6bb0 6baf 6baf 6baf 63cf 63cf 63cf 6bb0 73b0 7370 736f 6b90 6b90 6b90 73b1 73b1 7391 7350 6aee 7b0f 8b70 
734f 7b8f 7b6e 6acb 5208 5a28 628a 3965 28c3 3924 30e3 30a2 4123 40e2 38a1 40c2 40a1 3881 40a0 48c1 50e2 5923 6164 71a4 71c4 8205 8226 8205 81e5 8a05 8a25 8a05 8a05 89e5 8a05 8a25 8a26 8a26 8a26 8a05 89e5 8a26 9246 9246 9226 8a25 8a25 9245 9aa7 a2e8 ab49 b3ab b3ec b3cc b3ed b40e a3ac 8ae9 6a27 59c6 59c5 51a5 4144 4165 4986 4165 3924 3944 4185 49c6 49a6 4185 4145 4145 4186 3944 28a2 28a2 30e3 30e3 30c3 30c3 28c2 28c2 28c2 28c3 28c2 30c3 30e2 30e3 3103 3103 3903 3924 3944 3944 4164 4164 4185 4185 4185 4185 4185 4185 4165 4165 4165 4165 4164 4164 3964 3965 4165 4165 4165 4165 4165 4165 4165 4165 4165 4165 4165 4165 4165 4165 4165 4165 4165 4165 4165 4165 4165 4165 4165 4165 3964 3964 4185 41a5 4185 4185 3943 3903 3903 4985 6248 72eb 836d 93cf 8baf 838e 8baf 8bf0 9431 9451 9451 8c51 8c31 8431 7c52 7c73 7453 7454 7474 7454 7c74 8495 6bb1 7bf2 bd98 e67a ddb7 b451 a36d a34c ab4b ab0a 9ac9 a2ea 9aa9 8a48 8a69 bc31 ed96 d4d3 b3cf ab4d a2eb a2cb aaec aaec aaec aacc aaec aaec aaec aacc aaeb ab0c bb4c b30c a269 91e7 91a6 9185 9144 9124 8944 8944 8103 70c2 7903 8144 8124 7924 7924 8165 8165 89c6 a289 a269 91e7 8186 70e3 6081 6061 68a2 70e3 8144 8965 8965 8164 8144 8943 9144 9164 99a5 a206 aa26 aa27 aa06 99a4 8902 78a0 7060 7080 7080 80e1 9184 a206 a247 aa88 bb2a cb8c c38c aa88 9a68 bbee dd13 edb6 fe58 edf7 c4f2 93ae 7b0c 834d 8baf 93f0 93f1 9c52 9c52 8bf1 7b90 734f 6b4f 6b6f 6bb0 73d0 73f1 6bf0 6bd0 73d0 7bb1 7bb0 7bb0 7b90 7b90 7bb0 7bb1 7bb1 83b1 7bb1 83d1 7bb1 7bb1 7bb1 7bb1 7391 7390 7390 7390 6b90 6b90 6bb0 6bb0 6b90 6b90 73b1 7bf2 73d1 6b90 6b4f 6b2f 6b4f 7b6f 836f 834f 830e 7acd 
734f 7b90 83b0 7b4d 5208 51e7 62aa 49e7 3124 3124 3103 30c2 40e2 40e2 40c2 40a1 4081 4081 40a1 50e2 6164 71a5 7a06 8206 8206 8205 8205 81e5 8a05 8a26 9246 9246 8a26 8a05 8a05 8a05 8a26 9226 8a26 8a05 81e5 8a06 9226 9226 9226 9226 9225 9225 9266 9266 9287 a2e9 ab6b b3ac bc0e bc2e a38c 82a8 61c6 5185 51a5 51a6 4144 4985 49a6 4165 3924 3944 4986 49c7 49a6 4165 3944 4165 49c7 49a6 3944 3104 30e3 28a2 2882 28a2 28c3 30e3 30e3 30e3 28a2 28a2 30e2 3103 30e3 3103 3103 3923 3924 3944 3944 3944 3944 3964 4165 4185 4185 4165 4165 4165 4165 4165 4165 4165 4165 4165 4165 4165 4165 4165 4165 4165 4165 4165 4165 4165 4165 4165 4165 4165 4165 4165 4165 4165 4165 4165 4165 4165 4165 4165 4165 4165 3964 3964 4185 4985 4165 3924 3904 4124 4986 59e8 6a8a 7b0c 836e 8bae 8bcf 8bcf 83cf 8c30 9c92 9cb2 9471 7bef 7411 8494 7473 6c54 7494 7454 7454 8495 7c34 7c12 a4f5 e65a f69a cd14 abce a32b a30a ab0a ab2a ab2b 8a68 71c6 828a ccb3 fe18 d4d3 b3ae ab4d a2ec a2ec ab0c aaec aaec aacc aaec aaec aaec aacc aaeb b30c b32c b30c aaaa 9a28 99c6 9185 9124 9123 8924 8924 78e2 6881 70c2 8144 8144 7924 7924 8144 7924 8186 aaaa aaca 9a49 9228 89e7 8165 7103 68c2 6882 6882 70e3 7924 8965 9185 9164 9164 9143 9143 9984 a1c5 aa26 b247 aa26 a1c4 9163 9163 9163 78a0 6840 78a1 8942 9184 91c4 a227 b2c9 bb0a bb0a aac9 9288 9b0a c44f edb5 fe98 fe78 d595 b492 9bef 8b8e 7b2c 6acc 6aed 730d 6b0e 6b2e 6b4f 6b70 6bb0 6bd1 6bd1 6bf1 6c12 6c12 7bf2 83f2 83b1 7b91 7b91 7b90 7b91 8391 83b1 83b1 83b1 83b1 7bb1 7b91 7b91 7b91 7391 7391 7391 7391 6bb1 6bb1 6b91 73b1 6b70 6350 73b1 7bf3 7bd1 6b70 632f 6b2e 736f 7bb0 8bb0 93b0 832e 728b 
734f 7b6f 83b0 838e 6a8b 5208 5a49 5a6a 49c7 28c3 3103 3924 3081 40c1 4903 40c1 40a1 48c1 5102 6164 71e5 8247 8267 8a67 8a47 8a26 8a26 8a26 8a26 9267 9267 9267 9246 8a05 8a05 8a05 8a06 8a26 8a26 8a26 8a26 8a06 89e5 8a05 8a05 8a25 9226 9246 9246 9246 8a46 8a66 9ac8 ab6b b3ed abed 9b4b 7248 59a5 4964 4965 5185 4965 4965 4985 4186 4165 4165 4165 4145 4165 4165 4185 4986 49a6 49c6 49c6 4185 3104 28a2 2881 2882 30c3 3904 3924 30e3 28a2 28a2 30e3 3103 30e3 3103 3103 3103 3103 3103 3103 3103 3103 3123 3944 3964 3944 3944 3964 4164 4164 4165 4165 4165 4165 4185 4165 4165 4165 4165 4165 4165 4165 4165 4165 4165 4165 4165 4165 4165 4165 4165 4165 4165 4165 4165 4165 4165 4165 4165 4185 4185 3943 3923 3944 4185 49a6 4985 4144 4124 4124 4145 4986 5a08 72eb 8b8e 93ef 8bcf 838e 83cf 9451 9c92 9471 7bf0 7c11 84b4 7c74 7474 7c95 7454 7454 8495 8475 7c13 9453 d5d8 f6bb e5b6 bc50 a34b 9ac9 ab0a b36b ab4b 8227 6985 8acb dd55 fe59 d4b2 b38e ab4d ab2c ab0c ab0d aaec aacc aaec aaec aaec aaeb aaeb aaec b30c b32c b30b aaca a248 99e6 9185 9144 9124 8924 8923 70c2 6840 70c2 8964 8965 8165 8144 8145 7103 7944 9a48 a28a a269 a28a a28a a269 91e7 8145 68c2 6061 6881 70c2 7903 8964 9165 9144 8943 8923 8923 9123 9163 9984 a1c5 aa05 aa26 b246 aa26 9163 80c1 7880 70a0 78e1 8143 8963 8163 8984 bb0a c38c 8a27 71a5 8a68 abae dd74 fe79 feda f679 ddf7 c555 ac92 93f0 7b4e 7b4e 8390 83b0 83d1 7bd1 7bd1 73d1 6bd0 6bd0 6bf1 7412 7bd1 7bb1 7b91 7b91 7b90 7b90 7b91 7b91 7b91 7b91 7b91 7b91 7b91 7370 7391 7391 7391 7391 73b1 73b1 73b2 73b2 73d1 73d1 6b91 6350 6b91 73b2 73b1 6b70 7370 7370 7bb0 83b0 838f 832e 830d 8b0d 
7330 7b70 8390 8390 7b4e 628b 49e9 62ab 5a2a 28a3 3904 4945 3040 40a1 5123 48e2 50c1 5902 6163 71c5 8246 8a87 9287 9287 9287 9286 9266 9266 9286 9aa7 9aa7 9a87 9246 8a05 8205 8205 8205 8205 8a25 9266 9266 8a25 81e5 81e4 81e4 8a05 9226 9246 9246 9247 8a27 8206 8a47 9aea a36c 932b 82a9 6a07 51a5 4965 4144 4185 4186 4165 3945 49a6 49c7 49a6 3945 3104 3925 4986 51c7 51c7 4165 4166 51c7 49a6 4125 38e4 30c3 30c3 30c3 3904 3904 30e3 2882 2882 30e3 30e3 30e2 30e3 30e2 30e3 30e2 30e2 30e2 30e3 30e2 30e3 3103 3923 3924 3924 3944 3944 3944 3965 3965 3965 4165 4165 4165 4165 4165 4165 4165 4165 4165 4165 4165 4165 4165 4165 4165 4165 4165 4165 4166 4166 4166 4166 4165 4165 4165 4165 4185 3964 3963 3943 3944 4185 49a6 4986 4965 4145 4124 4105 3904 4145 6229 832d 8bae 8b8e 838d 838d 8bce 942f 944f 8c0f 8430 8c72 8492 8493 7cb4 7c95 7474 7495 7cb6 7c75 8412 b556 e67a e5f7 ccf2 b3ac ab09 b329 b36a a32a 79e6 71a6 a3ae e5d8 fe59 cc92 ab6e b34d ab2d ab0d ab0d aaec aaec aaec b30c aaec aacc aacc ab0c b30c b32c b30b aaca aa69 9a07 9185 9144 9144 9124 8903 7081 6820 78e2 9185 91a5 8985 89a6 8985 7104 7103 89c7 a28a aacb aacb a2aa a28a 9a29 91e8 8986 7945 70e4 68c3 6882 68a2 78e3 8903 8944 9185 9164 9144 8923 9123 9963 a1a4 aa26 aa26 a1a4 a1a4 9984 88e1 7040 7060 9163 99c5 8943 80e1 a1c5 c30a aac9 8a07 81e6 9a89 bbce dcd2 e554 e555 dd55 dd76 e596 cd15 a3b0 8b0e 9370 9370 8b70 8370 7b90 7390 7390 73b0 6bf1 73f1 7390 7350 7370 7370 7b91 7b91 7b91 7b71 7b71 7371 7371 7b71 7371 7371 7392 7392 7392 7392 73b2 73b2 73b2 73b2 7bd2 73b2 7bd3 7bd3 73d2 7391 7391 7391 7bb0 83d0 83b0 834e 7aec 724a 82cb abd0 
7330 7350 7b90 8390 8390 6b0e 524b 522a 5209 4166 38e4 38c3 38a1 48a1 48e1 5102 5902 6143 71c5 8226 8a87 8a87 8a67 8a67 9287 9ac7 9ae8 9ac8 a2e8 a308 9ae8 9aa7 9266 8a05 81e4 81e4 8205 8205 8205 8225 8a25 8225 8a05 8a05 8a05 8a05 9226 9226 9226 9226 8a26 8a06 8a27 8a68 8269 7a28 69e7 61e7 59e7 4986 3945 3945 41a6 41a6 4165 4166 4186 4166 4145 3945 4166 4186 49a7 49a6 4166 4166 4166 49a7 51c7 51a7 4145 3904 28a3 30a3 30c3 30c3 28a3 28a3 28c2 28c2 28c2 28c2 28c2 30c2 28c2 28c2 28c2 28c2 28c2 28e3 30e3 3103 3103 3103 3103 3124 3944 3944 3965 3965 4165 4165 4165 4165 4166 4166 4165 4165 4165 4165 4165 4165 4165 4165 4165 4165 4165 4165 3965 3965 4165 4165 3965 3965 4165 4165 3964 3143 3964 4184 4164 4164 4145 4145 4965 4966 4966 4946 4145 4145 4986 6229 72cb 836d 8bce 8bce 8bad 83ac 8bed 944f 8c50 7c0f 8471 8cb3 7cb4 7cd5 7495 6c55 7cb7 84d7 8454 a4d5 d5d8 ee18 e594 cc4f b34a b309 ab09 9aa8 71c4 7a27 bc92 ee5a edf8 c452 ab6e b34e ab2d ab2e ab0d aaed aaec b30d b32d aaec aacb aaec b32d b32c b30b b2eb b2ca aa89 a207 9985 9144 9944 9124 88e2 7081 6840 78e2 9185 8964 8124 8985 91c6 7945 70e3 8186 a28a b32c b2ec a2aa 9a6a 9a49 9a29 9208 89e8 81a6 7945 7104 68a2 7061 78a2 8924 9165 9165 9144 9123 9123 9143 9984 a1c5 a9c5 a9c5 aa06 b226 a1c4 80c1 7860 80e1 9984 9184 80e1 8902 a1e6 b2c9 9a68 81c5 9247 a2ca ab2c ab6d b3ae cc71 dd15 e596 dd56 c4b4 b432 9bb0 8b0e 7ace 730e 734f 7bb1 7bd1 73f1 6bf1 6bb1 6b70 7351 7b92 83d3 83d3 83d3 83b3 83b2 8392 7b92 7b72 7b51 7b71 7b72 7b92 7b92 7b92 7b92 7b92 7bb3 7bb3 7bb3 7bb3 7bb2 7bd3 7bd3 6bb2 6b71 7391 7bd1 83f1 83d0 7b4f 7b0d 7acc 7aab 9b8e ccb3 
7350 7350 7b70 8390 8390 7b6f 62ac 41a8 49c7 6249 3904 2040 48e2 5102 50e1 6143 6984 71c5 7a26 8267 8a87 8a67 8a67 8a67 92a7 9ae8 a309 a309 a308 a308 a2e8 92a7 8a45 8205 8204 8205 81e5 8205 81e5 79c4 79e4 8204 8a05 8a26 9246 9226 9205 89e5 81e5 81e5 81e5 8206 8a47 8227 71e6 6185 5164 5985 59c6 49a6 4165 3945 4186 49a6 4186 4145 3904 3925 4166 49a7 49a6 4186 4145 4145 4986 4166 3925 4986 5a08 5a29 51e7 4166 30c3 2882 2862 2882 30e3 30e3 28a2 28a1 28a2 30c2 28c2 28c2 28c2 28c2 28c2 28c2 28c2 28c2 30c3 30e3 28e3 30e3 3103 3103 3924 3924 3944 3944 3945 4165 4165 4165 4166 4166 4165 4165 4165 4165 4165 4165 4165 4165 4165 4165 4165 4165 4165 4165 4165 4165 3985 3985 4165 4165 3944 3923 4184 49a5 4185 4164 3923 3924 4145 4986 5187 5186 51a7 51a7 4145 4125 51c7 72ca 8bad 93ee 8bad 836c 83ac 942f 8c50 7bcf 8451 84b3 7473 7cb5 7cb6 6c55 7cb6 84f7 8c74 a4d5 cd96 e5f7 e5b5 dcd1 c3ec b329 a2c8 9267 79c4 8aa9 d555 febb e5b7 bc31 ab4d b36e ab4d ab2d ab0d aaed aaec b30d b32d b2ed aacb aaec b32d b32c b30b b2eb b2ca aa89 a207 9985 9144 9944 9144 8923 78c2 6860 78e2 8964 7923 7903 8144 89a6 8165 7104 81a6 a2aa bb2d b30c aacb a2ab a26a 9a49 9229 91e8 89e7 89c7 91c7 8145 70a2 7882 80e3 8103 8923 9144 9164 9163 9163 9984 9984 a1c5 b226 b226 b246 ba67 a1c4 80c1 7080 80e1 9163 8922 8122 8984 9a27 9207 81c5 8a27 9289 9aaa 928a 92cb ab8e c452 c472 c493 dd36 d536 b453 9b90 7aee 72cd 730e 7b70 7bd1 7bf1 73f1 6bd1 7391 7bb2 83d3 8413 8c34 9434 8c14 83f3 7bb2 7b92 7bb2 7bb2 7bb2 7b92 7b92 7b92 7bb2 7bb2 7bb3 7bb3 73b2 73b2 73b2 73b2 73b2 7392 6b71 6b51 7391 7bd2 83d1 7b6f 72ed 72cc 8b4d ac10 c492 cc93 
8371 7b30 730e 7b2f 8bd1 83b0 5a8c 41a8 5a29 72ec 51c7 3061 40a1 5943 71c5 71c5 7a05 8226 8a66 8a66 8a66 9286 92a6 9ac7 9ae7 9ae7 9ac7 a2e7 9aa6 9285 9ae7 92a6 81e4 79c3 8225 9287 8225 7a04 8225 8204 8204 8204 8204 8224 8225 8205 8205 81e5 8205 81e5 81e5 8206 8247 7a27 69c6 5144 4902 40e2 4144 49a5 49c6 4185 3165 3965 4986 4945 4125 4125 4165 4986 4986 4165 4145 4145 4125 4145 4165 4165 4985 51c7 6208 59e8 4966 30a3 2041 2861 3904 4124 30c2 30a2 30c2 30c2 30c1 28a1 28a1 30c2 38e3 30c3 30c2 28a2 28a2 28a2 28c2 28c2 30e3 30e3 3103 3103 3103 3103 3124 3924 4144 4144 4145 4145 4145 4145 4144 4144 4165 4165 4165 4165 4165 4165 3964 4165 4165 4165 4165 3965 3985 3965 3965 3964 4164 4184 4184 49a4 41a5 4185 4165 4965 4986 51a7 5187 5187 51a7 4986 4124 3903 4144 59e7 72c9 836c 8bac 8bac 83ab 8bcc 8bcd 8bee 8c2f 8c51 7c52 7c94 84d6 84f7 84f7 7c96 8c95 ad16 cd96 d595 d533 d4d1 e4af c3ab a2c8 9ac9 8206 92ca e5d7 fedc e597 bc11 ab4d b36e ab4d ab0d ab0c aaec aaec b2ed b30d b2ed aaec aaec ab0c b30c b30b b2eb aaaa a248 99e6 9184 9143 9123 9123 8903 78c2 78a1 78e2 8944 8985 8965 8144 7924 7924 7965 91e7 a28a b30c b30c b30c b30c aaeb aaab a28a 9a49 9208 89c7 89c7 89a6 8965 7904 70a2 70a2 8104 8965 99a6 9985 9164 9164 9184 9984 9184 99a5 aa27 ba88 b247 9984 8102 78c1 80e1 8943 91a4 99c6 91c6 89a6 89c6 89a6 9248 9a89 9248 9249 9aaa a2ec ab2d bbaf cc31 dcb4 e536 dcf5 bc12 92ed 724a 6a4a 72cc 836f 8bd0 8411 8411 73f1 6bb0 73d1 7c32 8474 8474 7c12 6b90 6370 6bd1 7c33 7432 63d1 6bf2 6bf2 6bd2 6bd2 6bd2 6bd2 63d2 63b2 6bd2 6bb2 73b2 7bb3 7b92 7371 7b70 8390 8b90 832e 72cc 7aab 9b6d ccd2 cc91 a32c 
7b71 7b50 730e 730e 8bd1 8bd1 6ace 6acd 6a8c 5a09 5a09 6a08 69e6 71e6 7a06 8246 8266 8a86 8aa6 8aa6 8a86 92a6 9ae7 a308 9b07 9ac7 9ac6 9ae7 9286 9245 a2e8 9ae7 7a03 7203 8aa6 9b07 8265 7a24 8265 8265 8224 8224 8224 8224 8204 8a05 8a05 8a25 8205 8205 8225 8226 7a26 7a06 61a5 5144 38a1 3081 3902 4164 49c6 41a6 3944 3944 4144 4145 4145 4145 4145 4165 4966 4966 4145 4125 4124 4145 4966 4145 4125 4966 49a6 5a07 5a07 4986 3924 30c3 30a2 30a2 2881 30a2 30c2 38e3 30a2 2881 30a2 30c3 30e2 30e2 30e2 28a2 2881 2882 28a2 28a2 28a2 28a2 28c3 30e3 30c3 30e3 30e4 30e3 30e3 30c2 30e3 3103 3903 3903 3903 3903 3103 3923 3923 3923 3944 4165 4164 4165 3964 3964 3964 3984 4185 4185 4185 4185 3964 3963 4163 4164 4164 4164 4165 4965 4165 4144 4165 4145 4965 4965 4965 4144 4123 4964 5a06 72c8 836b 8bcc 93cc 838b 83ab 8c0d 8c2e 842f 7c31 7453 84d5 8d38 7cd7 7475 8475 a516 c577 d555 ccb2 d490 e4cf cc0c a308 9287 8205 9b2b ee59 fedc d515 b3d0 ab6e b36e ab2d aaec aaed aaed a2ec aaec aaec ab0c aaec aaec aaeb aaeb aaeb aaca aa89 a227 99c6 9165 9123 9123 8902 78c0 7080 70a1 78c2 8103 8965 8965 7903 70e3 7924 89a7 9a49 aaab b2cc b30c ab0c b32c b32c aaeb a2aa 9a49 9208 89e7 81a6 89a6 89a6 8125 70a2 7082 78e3 8144 8964 8964 8943 8943 9143 9143 8922 9163 99a5 aa27 b268 aa27 9985 80c2 7881 80c1 8943 8963 7923 7904 7945 7945 91e8 a28a 9a49 9229 9229 9208 9a4a aacc b32e c3b0 cc52 dcb3 d4d4 bc31 9b6f 82ac 726a 72ab 7b2d 8bf0 7c11 6bd1 63d1 6bf1 7433 7473 6c32 5bf1 5bb0 5bb0 6411 6c32 6c32 63f2 63f2 63f2 63f2 63f2 63f2 63f2 63f2 63f2 5bd1 5bd1 73f2 7bd2 7371 7351 83d2 8bd1 7b0e 6a8b 7aec 9baf bc51 c431 ab4d 924a 
8371 8370 7b4f 7b0e 8390 8bb1 7b90 8bd1 730d 4967 5a08 938e abee 92c9 71e5 8246 8a87 8aa6 92a7 92c7 92c7 9ae7 9ae7 a308 a307 9ae7 9ae7 9ac6 9285 9265 a308 a2e8 8a65 8a45 92c7 9b08 8a66 7a25 8265 8245 8224 8224 8a24 8224 8a25 8a25 8a25 8a25 8225 8a26 8226 8226 79e5 6984 5123 48e2 40c1 38c2 3902 3923 3944 3964 3965 3965 4144 4145 4145 4965 4965 4965 4966 4966 4965 4965 4165 4145 4145 4145 4165 4145 4145 4986 5a08 6249 6229 4966 2861 2020 2881 30c2 30a1 30c2 30a1 30a1 30c2 30c2 30e3 30e3 30c2 28a2 28a2 28a2 28a2 28a2 28a2 28c2 28c2 28c3 28e3 30e3 30e3 30c3 28c2 28a2 28a2 30c2 30c2 30c2 30c2 30c2 30e2 30e3 30e3 30e3 3923 3944 3944 3944 3964 3964 3964 3964 4165 4165 4165 4165 3964 3923 3943 3943 3943 3944 4144 4124 4144 4125 4145 4125 4125 4125 4966 4986 4965 4164 4984 5a26 72e9 838b 8bcc 8bab 83ac 8bed 8bee 83ef 73f0 7412 7c74 84d6 7cd7 7c95 8494 9cb4 bd35 ddb6 ccf2 c40e d42d d42d ab29 81e5 79a4 b3ce febb f6bb c4b3 abcf ab6e ab6e ab2d ab0c aaec aaec aaec aaec aaec aaec aaec aaec aaec aaeb aaeb aaca a269 9a07 91c6 8964 8923 8903 8902 78a1 7080 70c1 7902 8103 7923 7903 7924 8165 89c7 9a48 a2aa aaeb b30c b30c b30c ab0c aaec aacb a28a 9a49 9a28 9208 9207 89c7 8186 8145 7903 70e3 70c2 78e3 8123 8944 8964 9144 8943 8923 8943 8943 9164 a1e5 b267 b267 a1e6 8923 7080 7080 78e1 7902 68a2 68a2 70e3 7104 89c6 9a69 9a69 9249 9a49 9208 89e8 9a4a a2ab a2ac 9aac ab2e c431 d4f5 cd15 b432 830d 6a6a 6a8b 732d 634e 636f 6bf1 7c53 7c53 6c11 63b0 63b0 6bf1 7412 6c11 63b0 63d1 6bf2 6bf1 6bf1 6bf1 6bf1 6bf2 6bf2 6bf2 6bf2 6bf2 6bd2 73d2 73b2 6b30 7330 83d1 8bb1 72ed 728b 938e c4d3 c4d2 9b2c 8228 92aa 
832e 832e 7b0d 7b0c 7b0d 836e 8bcf 838f 72eb 6a69 6a49 8b0b b40d a34a 8265 8265 8265 8a85 8a85 92a5 92c5 92c6 92c5 92a5 92a5 92a5 92a5 8a84 8a23 8224 9ac6 9ac6 8a44 8a44 92a6 92c7 8245 7a03 8224 8223 8203 8203 8203 8203 8203 8203 8203 8204 8204 8204 7a04 8225 79e4 6163 48e1 40c0 40e1 4101 4102 3902 3102 3943 4184 4184 4963 4963 4964 5184 5184 5185 5185 5185 51a4 51a4 51a5 4984 4964 5185 51a5 4984 4123 4123 51a5 6a47 7288 6227 4143 38c1 38c1 38c1 38c0 38c1 38c1 38e1 38e1 38e2 38e2 38e1 38c1 30c1 30c1 30c1 30c1 30e1 30e2 30e2 30e2 30e2 30e2 30e2 30e2 30e2 3903 3903 3903 3903 3903 3903 4123 4123 3923 4143 4143 4143 3903 30e2 3902 3923 3923 3923 3943 3943 3943 3943 3943 3943 4184 4984 49a4 4984 4984 49a5 49a5 49a5 51a6 4985 51a6 51a6 4965 4144 4165 4985 4984 4143 3942 49a4 6266 7b29 8baa 8beb 8bec 93ec 940d 8c0e 7bef 7410 7c72 8cd4 8cd5 84b5 8c94 9473 bd55 ee79 d554 ab8c ab4a c3ec b3ab 8a46 8246 bc4f fe9a f69a c4d3 b3ef ab8e ab8e ab4d ab2d a32c ab0c ab0d ab0d ab2d ab2d ab2c a32c a32c a32c a30b 9aca 9268 8a06 81c5 8184 8143 8143 8143 8123 8164 89c5 9206 89e6 81a5 8185 81a5 9228 9aaa aaeb ab2b ab4c b34c b34c ab4c ab2c a2eb a2ca 9a89 9a69 9a68 9a48 9a68 9228 8a07 89e7 89e6 7985 7123 7103 7943 8984 91c5 91c5 8984 8984 91c4 8984 8983 91c5 a246 a267 9a26 89c5 8143 8143 8184 89a5 8164 7944 7944 7944 89c6 9a48 9a68 9a47 9a48 9207 9206 9a27 a248 a268 a289 aaca b30b c3ce d470 d4b1 c450 a38c 7a68 61e6 6269 734d 83cf 8c50 8430 73ae 6b6d 6b8e 7c10 8451 7c10 73ae 73ae 7bef 7bcf 7bcf 7bcf 7bcf 7bcf 7bcf 7baf 7baf 7baf 7bd0 7b6f 7b2e 8bd0 93d0 834e 7acc 8b4d ac0f bc71 bc2f a36b 92a9 9a88 a2c9 
93af 8b6e 832d 830d 832d 836e 7b4e 72ec 7b2c 93ae 7aeb 7248 8ac8 ab49 a349 8a86 8264 8a84 8a84 92a5 92c5 92c5 92a5 9284 8a64 9284 8a84 8a64 8223 8223 92a5 9285 8223 8223 8a85 92c6 8245 7a04 8244 8223 8223 8222 8223 8223 8223 8223 8223 8224 8224 8204 8224 7a05 71c3 5921 40a0 38a0 38c0 40e1 38e1 30c0 28a0 30e1 4142 4162 4122 4122 4943 4963 4963 4963 4964 4964 4963 4963 5184 4963 4943 4964 51a4 5184 4123 38e1 4102 4963 59c5 6206 6226 59a4 40e1 38a0 38a0 38a0 38a0 38c1 38c1 38a0 30a0 3080 2880 30a0 30a0 30a0 30a0 30a0 30a1 30a1 28a1 28a1 28a1 28a1 28a1 28a1 30c1 30c1 30c1 30c1 30c1 30c1 38e2 38e2 3902 3902 3902 3902 30e1 28c1 28c1 28c1 28e1 28e1 28e1 28e1 30e1 30e1 30e1 30e1 3922 3943 4143 3943 4143 4143 4143 4144 4144 4144 4144 4144 4144 4144 4144 4143 4143 3922 3942 4162 49c3 6266 7b08 8bcb 93ec 93ec 8bec 8bed 7bce 73cf 7c11 8473 84b5 8cb5 8c93 8c31 b4f4 ee58 e5d6 b40e a309 a309 a309 8a67 a34b dd53 fe9a ee18 bc92 a3ae a36d a34c a32c a30c a2eb a2eb a2ec a2ec a2ec a30c a30c a30c a30c 9aeb 92aa 9268 8206 79a5 7163 7143 7943 7943 8163 89c5 9a47 a2c9 aaea a2c9 9247 9207 8a27 9a89 a2ea ab0b ab0b a30b ab0c a30b a2eb 9aca 9a89 9269 9248 9228 9227 9227 9227 8a07 8207 8a07 8a07 79c6 7124 60e2 6902 7963 81a5 89a5 7963 7943 8163 8163 7942 8143 8163 8183 8984 89a4 91e5 9206 9206 9226 9a48 9a27 89c6 8185 81a5 9206 8a06 8a06 9206 89e5 9206 9a27 91e5 9a06 a247 a247 9a07 9a47 ab0a cc0e dc90 cc4f b38c 8ac9 72aa 6b0b 736d 7bae 7bce 73ad 6b8d 73ad 7bee 842f 840f 73ce 73ce 7bce 7bce 7bce 7bce 7bce 7bcf 7baf 7baf 7baf 7baf 7b8e 838f 8b8f 8b6f 832d 832c 936d ac2f bc71 b40f 9b2b 92a8 9aa8 9aa8 9a88 
a411 9baf 8b4e 834d 8b8e 834d 6acb 6aec 838e 9bef 8b4c 6a27 69c4 9ac7 b3aa 9ae7 8a85 8a85 8a84 92a5 9ae5 9ae6 92a5 8a64 8a63 9284 92a4 9284 8a43 8a43 9284 9264 8223 8223 8a65 92a6 8a65 8a65 8a85 8a64 8a43 8a43 8a43 8a44 8a44 8a44 8a44 8a44 8a44 8a65 8245 71e3 6141 48c0 3880 3880 38a0 38a0 30a0 2880 2880 28a0 30e1 30e1 38e1 38e2 4102 4123 4123 4123 4122 4122 4122 4123 4943 4943 4122 4122 4942 4943 4123 4102 38c1 30c0 4102 5184 7287 6a47 4122 38a0 38a0 3080 30a0 38c0 38c0 3080 2860 2840 2860 2880 2880 2880 2880 2880 2880 2080 2080 2080 2060 2060 2060 2060 2860 2840 2840 2840 2860 2860 2860 2880 2880 2880 2880 28a0 28a1 28a1 28a1 28a0 28c1 28c1 28c1 28c1 28c1 28c1 28c1 28c1 28a1 28a1 28a0 28a1 28a1 28a1 28a1 28a1 30a2 30a2 28a2 28a2 38e3 4144 3903 30e2 3902 4163 4183 4162 4162 49a3 6286 838a 93cb 8bab 8bab 83cd 7bce 73af 73d0 7412 7c73 8474 8473 83f1 9c51 cd75 ee17 dd53 ab6b 8a46 8205 8a67 c44f fe58 feba dd96 ac10 9b6d 9b2c 9b2c 9b0c 9aeb 9acb 9acb 9acb 9aab 9acb 9acb 9aeb a2eb 9aeb 92ca 9289 8227 79c5 7164 7143 7123 7943 8164 89a4 9a27 aaea b32b bb6b b34b aaca 9a89 9a68 9aa9 a2ca a2ca 9aa9 9aa9 9aca 9aaa 9289 9269 8a28 8a07 8a07 8206 8a06 8a06 8a06 89e7 81e6 81e6 81e6 7985 6903 60c1 68c1 7102 7943 7963 7922 70e1 70e1 70e1 7922 7101 68a0 68a0 70e1 81a4 9226 9a67 9226 9206 a289 a269 89e6 81a5 81a5 89c5 81c5 81c5 89c5 89c5 89e5 9206 89a5 8984 89a5 8985 8985 89c5 9247 a2ea b38c c40e d4d1 d512 9c0f 6b2b 6b2c 6b2c 734c 7b8d 7bce 7bce 7bae 7bae 7bce 7bce 7bce 7bce 7bce 7bce 7bcf 7bcf 7bae 7bae 7bae 7bae 7baf 838e 93d0 93d0 72ac 6a8b 938e b4b2 bc91 9b8d 8aea 8ac9 9ae9 9aa8 9247 8a26 
a3ed 934b 8b2a 8b4b 832a 7ae9 72ea 7b0a 832b 7b09 7ac9 7a87 7a24 8a44 92a5 9ac5 92c4 8a83 8a63 9284 92c4 9aa4 9263 8a42 8a22 9263 9a83 9263 8a22 8a02 9243 8a23 81e2 81e2 8a23 9265 8a44 9265 9285 8a44 8a22 8a22 8a42 8a23 8a43 8a43 8a23 8a23 8a23 8a44 8244 71a2 5920 50e0 48e0 40c0 40a0 40a0 40a0 38a0 38a0 38a0 38c0 40e0 4100 4120 4940 4941 4961 4961 4961 4961 4941 4961 5161 5181 5181 4940 4920 4961 51a2 59c2 51a1 4940 4940 5181 6a45 7265 59c2 5140 4900 4100 4100 4920 4920 4100 38e0 38e0 3900 4120 4100 4100 4120 4120 3920 3900 3900 3900 3900 3900 3901 3901 38e0 38c0 38c0 38c0 38e1 38e1 38e1 3901 3901 3901 3901 3901 3901 3901 3101 3901 3101 3101 3101 3101 3101 3101 3101 3101 3101 3902 3902 3902 3902 3902 3922 3923 3923 3923 3923 3923 4163 4984 3943 3922 3963 49c4 51e4 49c4 4182 41a3 5a45 7329 8bca 8bcb 8beb 8c0c 840d 7bee 7bee 7c10 8471 8c92 8c92 8c51 9451 b4d3 de17 e5f6 b42e 8267 7206 930a d512 fe78 ee37 cd33 ac2f 9bad 9b6c 9b6c 9b4c 9b4c 9b2c 9b2c 9b2b 9b2b 9b2c 9b2c 9b4c 9b6d 9b6c 934c 8b0a 82c9 7a67 7a27 7206 7a06 8227 8a47 9288 a2e9 ab6b ab8b b3ac b3ac ab6b a34b 9b0a 9aea 930a 92ea 92ea 92ea 9b0a 92ea 92c9 92a9 8a88 8a67 8a67 8a67 8a67 8a67 8a67 8a67 8267 8247 8246 7a05 71c4 7183 6962 7162 7183 71a3 79a3 7162 6921 7161 79a3 7982 7142 6941 7183 8a25 9aa7 9ac8 8a46 8205 9a66 9a66 9224 8a04 8a24 8a24 8a24 8a03 81e3 81c2 89e2 8a02 9203 91e3 8181 8181 89c2 9a04 9a65 9a65 9a86 ab28 d48e ed72 ccd0 a3cc 934a 8309 8b4a 9bab a3ec 9bcc 938a 8b4a 8b6a 93ab 9bcc 93ab 9bcc 9bac 9bac 9bac 9bac 9bac 9b8c 9b8c 9b8c 9b8c 9b6c 934b 934b 9b8c ac0d b44e b40d a38a 9308 92a6 9ac6 a2e7 a2a6 9a45 
abec 9b6a 9b8b a3ec 8b29 8b29 9c0d 93ec 834a 8329 8329 9b89 abc9 92c4 8a62 ab67 b387 a326 a305 a325 ab46 ab26 a2e5 a2c4 a2c4 aae5 ab26 aae5 a2c4 a2c4 a2c5 a2c5 a2a5 a2a5 a2c6 aae7 a2e7 aae7 ab07 aae6 a2c4 aac4 a2c4 a2c5 a2e5 a2e5 a2e5 a2e6 a2e6 a306 9ae6 9285 8244 8244 8264 7a44 7a24 7a24 7a24 7a45 7245 7244 7224 7244 72a4 7ac5 7ae5 7ae6 8306 8306 8326 8326 8326 8b27 8b47 8b47 8b47 8306 82e6 8326 9388 9ba9 9ba9 9388 8b47 8b47 9388 9bc9 a3c9 9b88 8b06 8ae6 8b06 8b47 8b47 8b27 8306 8306 8b27 8b68 8b68 8b69 8b89 8b69 8b89 8b69 8b69 8b69 8b89 8b89 8369 8b69 936a 936b 936b 936b 938b 938b 93ab 93ab 93ab 93ab 93cc 93ab 8bab 8b8b 8b8b 8bab 8bab 8bab 8bab 8bab 8bab 8bcb 8bcb 8bab 93cc 93ac 93ac 93cc 93cd 93cd 93cd 93cd 93cd 93ed 93ed 93ed 8bed 93ed 8bed 940d 942e 9c4e 9c4e 942d 940c 940d 9c6e acf0 bd50 bd51 c571 c592 bdd3 b5b4 ad94 ad74 b5b6 bdf7 c618 bdd7 bdb6 cdd6 e699 ee98 d593 b48f b46f c512 ee36 feb9 f698 de16 d5b4 c533 c532 c532 cd32 cd12 c512 c4f2 ccf2 c4f2 c4f3 c513 c513 c533 c533 c513 bd12 bcf1 b4b0 b490 b46f b46f bc6f bc90 c4b0 ccd1 ccf1 ccf1 cd11 d511 cd11 ccf1 c4d0 bc90 bc90 bc90 bcb0 c4d1 c4d0 c4b0 c48f c48f bc6f bc6e bc6e bc6e bc4e bc4e bc4d c46e bc8e bc6e b44d b42c b40c ac0c b3cb abab abaa b3aa b3cb b3ca ab89 abaa b3ca b3eb b3eb b3cb b3eb bc2c c46d c44d b3ec b3ab bbaa c3aa bb89 c3ca c3ea c3ea c40a bbc8 b387 b367 b366 b367 c3a8 c3a8 bb47 b326 bb46 bb67 c388 bb88 bb88 c3c9 d44b e4ee e530 d4ce bc0b ab89 abaa b40b bc4c bc2c b40b abca abeb b40b abeb abca abcb abcb abcb abcb abcb abab abab b3ab b3ab b3cb a349 9b09 b40d c4af bc4d b3eb abaa b3aa ab89 a327 ab07 b368 b348 aac6 
b44e abec b44e c4d0 a3cc a3ec c552 acb0 9c0d ac6e a42d b46d dd0e bbe9 a326 cc6a d4ab c429 c409 c409 c429 cc09 c3e8 bbc8 c3c8 cc09 cc29 c3c9 c3a8 c3c9 c3e9 c3c9 c3ea c3ea c3ea c3ea c3ea c3ea c40a c3e9 c3e8 c3e8 c3e9 c3e9 c3e9 c3e9 c409 c40a c40a c3ea bbeb bbeb bbeb c42c c44c bc4c bc2c b40c b42c bc4d bc6d b42c ac0c ac2c b48d b4ad bcad bcce c4ee c50f c52f c52f cd50 cd70 cd70 cd50 cd4f cd4f cd6f d570 d591 ddb1 ddb1 ddb1 d591 d590 cd4f d590 ee12 e5f2 d570 d54f d570 d590 d5b0 d5b1 d591 dd91 ddb2 ddf3 e613 e613 e613 e613 e634 e634 de34 de34 de34 de34 de34 de14 ee76 f697 f697 f677 f697 f697 f697 f697 f6b8 f6b8 f6b8 f6b8 f6d8 eeb7 eed8 eed8 f6d8 f6f8 eef8 f6f8 f718 f718 f718 f718 f6f9 f6d9 f6f9 f6f9 f6d9 f6f9 f6f9 f6f9 fefa fefa f6f9 f71a eef9 eef9 f73a ff9b ff9b ff7b f739 f739 ff39 ff5a ff7a ff7a ff79 ff59 ff58 ff7a ffbb f79c ef7c e75c ef9e f7df ffff ffdf ff9d ff7c ff5c ff3b fef9 fef9 ff3a ff3a ff3a ff5a ff5b ff7c ff7c ff5b ff1a ff1a ff3b ff1a ff1a ff1a ff1b fefb ff1b ff1b ff1b ff1a ff1a ff1a ff3a ff1a ff1a fef9 fed8 fed8 fed8 feb8 fed8 fed9 fed8 fed8 fed8 fed8 fef9 fef9 fed8 fe98 fe98 feb8 fef9 fef9 fed8 feb8 feb8 feb8 feb8 feb8 feb7 fe97 fe97 fe97 fe97 feb7 fed8 feb7 fe96 fe96 fe96 fe96 fe76 fe35 fe14 fe14 fe35 fe75 fe55 fe54 fe35 fe55 fe75 fe75 fe75 fe55 fe55 fe35 fe35 fe15 fdb3 fd92 fd92 fdd2 fdd2 fdd1 fe12 fdb1 ed4f f54f f56f f56f fd6f fd90 fdb0 fd70 f4ee e48d e4ad f50f f570 f550 e4ce d46d e550 ed92 cccf bc6d b44c bc4d c4ae c4ae c4ae c4ae bc8e bc6d b42c ac0c ac0c b40c ac0c b40c b3ec b3ec b3ec b3ec b3ec bbed ab8b a38b bc6e ccd0 c48e abeb abaa b3eb bbeb bbea bba9 c3aa c3a9 bb89